date,ticker,close,adj_close,volume,dividend,split
2022-01-03,AAPL,182.0099945068359,177.786376953125,104487900.0,0.0,1.0
2022-01-03,AMZN,3408.089904785156,170.4044952392578,3176000.0,0.0,1.0
2022-01-03,BA,207.86000061035156,207.86000061035156,9060200.0,0.0,1.0
2022-01-03,BAC,46.18000030517578,41.055877685546875,58587900.0,0.0,1.0
2022-01-03,CAT,207.0,190.99114990234375,2055600.0,0.0,1.0
2022-01-03,COST,566.7100219726562,537.92431640625,2714100.0,0.0,1.0
2022-01-03,CVX,119.26000213623048,98.72557067871094,10717700.0,0.0,1.0
2022-01-03,DIS,156.75999450683594,151.9887237548828,10222800.0,0.0,1.0
2022-01-03,GOOGL,2899.830017089844,143.62481689453125,1432300.0,0.0,1.0
2022-01-03,GS,395.3299865722656,352.06219482421875,3334300.0,0.0,1.0
2022-01-04,AAPL,179.6999969482422,175.53001403808594,99310400.0,0.0,1.0
2022-01-04,AMZN,3350.4400634765625,167.52200317382812,3536300.0,0.0,1.0
2022-01-04,BA,213.6300048828125,213.6300048828125,11414600.0,0.0,1.0
2022-01-04,BAC,47.9900016784668,42.665035247802734,74606700.0,0.0,1.0
2022-01-04,CAT,218.0800018310547,201.2142639160156,5242300.0,0.0,1.0
2022-01-04,COST,564.22998046875,535.5702514648438,2097500.0,0.0,1.0
2022-01-04,CVX,121.43000030517578,100.52194213867188,16413100.0,0.0,1.0
2022-01-04,DIS,155.72999572753906,150.99008178710938,16582000.0,0.0,1.0
2022-01-04,GOOGL,2887.9901123046875,143.03842163085938,1420000.0,0.0,1.0
2022-01-04,GS,407.4800109863281,362.8825073242187,3916400.0,0.0,1.0
2022-01-05,AAPL,174.9199981689453,170.86090087890625,94537600.0,0.0,1.0
2022-01-05,AMZN,3287.139892578125,164.35699462890625,3215100.0,0.0,1.0
2022-01-05,BA,213.07000732421875,213.07000732421875,11564700.0,0.0,1.0
2022-01-05,BAC,47.18000030517578,41.94491195678711,57791600.0,0.0,1.0
2022-01-05,CAT,219.75,202.7551422119141,5378200.0,0.0,1.0
2022-01-05,COST,549.9199829101562,521.9871826171875,2887500.0,0.0,1.0
2022-01-05,CVX,122.22000122070312,101.17591094970705,15487100.0,0.0,1.0
2022-01-05,DIS,155.19000244140625,150.46653747558594,12272100.0,0.0,1.0
2022-01-05,GOOGL,2755.4998779296875,136.47630310058594,2730900.0,0.0,1.0
2022-01-05,GS,398.6300048828125,355.0010070800781,3469600.0,0.0,1.0
2022-01-06,AAPL,172.0,168.00869750976562,96904000.0,0.0,1.0
2022-01-06,AMZN,3265.0799560546875,163.25399780273438,2597900.0,0.0,1.0
2022-01-06,BA,211.33999633789065,211.33999633789065,7142200.0,0.0,1.0
2022-01-06,BAC,48.130001068115234,42.789493560791016,52040900.0,0.0,1.0
2022-01-06,CAT,221.9900054931641,204.8218688964844,3913200.0,0.0,1.0
2022-01-06,COST,549.7999877929688,521.8733520507812,2503100.0,0.0,1.0
2022-01-06,CVX,123.26000213623048,102.03684997558594,13318500.0,0.0,1.0
2022-01-06,DIS,156.89999389648438,152.1244659423828,11095300.0,0.0,1.0
2022-01-06,GOOGL,2754.949951171875,136.44908142089844,1867400.0,0.0,1.0
2022-01-06,GS,396.9299926757813,353.487060546875,2960900.0,0.0,1.0
2022-01-07,AAPL,172.1699981689453,168.17474365234375,86709100.0,0.0,1.0
2022-01-07,AMZN,3251.080017089844,162.5540008544922,2330300.0,0.0,1.0
2022-01-07,BA,215.5,215.5,9526400.0,0.0,1.0
2022-01-07,BAC,49.18000030517578,43.72298812866211,59082600.0,0.0,1.0
2022-01-07,CAT,224.19000244140625,206.85174560546875,3673400.0,0.0,1.0
2022-01-07,COST,536.1799926757812,508.9451293945313,2323900.0,0.0,1.0
2022-01-07,CVX,125.02999877929688,103.50209045410156,14164600.0,0.0,1.0
2022-01-07,DIS,157.8300018310547,153.0261688232422,9554600.0,0.0,1.0
2022-01-07,GOOGL,2740.3399658203125,135.7255096435547,1488000.0,0.0,1.0
2022-01-07,GS,397.510009765625,354.0036315917969,2360700.0,0.0,1.0
2022-01-10,AAPL,172.19000244140625,168.19427490234375,106765600.0,0.0,1.0
2022-01-10,AMZN,3229.7198486328125,161.48599243164062,4389900.0,0.0,1.0
2022-01-10,BA,209.30999755859375,209.30999755859375,8229000.0,0.0,1.0
2022-01-10,BAC,48.93000030517578,43.500728607177734,66839500.0,0.0,1.0
2022-01-10,CAT,221.63999938964844,204.4989471435547,3734900.0,0.0,1.0
2022-01-10,COST,518.7999877929688,492.4479064941406,4916800.0,0.0,1.0
2022-01-10,CVX,125.11000061035156,103.5683135986328,12626100.0,0.0,1.0
2022-01-10,DIS,156.60000610351562,151.83360290527344,8672900.0,0.0,1.0
2022-01-10,GOOGL,2773.389892578125,137.36241149902344,2220400.0,0.0,1.0
2022-01-10,GS,399.1700134277344,355.4819030761719,3009400.0,0.0,1.0
2022-01-11,AAPL,175.0800018310547,171.01719665527344,76138300.0,0.0,1.0
2022-01-11,AMZN,3307.239990234375,165.36199951171875,3140300.0,0.0,1.0
2022-01-11,BA,216.02000427246097,216.02000427246097,8098400.0,0.0,1.0
2022-01-11,BAC,49.209999084472656,43.74966812133789,40454400.0,0.0,1.0
2022-01-11,CAT,219.9499969482422,202.93963623046875,2944300.0,0.0,1.0
2022-01-11,COST,522.030029296875,495.5137634277344,2457300.0,0.0,1.0
2022-01-11,CVX,127.97000122070312,105.93587493896484,14609000.0,0.0,1.0
2022-01-11,DIS,157.88999938964844,153.08433532714844,8042600.0,0.0,1.0
2022-01-11,GOOGL,2794.7198486328125,138.41883850097656,1436500.0,0.0,1.0
2022-01-11,GS,403.0499877929687,358.9372863769531,1748800.0,0.0,1.0
2022-01-12,AAPL,175.52999877929688,171.45677185058594,74805200.0,0.0,1.0
2022-01-12,AMZN,3304.1400146484375,165.20700073242188,2501500.0,0.0,1.0
2022-01-12,BA,217.4499969482422,217.4499969482422,9134500.0,0.0,1.0
2022-01-12,BAC,48.86000061035156,43.438499450683594,41378000.0,0.0,1.0
2022-01-12,CAT,222.3999938964844,205.2001495361328,2506900.0,0.0,1.0
2022-01-12,COST,525.7999877929688,499.09234619140625,1729500.0,0.0,1.0
2022-01-12,CVX,127.33000183105467,105.40606689453124,12469200.0,0.0,1.0
2022-01-12,DIS,157.8000030517578,152.9970703125,6995600.0,0.0,1.0
2022-01-12,GOOGL,2828.6099243164062,140.09735107421875,1305400.0,0.0,1.0
2022-01-12,GS,390.30999755859375,347.59161376953125,4158000.0,0.0,1.0
2022-01-13,AAPL,172.19000244140625,168.19427490234375,84505800.0,0.0,1.0
2022-01-13,AMZN,3224.2800903320312,161.21400451660156,2609400.0,0.0,1.0
2022-01-13,BA,223.8999938964844,223.8999938964844,17628000.0,0.0,1.0
2022-01-13,BAC,48.7599983215332,43.3495979309082,46337500.0,0.0,1.0
2022-01-13,CAT,227.0,209.4444274902344,5002300.0,0.0,1.0
2022-01-13,COST,516.8800048828125,490.62542724609375,2428100.0,0.0,1.0
2022-01-13,CVX,126.8000030517578,104.96731567382812,9691300.0,0.0,1.0
2022-01-13,DIS,155.44000244140625,150.7089080810547,9680600.0,0.0,1.0
2022-01-13,GOOGL,2771.7401123046875,137.2806854248047,1571800.0,0.0,1.0
2022-01-13,GS,390.7999877929687,348.0280456542969,2497800.0,0.0,1.0
2022-01-14,AAPL,173.07000732421875,169.05386352539062,80440800.0,0.0,1.0
2022-01-14,AMZN,3242.760009765625,162.13800048828125,2298700.0,0.0,1.0
2022-01-14,BA,225.9600067138672,225.9600067138672,8053500.0,0.0,1.0
2022-01-14,BAC,47.90999984741211,42.59390640258789,72953300.0,0.0,1.0
2022-01-14,CAT,228.94000244140625,211.23440551757812,3970600.0,0.0,1.0
2022-01-14,COST,502.989990234375,477.4410095214844,3872500.0,0.0,1.0
2022-01-14,CVX,128.9600067138672,106.7554168701172,13281000.0,0.0,1.0
2022-01-14,DIS,151.94000244140625,147.31544494628906,16832000.0,0.0,1.0
2022-01-14,GOOGL,2789.6099853515625,138.165771484375,1483100.0,0.0,1.0
2022-01-14,GS,380.94000244140625,339.2471923828125,4685300.0,0.0,1.0
2022-01-18,AAPL,169.8000030517578,165.85977172851562,90956700.0,0.0,1.0
2022-01-18,AMZN,3178.3499145507812,158.91749572753906,3364600.0,0.0,1.0
2022-01-18,BA,225.0099945068359,225.0099945068359,8930700.0,0.0,1.0
2022-01-18,BAC,46.2599983215332,41.12699508666992,65877400.0,0.0,1.0
2022-01-18,CAT,229.8699951171875,212.0924072265625,5411900.0,0.0,1.0
2022-01-18,COST,488.0700073242187,463.2789611816406,3801900.0,0.0,1.0
2022-01-18,CVX,129.3800048828125,107.10310363769533,12905500.0,0.0,1.0
2022-01-18,DIS,152.27000427246094,147.63540649414062,10419500.0,0.0,1.0
2022-01-18,GOOGL,2719.960021972656,134.71609497070312,1743600.0,0.0,1.0
2022-01-18,GS,354.3999938964844,315.6118469238281,13123500.0,0.0,1.0
2022-01-19,AAPL,166.22999572753906,162.37258911132812,94815000.0,0.0,1.0
2022-01-19,AMZN,3125.9799194335938,156.2989959716797,2662100.0,0.0,1.0
2022-01-19,BA,217.0800018310547,217.0800018310547,9382800.0,0.0,1.0
2022-01-19,BAC,46.439998626708984,41.28702163696289,84451800.0,0.0,1.0
2022-01-19,CAT,221.66000366210935,205.50975036621097,4991700.0,1.11,1.0
2022-01-19,COST,490.1600036621094,465.2626953125,2709400.0,0.0,1.0
2022-01-19,CVX,128.91000366210938,106.71401977539062,12064300.0,0.0,1.0
2022-01-19,DIS,150.11000061035156,145.5411376953125,10413200.0,0.0,1.0
2022-01-19,GOOGL,2702.330017089844,133.84288024902344,1432400.0,0.0,1.0
2022-01-19,GS,347.32000732421875,309.3067932128906,7426100.0,0.0,1.0
2022-01-20,AAPL,164.50999450683594,160.6924591064453,91420500.0,0.0,1.0
2022-01-20,AMZN,3033.3499145507812,151.66749572753906,3598700.0,0.0,1.0
2022-01-20,BA,214.19000244140625,214.19000244140625,7636800.0,0.0,1.0
2022-01-20,BAC,45.75,40.673583984375,46265300.0,0.0,1.0
2022-01-20,CAT,216.6300048828125,200.8462677001953,3545600.0,0.0,1.0
2022-01-20,COST,482.8200073242187,458.2955627441406,2893700.0,0.0,1.0
2022-01-20,CVX,128.4499969482422,106.33322143554688,11370400.0,0.0,1.0
2022-01-20,DIS,147.6199951171875,143.1269073486328,11760400.0,0.0,1.0
2022-01-20,GOOGL,2666.14990234375,132.05093383789062,1495400.0,0.0,1.0
2022-01-20,GS,348.1000061035156,310.0013427734375,4599900.0,0.0,1.0
2022-01-21,AAPL,162.41000366210938,158.6411895751953,122848900.0,0.0,1.0
2022-01-21,AMZN,2852.860107421875,142.64300537109375,8198600.0,0.0,1.0
2022-01-21,BA,205.44000244140625,205.44000244140625,11548500.0,0.0,1.0
2022-01-21,BAC,44.91999816894531,39.93567657470703,71303600.0,0.0,1.0
2022-01-21,CAT,214.08999633789065,198.4913024902344,3754700.0,0.0,1.0
2022-01-21,COST,481.6099853515625,457.14697265625,3295600.0,0.0,1.0
2022-01-21,CVX,126.91000366210938,105.05838012695312,13055700.0,0.0,1.0
2022-01-21,DIS,137.3800048828125,133.19859313964844,34491800.0,0.0,1.0
2022-01-21,GOOGL,2607.030029296875,129.12281799316406,2782600.0,0.0,1.0
2022-01-21,GS,343.9100036621094,306.2699279785156,4904100.0,0.0,1.0
2022-01-24,AAPL,161.6199951171875,157.86953735351562,162294600.0,0.0,1.0
2022-01-24,AMZN,2890.880126953125,144.54400634765625,7781200.0,0.0,1.0
2022-01-24,BA,204.1999969482422,204.1999969482422,13796500.0,0.0,1.0
2022-01-24,BAC,44.54999923706055,39.60673904418945,90672700.0,0.0,1.0
2022-01-24,CAT,214.3300018310547,198.71383666992188,5107300.0,0.0,1.0
2022-01-24,COST,488.8999938964844,464.066650390625,4412600.0,0.0,1.0
2022-01-24,CVX,127.18000030517578,105.28189849853516,19513700.0,0.0,1.0
2022-01-24,DIS,137.4600067138672,133.27615356445312,31419500.0,0.0,1.0
2022-01-24,GOOGL,2616.080017089844,129.571044921875,3831100.0,0.0,1.0
2022-01-24,GS,343.3900146484375,305.8070068359375,6569800.0,0.0,1.0
2022-01-25,AAPL,159.77999877929688,156.07225036621094,115798400.0,0.0,1.0
2022-01-25,AMZN,2799.7198486328125,139.98599243164062,4541200.0,0.0,1.0
2022-01-25,BA,204.1000061035156,204.1000061035156,8824500.0,0.0,1.0
2022-01-25,BAC,45.43000030517578,40.38909149169922,73555300.0,0.0,1.0
2022-01-25,CAT,214.30999755859375,198.69528198242188,4554300.0,0.0,1.0
2022-01-25,COST,477.3200073242187,453.0748596191406,3076800.0,0.0,1.0
2022-01-25,CVX,132.58999633789062,109.7603988647461,19984500.0,0.0,1.0
2022-01-25,DIS,136.50999450683594,132.3550567626953,14694400.0,0.0,1.0
2022-01-25,GOOGL,2538.699951171875,125.73851776123048,2348000.0,0.0,1.0
2022-01-25,GS,341.54998779296875,304.1682434082031,3959300.0,0.0,1.0
2022-01-26,AAPL,159.69000244140625,155.9843292236328,108275300.0,0.0,1.0
2022-01-26,AMZN,2777.449951171875,138.87249755859375,4780100.0,0.0,1.0
2022-01-26,BA,194.27000427246097,194.27000427246097,19974400.0,0.0,1.0
2022-01-26,BAC,45.900001525878906,40.806941986083984,63735800.0,0.0,1.0
2022-01-26,CAT,214.2899932861328,198.6767578125,3558500.0,0.0,1.0
2022-01-26,COST,483.4700012207031,458.9124755859375,3074900.0,0.0,1.0
2022-01-26,CVX,132.69000244140625,109.84317016601562,17266500.0,0.0,1.0
2022-01-26,DIS,133.60000610351562,129.5336456298828,14569900.0,0.0,1.0
2022-01-26,GOOGL,2584.6600341796875,128.01486206054688,2456500.0,0.0,1.0
2022-01-26,GS,342.67999267578125,305.17462158203125,3745900.0,0.0,1.0
2022-01-27,AAPL,159.22000122070312,155.5252227783203,121954600.0,0.0,1.0
2022-01-27,AMZN,2792.749938964844,139.6374969482422,3875800.0,0.0,1.0
2022-01-27,BA,189.75,189.75,12670100.0,0.0,1.0
2022-01-27,BAC,45.470001220703125,40.42465591430664,63402400.0,0.0,1.0
2022-01-27,CAT,212.1699981689453,196.71121215820312,3678100.0,0.0,1.0
2022-01-27,COST,482.5199890136719,458.0107116699219,2372300.0,0.0,1.0
2022-01-27,CVX,135.3699951171875,112.0617218017578,20654100.0,0.0,1.0
2022-01-27,DIS,135.4199981689453,131.29823303222656,11913900.0,0.0,1.0
2022-01-27,GOOGL,2580.10009765625,127.78900146484376,1597500.0,0.0,1.0
2022-01-27,GS,341.0299987792969,303.7052001953125,2573400.0,0.0,1.0
2022-01-28,AAPL,170.3300018310547,166.37747192382812,179935700.0,0.0,1.0
2022-01-28,AMZN,2879.5599365234375,143.97799682617188,3719600.0,0.0,1.0
2022-01-28,BA,190.57000732421875,190.57000732421875,10966700.0,0.0,1.0
2022-01-28,BAC,45.869998931884766,40.780269622802734,51048300.0,0.0,1.0
2022-01-28,CAT,201.16000366210935,186.50335693359375,10747300.0,0.0,1.0
2022-01-28,COST,492.4299926757813,467.4173583984375,1918500.0,0.0,1.0
2022-01-28,CVX,130.61000061035156,108.12130737304688,24817800.0,0.0,1.0
2022-01-28,DIS,138.6300048828125,134.41053771972656,10011700.0,0.0,1.0
2022-01-28,GOOGL,2667.0199584960938,132.0940399169922,1718100.0,0.0,1.0
2022-01-28,GS,347.010009765625,309.03076171875,3714600.0,0.0,1.0
2022-01-31,AAPL,174.77999877929688,170.7241668701172,115541600.0,0.0,1.0
2022-01-31,AMZN,2991.4700317382812,149.57350158691406,3915400.0,0.0,1.0
2022-01-31,BA,200.2400054931641,200.2400054931641,15504600.0,0.0,1.0
2022-01-31,BAC,46.13999938964844,41.020301818847656,44793700.0,0.0,1.0
2022-01-31,CAT,201.55999755859375,186.87423706054688,6179000.0,0.0,1.0
2022-01-31,COST,505.1300048828125,479.4723205566406,2480700.0,0.0,1.0
2022-01-31,CVX,131.3300018310547,108.7173309326172,16401800.0,0.0,1.0
2022-01-31,DIS,142.97000122070312,138.61843872070312,10185500.0,0.0,1.0
2022-01-31,GOOGL,2706.0699462890625,134.0281219482422,1999300.0,0.0,1.0
2022-01-31,GS,354.67999267578125,315.8612060546875,3312400.0,0.0,1.0
2022-02-01,AAPL,174.61000061035156,170.55812072753906,86213900.0,0.0,1.0
2022-02-01,AMZN,3023.8699340820312,151.19349670410156,2961000.0,0.0,1.0
2022-02-01,BA,208.33999633789065,208.33999633789065,12265100.0,0.0,1.0
2022-02-01,BAC,46.939998626708984,41.731544494628906,40326600.0,0.0,1.0
2022-02-01,CAT,205.3500061035156,190.3881378173828,4026400.0,0.0,1.0
2022-02-01,COST,508.4100036621094,482.5856628417969,2347200.0,0.0,1.0
2022-02-01,CVX,134.7899932861328,111.5815887451172,16169700.0,0.0,1.0
2022-02-01,DIS,144.49000549316406,140.09217834472656,8573300.0,0.0,1.0
2022-02-01,GOOGL,2752.879943847656,136.3465576171875,3432200.0,0.0,1.0
2022-02-01,GS,364.05999755859375,324.214599609375,3303700.0,0.0,1.0
2022-02-02,AAPL,175.83999633789062,171.7595672607422,84914300.0,0.0,1.0
2022-02-02,AMZN,3012.250061035156,150.6125030517578,4366500.0,0.0,1.0
2022-02-02,BA,207.52000427246097,207.52000427246097,7843700.0,0.0,1.0
2022-02-02,BAC,46.88999938964844,41.68709564208984,41125600.0,0.0,1.0
2022-02-02,CAT,204.94000244140625,190.00799560546875,3492300.0,0.0,1.0
2022-02-02,COST,522.02001953125,495.5044250488281,2547600.0,0.0,1.0
2022-02-02,CVX,135.41000366210938,112.09485626220705,10906700.0,0.0,1.0
2022-02-02,DIS,142.6199951171875,138.27908325195312,9529900.0,0.0,1.0
2022-02-02,GOOGL,2960.0,146.60496520996094,6160000.0,0.0,1.0
2022-02-02,GS,363.05999755859375,323.3240966796875,2742400.0,0.0,1.0
2022-02-03,AAPL,172.89999389648438,168.88780212402344,89418100.0,0.0,1.0
2022-02-03,AMZN,2776.910095214844,138.8455047607422,11276600.0,0.0,1.0
2022-02-03,BA,206.38999938964844,206.38999938964844,7054700.0,0.0,1.0
2022-02-03,BAC,46.43000030517578,41.27813720703125,35879900.0,0.0,1.0
2022-02-03,CAT,200.58999633789065,185.97494506835935,2748200.0,0.0,1.0
2022-02-03,COST,521.77001953125,496.0177001953125,2665100.0,0.79,1.0
2022-02-03,CVX,134.1999969482422,111.09318542480467,9447700.0,0.0,1.0
2022-02-03,DIS,140.02999877929688,135.76791381835938,9820600.0,0.0,1.0
2022-02-03,GOOGL,2861.7999267578125,141.74124145507812,3575900.0,0.0,1.0
2022-02-03,GS,358.8800048828125,319.6015625,2372900.0,0.0,1.0
2022-02-04,AAPL,172.38999938964844,168.60415649414062,82465400.0,0.22,1.0
2022-02-04,AMZN,3152.7899169921875,157.63949584960938,12672800.0,0.0,1.0
2022-02-04,BA,206.4499969482422,206.4499969482422,5952600.0,0.0,1.0
2022-02-04,BAC,48.279998779296875,42.922855377197266,60297100.0,0.0,1.0
2022-02-04,CAT,198.41000366210935,183.9537811279297,3930800.0,0.0,1.0
2022-02-04,COST,519.77001953125,494.1164245605469,2387400.0,0.0,1.0
2022-02-04,CVX,135.8800048828125,112.4839096069336,13034700.0,0.0,1.0
2022-02-04,DIS,142.02000427246094,137.69735717773438,8061100.0,0.0,1.0
2022-02-04,GOOGL,2865.8599853515625,141.9423370361328,2899900.0,0.0,1.0
2022-02-04,GS,367.6000061035156,327.3671875,3762300.0,0.0,1.0
2022-02-07,AAPL,171.66000366210938,167.8902130126953,77251200.0,0.0,1.0
2022-02-07,AMZN,3158.710021972656,157.9355010986328,5131200.0,0.0,1.0
2022-02-07,BA,211.9199981689453,211.9199981689453,11816900.0,0.0,1.0
2022-02-07,BAC,48.5099983215332,43.12733459472656,44824800.0,0.0,1.0
2022-02-07,CAT,199.82000732421875,185.2610321044922,2402000.0,0.0,1.0
2022-02-07,COST,515.8900146484375,490.4278869628906,1863600.0,0.0,1.0
2022-02-07,CVX,138.5500030517578,114.69416809082033,18422500.0,0.0,1.0
2022-02-07,DIS,142.50999450683594,138.1724395751953,10937500.0,0.0,1.0
2022-02-07,GOOGL,2784.0200805664062,137.8888702392578,2748700.0,0.0,1.0
2022-02-07,GS,368.1499938964844,327.8569641113281,2635600.0,0.0,1.0
2022-02-08,AAPL,174.8300018310547,170.99057006835938,74829200.0,0.0,1.0
2022-02-08,AMZN,3228.2699584960938,161.4134979248047,3802000.0,0.0,1.0
2022-02-08,BA,213.27000427246097,213.27000427246097,7356200.0,0.0,1.0
2022-02-08,BAC,49.380001068115234,43.90080642700195,49560500.0,0.0,1.0
2022-02-08,CAT,201.5,186.818603515625,2407100.0,0.0,1.0
2022-02-08,COST,521.1500244140625,495.42828369140625,1462000.0,0.0,1.0
2022-02-08,CVX,136.44000244140625,112.94745635986328,11021600.0,0.0,1.0
2022-02-08,DIS,142.47999572753906,138.14337158203125,9231700.0,0.0,1.0
2022-02-08,GOOGL,2787.9800415039062,138.0850372314453,2714200.0,0.0,1.0
2022-02-08,GS,370.1000061035156,329.5935363769531,3422300.0,0.0,1.0
2022-02-09,AAPL,176.27999877929688,172.4087371826172,71285000.0,0.0,1.0
2022-02-09,AMZN,3223.789978027344,161.1894989013672,3439300.0,0.0,1.0
2022-02-09,BA,215.86000061035156,215.86000061035156,7587700.0,0.0,1.0
2022-02-09,BAC,49.279998779296875,43.81189727783203,33861100.0,0.0,1.0
2022-02-09,CAT,203.6000061035156,188.76564025878903,2743700.0,0.0,1.0
2022-02-09,COST,528.8300170898438,502.7292785644531,2256700.0,0.0,1.0
2022-02-09,CVX,137.7899932861328,114.06502532958984,10140800.0,0.0,1.0
2022-02-09,DIS,147.22999572753906,142.748779296875,22877400.0,0.0,1.0
2022-02-09,GOOGL,2831.839904785156,140.25735473632812,2007200.0,0.0,1.0
2022-02-09,GS,374.5299987792969,333.5386657714844,2250400.0,0.0,1.0
2022-02-10,AAPL,172.1199951171875,168.340087890625,90865900.0,0.0,1.0
2022-02-10,AMZN,3180.0698852539062,159.0034942626953,3413400.0,0.0,1.0
2022-02-10,BA,218.75,218.75,11695900.0,0.0,1.0
2022-02-10,BAC,49.04999923706055,43.607421875,47082800.0,0.0,1.0
2022-02-10,CAT,203.07000732421875,188.2742462158203,3538500.0,0.0,1.0
2022-02-10,COST,518.47998046875,492.89007568359375,2558900.0,0.0,1.0
2022-02-10,CVX,136.0399932861328,112.61637115478516,11012700.0,0.0,1.0
2022-02-10,DIS,152.16000366210938,147.52874755859375,42500300.0,0.0,1.0
2022-02-10,GOOGL,2772.39990234375,137.31336975097656,1966500.0,0.0,1.0
2022-02-10,GS,370.5700073242187,330.0121765136719,2406200.0,0.0,1.0
2022-02-11,AAPL,168.63999938964844,164.9365234375,98670700.0,0.0,1.0
2022-02-11,AMZN,3065.870056152344,153.2935028076172,3855000.0,0.0,1.0
2022-02-11,BA,212.3000030517578,212.3000030517578,11443700.0,0.0,1.0
2022-02-11,BAC,47.91999816894531,42.60279846191406,61056000.0,0.0,1.0
2022-02-11,CAT,201.2400054931641,186.57757568359375,3826700.0,0.0,1.0
2022-02-11,COST,509.6700134277344,484.5149536132813,2349700.0,0.0,1.0
2022-02-11,CVX,138.80999755859375,114.90941619873048,12821200.0,0.0,1.0
2022-02-11,DIS,149.47000122070312,144.92059326171875,17975200.0,0.0,1.0
2022-02-11,GOOGL,2685.6500244140625,133.0167694091797,1997900.0,0.0,1.0
2022-02-11,GS,363.05999755859375,323.3240966796875,3142100.0,0.0,1.0
2022-02-14,AAPL,168.8800048828125,165.17123413085938,86185500.0,0.0,1.0
2022-02-14,AMZN,3103.3401489257812,155.16700744628906,4161500.0,0.0,1.0
2022-02-14,BA,210.0399932861328,210.0399932861328,6481400.0,0.0,1.0
2022-02-14,BAC,47.41999816894531,42.15827941894531,44791900.0,0.0,1.0
2022-02-14,CAT,199.88999938964844,185.32595825195312,2730500.0,0.0,1.0
2022-02-14,COST,506.55999755859375,481.5584106445313,1749600.0,0.0,1.0
2022-02-14,CVX,136.6699981689453,113.13790130615234,15945000.0,0.0,1.0
2022-02-14,DIS,150.85000610351562,146.25863647460938,14694700.0,0.0,1.0
2022-02-14,GOOGL,2710.52001953125,134.24853515625,1715100.0,0.0,1.0
2022-02-14,GS,360.239990234375,320.81268310546875,2585600.0,0.0,1.0
2022-02-15,AAPL,172.7899932861328,168.99537658691406,62527400.0,0.0,1.0
2022-02-15,AMZN,3130.2099609375,156.510498046875,2822000.0,0.0,1.0
2022-02-15,BA,217.72999572753903,217.72999572753903,10448500.0,0.0,1.0
2022-02-15,BAC,47.790000915527344,42.48722457885742,42397600.0,0.0,1.0
2022-02-15,CAT,203.41000366210935,188.5894470214844,2752600.0,0.0,1.0
2022-02-15,COST,513.9199829101562,488.5552062988281,1984600.0,0.0,1.0
2022-02-15,CVX,134.25999450683594,112.3097152709961,11746800.0,1.42,1.0
2022-02-15,DIS,154.72000122070312,150.0108184814453,12726000.0,0.0,1.0
2022-02-15,GOOGL,2732.1701049804688,135.32081604003906,1334000.0,0.0,1.0
2022-02-15,GS,363.94000244140625,324.1077575683594,1846400.0,0.0,1.0
2022-02-16,AAPL,172.5500030517578,168.76063537597656,61177400.0,0.0,1.0
2022-02-16,AMZN,3162.0098876953125,158.10049438476562,2635200.0,0.0,1.0
2022-02-16,BA,218.92999267578125,218.92999267578125,5698900.0,0.0,1.0
2022-02-16,BAC,47.68000030517578,42.389442443847656,36664600.0,0.0,1.0
2022-02-16,CAT,203.63999938964844,188.8026885986328,2253900.0,0.0,1.0
2022-02-16,COST,512.4000244140625,487.1102600097656,1770800.0,0.0,1.0
2022-02-16,CVX,134.3000030517578,112.3432159423828,11348800.0,0.0,1.0
2022-02-16,DIS,156.35000610351562,151.59121704101562,10656400.0,0.0,1.0
2022-02-16,GOOGL,2754.7601318359375,136.439697265625,1251100.0,0.0,1.0
2022-02-16,GS,360.04998779296875,320.6435241699219,2165300.0,0.0,1.0
2022-02-17,AAPL,168.8800048828125,165.17123413085938,69589300.0,0.0,1.0
2022-02-17,AMZN,3093.0499267578125,154.65249633789062,3201600.0,0.0,1.0
2022-02-17,BA,213.5800018310547,213.5800018310547,6176600.0,0.0,1.0
2022-02-17,BAC,46.06999969482422,40.95808410644531,49442400.0,0.0,1.0
2022-02-17,CAT,194.7400054931641,180.5511779785156,4699600.0,0.0,1.0
2022-02-17,COST,515.010009765625,489.59136962890625,2022800.0,0.0,1.0
2022-02-17,CVX,133.61000061035156,111.76600646972656,10073900.0,0.0,1.0
2022-02-17,DIS,152.9499969482422,148.29470825195312,8110300.0,0.0,1.0
2022-02-17,GOOGL,2650.780029296875,131.28968811035156,1947500.0,0.0,1.0
2022-02-17,GS,349.05999755859375,310.85638427734375,3102400.0,0.0,1.0
2022-02-18,AAPL,167.3000030517578,163.6259307861328,82772700.0,0.0,1.0
2022-02-18,AMZN,3052.030029296875,152.60150146484375,3180200.0,0.0,1.0
2022-02-18,BA,209.02999877929688,209.02999877929688,6973600.0,0.0,1.0
2022-02-18,BAC,45.959999084472656,40.86028289794922,37856500.0,0.0,1.0
2022-02-18,CAT,191.9499969482422,177.96441650390625,4385200.0,0.0,1.0
2022-02-18,COST,512.6699829101562,487.3668518066406,2154700.0,0.0,1.0
2022-02-18,CVX,133.4199981689453,111.6070785522461,10691800.0,0.0,1.0
2022-02-18,DIS,151.36000061035156,146.75308227539062,10785500.0,0.0,1.0
2022-02-18,GOOGL,2608.0599975585938,129.173828125,2281000.0,0.0,1.0
2022-02-18,GS,346.0400085449219,308.1668395996094,2910900.0,0.0,1.0
2022-02-22,AAPL,164.32000732421875,160.71139526367188,91162800.0,0.0,1.0
2022-02-22,AMZN,3003.9498901367188,150.19749450683594,3306400.0,0.0,1.0
2022-02-22,BA,198.7400054931641,198.7400054931641,10382100.0,0.0,1.0
2022-02-22,BAC,45.560001373291016,40.504669189453125,51905600.0,0.0,1.0
2022-02-22,CAT,191.2100067138672,177.27838134765625,3488000.0,0.0,1.0
2022-02-22,COST,502.1799926757813,477.39459228515625,2451800.0,0.0,1.0
2022-02-22,CVX,132.39999389648438,110.75381469726562,19428700.0,0.0,1.0
2022-02-22,DIS,148.08999633789062,143.5825958251953,12227200.0,0.0,1.0
2022-02-22,GOOGL,2596.2701416015625,128.58987426757812,2249500.0,0.0,1.0
2022-02-22,GS,344.2699890136719,306.590576171875,2590800.0,0.0,1.0
2022-02-23,AAPL,160.07000732421875,156.55470275878906,90009200.0,0.0,1.0
2022-02-23,AMZN,2896.5399169921875,144.82699584960938,3212200.0,0.0,1.0
2022-02-23,BA,196.4199981689453,196.4199981689453,7326300.0,0.0,1.0
2022-02-23,BAC,44.779998779296875,39.81121826171875,45704900.0,0.0,1.0
2022-02-23,CAT,186.6699981689453,173.06915283203125,3550400.0,0.0,1.0
2022-02-23,COST,495.260009765625,470.8161315917969,2021400.0,0.0,1.0
2022-02-23,CVX,135.5500030517578,113.38886260986328,16134200.0,0.0,1.0
2022-02-23,DIS,145.8699951171875,141.43017578125,9300700.0,0.0,1.0
2022-02-23,GOOGL,2551.7599487304688,126.3853530883789,1639300.0,0.0,1.0
2022-02-23,GS,341.19000244140625,303.8476867675781,2217300.0,0.0,1.0
2022-02-24,AAPL,162.74000549316406,159.16610717773438,141147500.0,0.0,1.0
2022-02-24,AMZN,3027.1600341796875,151.35800170898438,5039300.0,0.0,1.0
2022-02-24,BA,198.42999267578125,198.42999267578125,12207600.0,0.0,1.0
2022-02-24,BAC,43.599998474121094,38.76215362548828,80484800.0,0.0,1.0
2022-02-24,CAT,184.69000244140625,171.23341369628906,5919500.0,0.0,1.0
2022-02-24,COST,505.5799865722656,480.6268310546875,2859800.0,0.0,1.0
2022-02-24,CVX,134.85000610351562,112.80330657958984,22108900.0,0.0,1.0
2022-02-24,DIS,149.39999389648438,144.85276794433594,12475500.0,0.0,1.0
2022-02-24,GOOGL,2653.8198852539062,131.44024658203125,2722800.0,0.0,1.0
2022-02-24,GS,340.19000244140625,302.95709228515625,4564000.0,0.0,1.0
2022-02-25,AAPL,164.85000610351562,161.22976684570312,91974200.0,0.0,1.0
2022-02-25,AMZN,3075.7699584960938,153.7884979248047,3119800.0,0.0,1.0
2022-02-25,BA,201.47999572753903,201.47999572753903,8730300.0,0.0,1.0
2022-02-25,BAC,45.02000045776367,40.02458953857422,68530700.0,0.0,1.0
2022-02-25,CAT,187.05999755859375,173.4307403564453,3594600.0,0.0,1.0
2022-02-25,COST,517.489990234375,491.9490356445313,2003000.0,0.0,1.0
2022-02-25,CVX,140.3800048828125,117.42919921875,28028000.0,0.0,1.0
2022-02-25,DIS,149.52999877929688,144.97879028320312,10149500.0,0.0,1.0
2022-02-25,GOOGL,2689.1900634765625,133.19210815429688,1820300.0,0.0,1.0
2022-02-25,GS,350.1199951171875,311.8002624511719,2980500.0,0.0,1.0
2022-02-28,AAPL,165.1199951171875,161.4938201904297,95056600.0,0.0,1.0
2022-02-28,AMZN,3071.2600708007812,153.56300354003906,2884200.0,0.0,1.0
2022-02-28,BA,205.33999633789065,205.33999633789065,9859300.0,0.0,1.0
2022-02-28,BAC,44.20000076293945,39.29557037353515,69955300.0,0.0,1.0
2022-02-28,CAT,187.5800018310547,173.912841796875,5168500.0,0.0,1.0
2022-02-28,COST,519.25,493.62213134765625,2408900.0,0.0,1.0
2022-02-28,CVX,144.0,120.45734405517578,24394300.0,0.0,1.0
2022-02-28,DIS,148.4600067138672,143.94134521484375,10834700.0,0.0,1.0
2022-02-28,GOOGL,2701.14013671875,133.7839813232422,1943200.0,0.0,1.0
2022-02-28,GS,341.2900085449219,303.936767578125,4245700.0,0.0,1.0
2022-03-01,AAPL,163.1999969482422,159.61593627929688,83474400.0,0.0,1.0
2022-03-01,AMZN,3022.8399658203125,151.14199829101562,2243700.0,0.0,1.0
2022-03-01,BA,194.91000366210935,194.91000366210935,11799500.0,0.0,1.0
2022-03-01,BAC,42.470001220703125,37.75754165649414,74895600.0,0.0,1.0
2022-03-01,CAT,182.8300018310547,169.50894165039062,5110600.0,0.0,1.0
2022-03-01,COST,522.9299926757812,497.1204833984375,2316000.0,0.0,1.0
2022-03-01,CVX,149.72000122070312,125.2421875,31159900.0,0.0,1.0
2022-03-01,DIS,145.6999969482422,141.26535034179688,8944000.0,0.0,1.0
2022-03-01,GOOGL,2681.2298583984375,132.79782104492188,1324800.0,0.0,1.0
2022-03-01,GS,328.20001220703125,294.00225830078125,5631500.0,2.0,1.0
2022-03-02,AAPL,166.55999755859375,162.90220642089844,79724800.0,0.0,1.0
2022-03-02,AMZN,3041.0501098632812,152.05250549316406,2366700.0,0.0,1.0
2022-03-02,BA,197.80999755859375,197.80999755859375,7463400.0,0.0,1.0
2022-03-02,BAC,43.15999984741211,38.3709716796875,70834600.0,0.0,1.0
2022-03-02,CAT,192.61000061035156,178.57635498046875,5849900.0,0.0,1.0
2022-03-02,COST,528.0,501.9402160644531,2571500.0,0.0,1.0
2022-03-02,CVX,154.13999938964844,128.93955993652344,31329500.0,0.0,1.0
2022-03-02,DIS,147.33999633789062,142.8554229736328,7851000.0,0.0,1.0
2022-03-02,GOOGL,2691.4300537109375,133.3030242919922,1176000.0,0.0,1.0
2022-03-02,GS,336.3800048828125,301.3299255371094,3469900.0,0.0,1.0
2022-03-03,AAPL,166.22999572753906,162.57945251464844,76678400.0,0.0,1.0
2022-03-03,AMZN,2957.969970703125,147.89849853515625,3259900.0,0.0,1.0
2022-03-03,BA,188.8500061035156,188.8500061035156,12424500.0,0.0,1.0
2022-03-03,BAC,42.4900016784668,37.96002197265625,48733800.0,0.21,1.0
2022-03-03,CAT,194.8500061035156,180.65316772460935,4429700.0,0.0,1.0
2022-03-03,COST,533.0499877929688,506.7409057617187,3851800.0,0.0,1.0
2022-03-03,CVX,156.22000122070312,130.6795196533203,22492900.0,0.0,1.0
2022-03-03,DIS,145.57000732421875,141.13929748535156,8048400.0,0.0,1.0
2022-03-03,GOOGL,2677.9901123046875,132.63734436035156,1230200.0,0.0,1.0
2022-03-03,GS,333.4200134277344,298.67840576171875,2393700.0,0.0,1.0
2022-03-04,AAPL,163.1699981689453,159.586669921875,83737200.0,0.0,1.0
2022-03-04,AMZN,2912.8201293945312,145.64100646972656,3046700.0,0.0,1.0
2022-03-04,BA,180.83999633789065,180.83999633789065,13084000.0,0.0,1.0
2022-03-04,BAC,40.95000076293945,36.58419418334961,75572800.0,0.0,1.0
2022-03-04,CAT,195.66000366210935,181.40415954589844,4334700.0,0.0,1.0
2022-03-04,COST,525.5,499.5635681152344,4417900.0,0.0,1.0
2022-03-04,CVX,158.64999389648438,132.7122039794922,29034400.0,0.0,1.0
2022-03-04,DIS,140.72000122070312,136.43692016601562,12913000.0,0.0,1.0
2022-03-04,GOOGL,2638.1298828125,130.6631622314453,1521500.0,0.0,1.0
2022-03-04,GS,329.6700134277344,295.3190612792969,3293100.0,0.0,1.0
2022-03-07,AAPL,159.3000030517578,155.8016357421875,96418800.0,0.0,1.0
2022-03-07,AMZN,2749.06005859375,137.4530029296875,4346700.0,0.0,1.0
2022-03-07,BA,169.1699981689453,169.1699981689453,12847500.0,0.0,1.0
2022-03-07,BAC,38.34000015258789,34.2524528503418,109779000.0,0.0,1.0
2022-03-07,CAT,196.6999969482422,182.3683624267578,6912300.0,0.0,1.0
2022-03-07,COST,528.52001953125,502.4345703125,3896900.0,0.0,1.0
2022-03-07,CVX,162.0399932861328,135.54798889160156,34824700.0,0.0,1.0
2022-03-07,DIS,133.5,129.43667602539062,14549700.0,0.0,1.0
2022-03-07,GOOGL,2527.570037841797,125.18724060058594,2255600.0,0.0,1.0
2022-03-07,GS,321.8900146484375,288.3497619628906,3689900.0,0.0,1.0
2022-03-08,AAPL,157.44000244140625,153.9824981689453,131148300.0,0.0,1.0
2022-03-08,AMZN,2720.2899169921875,136.01449584960938,4583100.0,0.0,1.0
2022-03-08,BA,173.8000030517578,173.8000030517578,13715500.0,0.0,1.0
2022-03-08,BAC,38.59000015258789,34.475807189941406,76553800.0,0.0,1.0
2022-03-08,CAT,210.0,194.6993103027344,9318600.0,0.0,1.0
2022-03-08,COST,523.3599853515625,497.52923583984375,3649700.0,0.0,1.0
2022-03-08,CVX,170.52999877929688,142.64993286132812,57231000.0,0.0,1.0
2022-03-08,DIS,131.75,127.73992919921876,16552000.0,0.0,1.0
2022-03-08,GOOGL,2542.0899963378906,125.90641784667967,2021400.0,0.0,1.0
2022-03-08,GS,321.3699951171875,287.8839111328125,3596400.0,0.0,1.0
2022-03-09,AAPL,162.9499969482422,159.37149047851562,91454900.0,0.0,1.0
2022-03-09,AMZN,2785.580139160156,139.2790069580078,4132800.0,0.0,1.0
2022-03-09,BA,178.55999755859375,178.55999755859375,10062100.0,0.0,1.0
2022-03-09,BAC,41.040000915527344,36.66459655761719,78207900.0,0.0,1.0
2022-03-09,CAT,209.77999877929688,194.4953155517578,4798300.0,0.0,1.0
2022-03-09,COST,527.6500244140625,501.6076049804687,2789700.0,0.0,1.0
2022-03-09,CVX,166.27000427246094,139.08644104003906,43430000.0,0.0,1.0
2022-03-09,DIS,133.64999389648438,129.5821075439453,14673100.0,0.0,1.0
2022-03-09,GOOGL,2668.3999633789062,132.162353515625,1851300.0,0.0,1.0
2022-03-09,GS,333.5899963378906,298.8306579589844,3202100.0,0.0,1.0
2022-03-10,AAPL,158.52000427246094,155.03875732421875,105342000.0,0.0,1.0
2022-03-10,AMZN,2936.35009765625,146.8175048828125,6753100.0,0.0,1.0
2022-03-10,BA,178.38999938964844,178.38999938964844,8364100.0,0.0,1.0
2022-03-10,BAC,40.66999816894531,36.33404922485352,48804400.0,0.0,1.0
2022-03-10,CAT,211.7899932861328,196.35888671875,4886300.0,0.0,1.0
2022-03-10,COST,532.719970703125,506.4272155761719,1777700.0,0.0,1.0
2022-03-10,CVX,170.82000732421875,142.89254760742188,34913600.0,0.0,1.0
2022-03-10,DIS,133.63999938964844,129.57241821289062,8447200.0,0.0,1.0
2022-03-10,GOOGL,2648.590087890625,131.18121337890625,1355100.0,0.0,1.0
2022-03-10,GS,329.8999938964844,295.525146484375,2232600.0,0.0,1.0
2022-03-11,AAPL,154.72999572753906,151.3319854736328,96970100.0,0.0,1.0
2022-03-11,AMZN,2910.4901123046875,145.52450561523438,3445000.0,0.0,1.0
2022-03-11,BA,176.22999572753906,176.22999572753906,9373600.0,0.0,1.0
2022-03-11,BAC,40.33000183105469,36.030303955078125,43946600.0,0.0,1.0
2022-03-11,CAT,214.8300018310547,199.1774139404297,4045500.0,0.0,1.0
2022-03-11,COST,527.4199829101562,501.3888244628906,1735100.0,0.0,1.0
2022-03-11,CVX,170.89999389648438,142.95945739746094,28423600.0,0.0,1.0
2022-03-11,DIS,131.75,127.73992919921876,7058400.0,0.0,1.0
2022-03-11,GOOGL,2597.4099731445312,128.64633178710938,1576300.0,0.0,1.0
2022-03-11,GS,327.0,292.9273681640625,2613500.0,0.0,1.0
2022-03-14,AAPL,150.6199951171875,147.31228637695312,108732100.0,0.0,1.0
2022-03-14,AMZN,2837.0599365234375,141.85299682617188,3704300.0,0.0,1.0
2022-03-14,BA,175.52000427246094,175.52000427246094,8138900.0,0.0,1.0
2022-03-14,BAC,41.20000076293945,36.80754470825195,54262400.0,0.0,1.0
2022-03-14,CAT,215.44000244140625,199.7429656982422,3530700.0,0.0,1.0
2022-03-14,COST,525.9500122070312,499.9914855957031,1950000.0,0.0,1.0
2022-03-14,CVX,166.72000122070312,139.46282958984375,25156200.0,0.0,1.0
2022-03-14,DIS,129.02999877929688,125.10272979736328,9971500.0,0.0,1.0
2022-03-14,GOOGL,2519.0199279785156,124.7637710571289,1940600.0,0.0,1.0
2022-03-14,GS,324.9800109863281,291.1178283691406,2342200.0,0.0,1.0
2022-03-15,AAPL,155.08999633789062,151.68411254882812,92964300.0,0.0,1.0
2022-03-15,AMZN,2947.330017089844,147.3665008544922,3779200.0,0.0,1.0
2022-03-15,BA,179.88999938964844,179.88999938964844,8051500.0,0.0,1.0
2022-03-15,BAC,41.5,37.075557708740234,41395300.0,0.0,1.0
2022-03-15,CAT,216.4600067138672,200.68865966796875,4364200.0,0.0,1.0
2022-03-15,COST,542.3200073242188,515.553466796875,2547900.0,0.0,1.0
2022-03-15,CVX,158.27999877929688,132.4027099609375,28534400.0,0.0,1.0
2022-03-15,DIS,134.1999969482422,130.11538696289062,9834800.0,0.0,1.0
2022-03-15,GOOGL,2583.9599609375,127.98017120361328,1546000.0,0.0,1.0
2022-03-15,GS,329.1600036621094,294.8622741699219,2140700.0,0.0,1.0
2022-03-16,AAPL,159.58999633789062,156.0852813720703,102300200.0,0.0,1.0
2022-03-16,AMZN,3062.080078125,153.10400390625,4247900.0,0.0,1.0
2022-03-16,BA,188.9900054931641,188.9900054931641,12077500.0,0.0,1.0
2022-03-16,BAC,42.79999923706055,38.236961364746094,59477600.0,0.0,1.0
2022-03-16,CAT,216.0800018310547,200.3363342285156,4378700.0,0.0,1.0
2022-03-16,COST,543.3900146484375,516.5706176757812,3017200.0,0.0,1.0
2022-03-16,CVX,157.7100067138672,131.92591857910156,22299700.0,0.0,1.0
2022-03-16,DIS,138.13999938964844,133.93545532226562,10638700.0,0.0,1.0
2022-03-16,GOOGL,2665.6100463867188,132.0242156982422,1778800.0,0.0,1.0
2022-03-16,GS,340.760009765625,305.25360107421875,3468500.0,0.0,1.0
2022-03-17,AAPL,160.6199951171875,157.09263610839844,75615400.0,0.0,1.0
2022-03-17,AMZN,3144.7799682617188,157.23899841308594,3646700.0,0.0,1.0
2022-03-17,BA,190.19000244140625,190.19000244140625,8126600.0,0.0,1.0
2022-03-17,BAC,43.029998779296875,38.44244384765625,50260200.0,0.0,1.0
2022-03-17,CAT,221.6999969482422,205.5468292236328,3600400.0,0.0,1.0
2022-03-17,COST,552.7899780273438,525.5067749023438,1974200.0,0.0,1.0
2022-03-17,CVX,160.44000244140625,134.2095489501953,15750700.0,0.0,1.0
2022-03-17,DIS,139.47000122070312,135.2249755859375,6816000.0,0.0,1.0
2022-03-17,GOOGL,2676.7800903320312,132.5774383544922,1413200.0,0.0,1.0
2022-03-17,GS,343.2699890136719,307.5019836425781,2403500.0,0.0,1.0
2022-03-18,AAPL,163.97999572753906,160.3788604736328,123511700.0,0.0,1.0
2022-03-18,AMZN,3225.0100708007812,161.25050354003906,5148100.0,0.0,1.0
2022-03-18,BA,192.8300018310547,192.8300018310547,12849600.0,0.0,1.0
2022-03-18,BAC,42.900001525878906,38.32630157470703,74470600.0,0.0,1.0
2022-03-18,CAT,220.91000366210935,204.8144073486328,4105100.0,0.0,1.0
2022-03-18,COST,561.3499755859375,533.6441040039062,3597800.0,0.0,1.0
2022-03-18,CVX,161.72999572753906,135.2886199951172,23214700.0,0.0,1.0
2022-03-18,DIS,140.3000030517578,136.0297088623047,11308800.0,0.0,1.0
2022-03-18,GOOGL,2722.5100708007812,134.84239196777344,2228300.0,0.0,1.0
2022-03-18,GS,345.3800048828125,309.39215087890625,5861900.0,0.0,1.0
2022-03-21,AAPL,165.3800048828125,161.74813842773438,95811400.0,0.0,1.0
2022-03-21,AMZN,3229.830017089844,161.4915008544922,3326900.0,0.0,1.0
2022-03-21,BA,185.8999938964844,185.8999938964844,27369600.0,0.0,1.0
2022-03-21,BAC,42.84000015258789,38.27269744873047,47106400.0,0.0,1.0
2022-03-21,CAT,223.7100067138672,207.4104156494141,2902200.0,0.0,1.0
2022-03-21,COST,555.530029296875,528.1115112304688,3136900.0,0.0,1.0
2022-03-21,CVX,164.63999938964844,137.722900390625,13180600.0,0.0,1.0
2022-03-21,DIS,138.6199951171875,134.40084838867188,9090300.0,0.0,1.0
2022-03-21,GOOGL,2722.030029296875,134.818603515625,1341600.0,0.0,1.0
2022-03-21,GS,339.0,303.6769714355469,3401200.0,0.0,1.0
2022-03-22,AAPL,168.82000732421875,165.11256408691406,81532000.0,0.0,1.0
2022-03-22,AMZN,3297.7801513671875,164.88900756835938,3204300.0,0.0,1.0
2022-03-22,BA,191.0399932861328,191.0399932861328,14378500.0,0.0,1.0
2022-03-22,BAC,44.18000030517578,39.46983337402344,52360600.0,0.0,1.0
2022-03-22,CAT,222.7100067138672,206.48324584960935,2461500.0,0.0,1.0
2022-03-22,COST,559.4199829101562,531.8093872070312,1777500.0,0.0,1.0
2022-03-22,CVX,164.08999633789062,137.26280212402344,11063900.0,0.0,1.0
2022-03-22,DIS,140.11000061035156,135.84547424316406,8511600.0,0.0,1.0
2022-03-22,GOOGL,2797.3599243164062,138.54962158203125,1774800.0,0.0,1.0
2022-03-22,GS,343.010009765625,307.2691650390625,2840200.0,0.0,1.0
2022-03-23,AAPL,170.2100067138672,166.47207641601562,98062700.0,0.0,1.0
2022-03-23,AMZN,3268.160095214844,163.4080047607422,2790600.0,0.0,1.0
2022-03-23,BA,186.0399932861328,186.0399932861328,8297800.0,0.0,1.0
2022-03-23,BAC,43.09000015258789,38.49604415893555,48539300.0,0.0,1.0
2022-03-23,CAT,222.1699981689453,205.9826202392578,2001700.0,0.0,1.0
2022-03-23,COST,554.02001953125,526.676025390625,1546800.0,0.0,1.0
2022-03-23,CVX,165.86000061035156,138.7434539794922,10755000.0,0.0,1.0
2022-03-23,DIS,137.63999938964844,133.45066833496094,8761300.0,0.0,1.0
2022-03-23,GOOGL,2765.5099487304688,136.9721221923828,1257700.0,0.0,1.0
2022-03-23,GS,335.6099853515625,300.64013671875,2196800.0,0.0,1.0
2022-03-24,AAPL,174.07000732421875,170.24728393554688,90131400.0,0.0,1.0
2022-03-24,AMZN,3272.9901123046875,163.64950561523438,2839900.0,0.0,1.0
2022-03-24,BA,189.0500030517578,189.0500030517578,7094400.0,0.0,1.0
2022-03-24,BAC,43.06999969482422,38.478172302246094,30360800.0,0.0,1.0
2022-03-24,CAT,222.2100067138672,206.0196990966797,2110900.0,0.0,1.0
2022-03-24,COST,558.1099853515625,530.5641479492188,1614200.0,0.0,1.0
2022-03-24,CVX,166.3000030517578,139.11151123046875,9024800.0,0.0,1.0
2022-03-24,DIS,138.9600067138672,134.73048400878906,5858800.0,0.0,1.0
2022-03-24,GOOGL,2831.4401245117188,140.23756408691406,1319800.0,0.0,1.0
2022-03-24,GS,336.2300109863281,301.1955871582031,1944100.0,0.0,1.0
2022-03-25,AAPL,174.72000122070312,170.88299560546875,80546200.0,0.0,1.0
2022-03-25,AMZN,3295.469970703125,164.77349853515625,2451600.0,0.0,1.0
2022-03-25,BA,188.9499969482422,188.9499969482422,6365600.0,0.0,1.0
2022-03-25,BAC,43.72999954223633,39.067813873291016,38968100.0,0.0,1.0
2022-03-25,CAT,223.36000061035156,207.0858917236328,1581100.0,0.0,1.0
2022-03-25,COST,555.7100219726562,528.28271484375,1974900.0,0.0,1.0
2022-03-25,CVX,169.30999755859375,141.62939453125,10254700.0,0.0,1.0
2022-03-25,DIS,139.13999938964844,134.905029296875,5949400.0,0.0,1.0
2022-03-25,GOOGL,2833.4600830078125,140.3376007080078,1206300.0,0.0,1.0
2022-03-25,GS,337.489990234375,302.32421875,1580800.0,0.0,1.0
2022-03-28,AAPL,175.60000610351562,171.74371337890625,90371900.0,0.0,1.0
2022-03-28,AMZN,3379.8098754882812,168.99049377441406,2992700.0,0.0,1.0
2022-03-28,BA,188.16000366210935,188.16000366210935,6904100.0,0.0,1.0
2022-03-28,BAC,43.54999923706055,38.9069938659668,37428600.0,0.0,1.0
2022-03-28,CAT,221.8500061035156,205.6859588623047,3072500.0,0.0,1.0
2022-03-28,COST,565.2100219726562,537.3138427734375,2056100.0,0.0,1.0
2022-03-28,CVX,166.35000610351562,139.1533203125,9992000.0,0.0,1.0
2022-03-28,DIS,138.72000122070312,134.49778747558594,8456100.0,0.0,1.0
2022-03-28,GOOGL,2829.110107421875,140.1221466064453,1752500.0,0.0,1.0
2022-03-28,GS,335.29998779296875,300.3625183105469,2182600.0,0.0,1.0
2022-03-29,AAPL,178.9600067138672,175.0299072265625,100589400.0,0.0,1.0
2022-03-29,AMZN,3386.300048828125,169.31500244140625,3307700.0,0.0,1.0
2022-03-29,BA,193.8000030517578,193.8000030517578,8438700.0,0.0,1.0
2022-03-29,BAC,43.439998626708984,38.8087272644043,46355800.0,0.0,1.0
2022-03-29,CAT,221.0399932861328,204.93492126464844,3667800.0,0.0,1.0
2022-03-29,COST,569.97998046875,541.8483276367188,2005400.0,0.0,1.0
2022-03-29,CVX,164.32000732421875,137.45523071289062,15102600.0,0.0,1.0
2022-03-29,DIS,142.3800048828125,138.04640197753906,11280700.0,0.0,1.0
2022-03-29,GOOGL,2850.10986328125,141.1622314453125,1715900.0,0.0,1.0
2022-03-29,GS,339.6600036621094,304.26824951171875,2378700.0,0.0,1.0
2022-03-30,AAPL,177.77000427246094,173.86602783203125,92633200.0,0.0,1.0
2022-03-30,AMZN,3326.0198974609375,166.30099487304688,2808400.0,0.0,1.0
2022-03-30,BA,194.91000366210935,194.91000366210935,9959300.0,0.0,1.0
2022-03-30,BAC,43.0,38.41564178466797,36601800.0,0.0,1.0
2022-03-30,CAT,223.0800018310547,206.8263397216797,2507400.0,0.0,1.0
2022-03-30,COST,576.469970703125,548.0180053710938,2086500.0,0.0,1.0
2022-03-30,CVX,165.47999572753906,138.42555236816406,9906000.0,0.0,1.0
2022-03-30,DIS,140.9600067138672,136.6696319580078,7922400.0,0.0,1.0
2022-03-30,GOOGL,2838.7701416015625,140.60057067871094,994200.0,0.0,1.0
2022-03-30,GS,335.5899963378906,300.6222839355469,2650200.0,0.0,1.0
2022-03-31,AAPL,174.61000061035156,170.77542114257812,103049300.0,0.0,1.0
2022-03-31,AMZN,3259.949951171875,162.99749755859375,2998300.0,0.0,1.0
2022-03-31,BA,191.5,191.5,6447900.0,0.0,1.0
2022-03-31,BAC,41.220001220703125,36.825408935546875,67902500.0,0.0,1.0
2022-03-31,CAT,222.82000732421875,206.58526611328125,3152100.0,0.0,1.0
2022-03-31,COST,575.8499755859375,547.4287109375,3439800.0,0.0,1.0
2022-03-31,CVX,162.8300018310547,136.2087860107422,10395900.0,0.0,1.0
2022-03-31,DIS,137.16000366210938,132.9852752685547,12306500.0,0.0,1.0
2022-03-31,GOOGL,2781.35009765625,137.75665283203125,1876200.0,0.0,1.0
2022-03-31,GS,330.1000061035156,295.7043151855469,2632000.0,0.0,1.0
2022-04-01,AAPL,174.30999755859375,170.4819793701172,78751300.0,0.0,1.0
2022-04-01,AMZN,3271.199951171875,163.55999755859375,2854500.0,0.0,1.0
2022-04-01,BA,190.7599945068359,190.7599945068359,4862100.0,0.0,1.0
2022-04-01,BAC,40.900001525878906,36.53953170776367,61929200.0,0.0,1.0
2022-04-01,CAT,219.77000427246097,203.7574920654297,2618300.0,0.0,1.0
2022-04-01,COST,575.5700073242188,547.1622924804688,1933500.0,0.0,1.0
2022-04-01,CVX,164.22000122070312,137.37155151367188,8795300.0,0.0,1.0
2022-04-01,DIS,137.0,132.83013916015625,10341000.0,0.0,1.0
2022-04-01,GOOGL,2803.0099487304688,138.82945251464844,1297100.0,0.0,1.0
2022-04-01,GS,330.2200012207031,295.8117370605469,2444800.0,0.0,1.0
2022-04-04,AAPL,178.44000244140625,174.52133178710938,76468400.0,0.0,1.0
2022-04-04,AMZN,3366.929931640625,168.34649658203125,2494100.0,0.0,1.0
2022-04-04,BA,191.17999267578125,191.17999267578125,7792100.0,0.0,1.0
2022-04-04,BAC,40.83000183105469,36.476993560791016,53761700.0,0.0,1.0
2022-04-04,CAT,220.80999755859375,204.72169494628903,2181300.0,0.0,1.0
2022-04-04,COST,575.1300048828125,546.744140625,2201800.0,0.0,1.0
2022-04-04,CVX,164.3699951171875,137.49705505371094,8718600.0,0.0,1.0
2022-04-04,DIS,138.5800018310547,134.362060546875,8174600.0,0.0,1.0
2022-04-04,GOOGL,2859.429931640625,141.6238555908203,1297100.0,0.0,1.0
2022-04-04,GS,328.2099914550781,294.01129150390625,2569400.0,0.0,1.0
2022-04-05,AAPL,175.05999755859375,171.21551513671875,73401800.0,0.0,1.0
2022-04-05,AMZN,3281.099853515625,164.05499267578125,2686400.0,0.0,1.0
2022-04-05,BA,182.6499938964844,182.6499938964844,9371600.0,0.0,1.0
2022-04-05,BAC,40.13999938964844,35.86055374145508,51781700.0,0.0,1.0
2022-04-05,CAT,216.02000427246097,200.2806854248047,3582100.0,0.0,1.0
2022-04-05,COST,575.3200073242188,546.9247436523438,1826800.0,0.0,1.0
2022-04-05,CVX,163.36000061035156,136.65213012695312,9538200.0,0.0,1.0
2022-04-05,DIS,135.6199951171875,131.4921417236328,8694100.0,0.0,1.0
2022-04-05,GOOGL,2811.820068359375,139.2657928466797,1070900.0,0.0,1.0
2022-04-05,GS,323.9599914550781,290.2041015625,2573900.0,0.0,1.0
2022-04-06,AAPL,171.8300018310547,168.0564727783203,89058800.0,0.0,1.0
2022-04-06,AMZN,3175.1199340820312,158.75599670410156,3952800.0,0.0,1.0
2022-04-06,BA,178.72000122070312,178.72000122070312,8173900.0,0.0,1.0
2022-04-06,BAC,39.70000076293945,35.46745681762695,54159800.0,0.0,1.0
2022-04-06,CAT,216.2100067138672,200.4568634033203,2783300.0,0.0,1.0
2022-04-06,COST,584.7899780273438,555.9273071289062,2646200.0,0.0,1.0
2022-04-06,CVX,164.80999755859375,137.86509704589844,9269000.0,0.0,1.0
2022-04-06,DIS,132.57000732421875,128.5349884033203,11679700.0,0.0,1.0
2022-04-06,GOOGL,2730.9600830078125,135.2609100341797,1623400.0,0.0,1.0
2022-04-06,GS,316.260009765625,283.30633544921875,3151300.0,0.0,1.0
2022-04-07,AAPL,172.13999938964844,168.35963439941406,77594700.0,0.0,1.0
2022-04-07,AMZN,3155.6900024414062,157.7845001220703,3406800.0,0.0,1.0
2022-04-07,BA,177.97000122070312,177.97000122070312,7517800.0,0.0,1.0
2022-04-07,BAC,39.38999938964844,35.19051742553711,54585000.0,0.0,1.0
2022-04-07,CAT,215.8999938964844,200.16946411132812,2253600.0,0.0,1.0
2022-04-07,COST,608.0499877929688,578.039306640625,4804200.0,0.0,1.0
2022-04-07,CVX,167.10000610351562,139.78070068359375,8018400.0,0.0,1.0
2022-04-07,DIS,131.8699951171875,127.85628509521484,9858700.0,0.0,1.0
2022-04-07,GOOGL,2717.7700805664062,134.60760498046875,1311700.0,0.0,1.0
2022-04-07,GS,314.1499938964844,281.4162292480469,3562600.0,0.0,1.0
2022-04-08,AAPL,170.08999633789062,166.3546600341797,76575500.0,0.0,1.0
2022-04-08,AMZN,3089.209899902344,154.4604949951172,2300100.0,0.0,1.0
2022-04-08,BA,175.1999969482422,175.1999969482422,6524100.0,0.0,1.0
2022-04-08,BAC,39.66999816894531,35.44065475463867,41018900.0,0.0,1.0
2022-04-08,CAT,217.02999877929688,201.2171173095703,2450200.0,0.0,1.0
2022-04-08,COST,600.0399780273438,570.4246215820312,3230200.0,0.0,1.0
2022-04-08,CVX,169.92999267578125,142.1480255126953,10801200.0,0.0,1.0
2022-04-08,DIS,131.8699951171875,127.85628509521484,6702000.0,0.0,1.0
2022-04-08,GOOGL,2665.7501220703125,132.03111267089844,1257100.0,0.0,1.0
2022-04-08,GS,321.3900146484375,287.90185546875,3294200.0,0.0,1.0
2022-04-11,AAPL,165.75,162.11001586914062,72246700.0,0.0,1.0
2022-04-11,AMZN,3022.4398803710938,151.1219940185547,2605600.0,0.0,1.0
2022-04-11,BA,175.02999877929688,175.02999877929688,6001100.0,0.0,1.0
2022-04-11,BAC,39.59000015258789,35.36918640136719,34198700.0,0.0,1.0
2022-04-11,CAT,216.0500030517578,200.30848693847656,2494700.0,0.0,1.0
2022-04-11,COST,584.6699829101562,555.8132934570312,2792700.0,0.0,1.0
2022-04-11,CVX,165.55999755859375,138.4925079345703,10206100.0,0.0,1.0
2022-04-11,DIS,130.64999389648438,126.67342376708984,9915300.0,0.0,1.0
2022-04-11,GOOGL,2576.4700317382812,127.60922241210938,1844200.0,0.0,1.0
2022-04-11,GS,320.760009765625,287.3375244140625,2747700.0,0.0,1.0
2022-04-12,AAPL,167.66000366210938,163.97802734375,79265200.0,0.0,1.0
2022-04-12,AMZN,3015.7501220703125,150.78750610351562,2758900.0,0.0,1.0
2022-04-12,BA,176.27999877929688,176.27999877929688,6125100.0,0.0,1.0
2022-04-12,BAC,39.16999816894531,34.99396896362305,42855300.0,0.0,1.0
2022-04-12,CAT,216.6999969482422,200.91116333007812,2508200.0,0.0,1.0
2022-04-12,COST,581.3599853515625,552.666748046875,2142000.0,0.0,1.0
2022-04-12,CVX,169.00999450683594,141.37843322753906,9528400.0,0.0,1.0
2022-04-12,DIS,130.83999633789062,126.85762786865234,7885600.0,0.0,1.0
2022-04-12,GOOGL,2554.290008544922,126.51066589355467,1635500.0,0.0,1.0
2022-04-12,GS,319.7799987792969,286.45965576171875,2365200.0,0.0,1.0
2022-04-13,AAPL,170.39999389648438,166.65786743164062,70618900.0,0.0,1.0
2022-04-13,AMZN,3110.8200073242188,155.54100036621094,2669500.0,0.0,1.0
2022-04-13,BA,182.8699951171875,182.8699951171875,7399900.0,0.0,1.0
2022-04-13,BAC,38.81999969482422,34.681278228759766,45484200.0,0.0,1.0
2022-04-13,CAT,218.27000427246097,202.36676025390625,1898900.0,0.0,1.0
2022-04-13,COST,591.0900268554688,561.9163818359375,2211800.0,0.0,1.0
2022-04-13,CVX,171.6699981689453,143.603515625,7330700.0,0.0,1.0
2022-04-13,DIS,132.35000610351562,128.32167053222656,7694500.0,0.0,1.0
2022-04-13,GOOGL,2597.879943847656,128.6696014404297,1396400.0,0.0,1.0
2022-04-13,GS,321.9700012207031,288.4214172363281,3022900.0,0.0,1.0
2022-04-14,AAPL,165.2899932861328,161.66006469726562,75329400.0,0.0,1.0
2022-04-14,AMZN,3034.129943847656,151.7064971923828,2579900.0,0.0,1.0
2022-04-14,BA,181.94000244140625,181.94000244140625,5144600.0,0.0,1.0
2022-04-14,BAC,37.56999969482422,33.564552307128906,79032000.0,0.0,1.0
2022-04-14,CAT,227.80999755859375,211.2116546630859,5337900.0,0.0,1.0
2022-04-14,COST,590.3900146484375,561.2509765625,2206200.0,0.0,1.0
2022-04-14,CVX,171.58999633789062,143.53662109375,9421100.0,0.0,1.0
2022-04-14,DIS,130.47000122070312,126.49890899658205,7283500.0,0.0,1.0
2022-04-14,GOOGL,2534.600067138672,125.53545379638672,1579900.0,0.0,1.0
2022-04-14,GS,321.6400146484375,288.1258239746094,5460900.0,0.0,1.0
2022-04-18,AAPL,165.07000732421875,161.4449462890625,69023900.0,0.0,1.0
2022-04-18,AMZN,3055.7000732421875,152.78500366210938,2325700.0,0.0,1.0
2022-04-18,BA,179.85000610351562,179.85000610351562,5042600.0,0.0,1.0
2022-04-18,BAC,38.849998474121094,34.70808410644531,80080300.0,0.0,1.0
2022-04-18,CAT,229.9199981689453,213.1679229736328,3644000.0,0.0,1.0
2022-04-18,COST,582.1199951171875,553.3889770507812,2161900.0,0.0,1.0
2022-04-18,CVX,173.88999938964844,145.4606170654297,7639000.0,0.0,1.0
2022-04-18,DIS,127.7699966430664,123.8810806274414,10571000.0,0.0,1.0
2022-04-18,GOOGL,2553.5299682617188,126.4730224609375,1040400.0,0.0,1.0
2022-04-18,GS,329.8800048828125,295.5072021484375,3653400.0,0.0,1.0
2022-04-19,AAPL,167.39999389648438,163.72372436523438,67723800.0,0.0,1.0
2022-04-19,AMZN,3162.3098754882812,158.11549377441406,2746300.0,0.0,1.0
2022-04-19,BA,185.97999572753903,185.97999572753903,7485600.0,0.0,1.0
2022-04-19,BAC,39.56999969482422,35.35132598876953,53714200.0,0.0,1.0
2022-04-19,CAT,232.16000366210935,215.2447509765625,2689400.0,0.0,1.0
2022-04-19,COST,594.2999877929688,564.968017578125,2327800.0,0.0,1.0
2022-04-19,CVX,171.8300018310547,143.73739624023438,6970200.0,0.0,1.0
2022-04-19,DIS,131.89999389648438,127.88536834716795,12767200.0,0.0,1.0
2022-04-19,GOOGL,2600.1800537109375,128.7835235595703,1324500.0,0.0,1.0
2022-04-19,GS,335.95001220703125,300.94482421875,2774800.0,0.0,1.0
2022-04-20,AAPL,167.22999572753906,163.55747985839844,67929800.0,0.0,1.0
2022-04-20,AMZN,3079.960021972656,153.9980010986328,2981500.0,0.0,1.0
2022-04-20,BA,183.5500030517578,183.5500030517578,6824300.0,0.0,1.0
2022-04-20,BAC,39.65999984741211,35.43172836303711,47064300.0,0.0,1.0
2022-04-20,CAT,235.0800018310547,217.95196533203125,2907700.0,0.0,1.0
2022-04-20,COST,603.530029296875,573.7423706054688,1793300.0,0.0,1.0
2022-04-20,CVX,172.52999877929688,144.32298278808594,7495000.0,0.0,1.0
2022-04-20,DIS,124.56999969482422,120.77848052978516,36465700.0,0.0,1.0
2022-04-20,GOOGL,2560.799865722656,126.83308410644533,1584800.0,0.0,1.0
2022-04-20,GS,341.05999755859375,305.52227783203125,3040100.0,0.0,1.0
2022-04-21,AAPL,166.4199981689453,162.7652587890625,87227800.0,0.0,1.0
2022-04-21,AMZN,2965.9201049804688,148.29600524902344,3198500.0,0.0,1.0
2022-04-21,BA,181.02000427246097,181.02000427246097,7446100.0,0.0,1.0
2022-04-21,BAC,38.90999984741211,34.761688232421875,46245900.0,0.0,1.0
2022-04-21,CAT,232.57000732421875,215.62484741210935,3571400.0,0.0,1.0
2022-04-21,COST,591.739990234375,562.5342407226562,2027900.0,0.0,1.0
2022-04-21,CVX,164.5800018310547,137.6726837158203,14594800.0,0.0,1.0
2022-04-21,DIS,121.66000366210938,117.9570541381836,18688600.0,0.0,1.0
2022-04-21,GOOGL,2496.289978027344,123.63800048828124,1822300.0,0.0,1.0
2022-04-21,GS,334.29998779296875,299.4666442871094,3097800.0,0.0,1.0
2022-04-22,AAPL,161.7899932861328,158.2369384765625,84882400.0,0.0,1.0
2022-04-22,AMZN,2887.0001220703125,144.35000610351562,3653900.0,0.0,1.0
2022-04-22,BA,176.9199981689453,176.9199981689453,6372400.0,0.0,1.0
2022-04-22,BAC,37.560001373291016,33.55561065673828,50409800.0,0.0,1.0
2022-04-22,CAT,216.3000030517578,201.5020751953125,5053700.0,1.11,1.0
2022-04-22,COST,571.7000122070312,543.4833984375,2878200.0,0.0,1.0
2022-04-22,CVX,160.9499969482422,134.6361846923828,12160100.0,0.0,1.0
2022-04-22,DIS,118.2699966430664,114.67023468017578,19472800.0,0.0,1.0
2022-04-22,GOOGL,2392.7099609375,118.5078125,2844200.0,0.0,1.0
2022-04-22,GS,319.7699890136719,286.45062255859375,3125200.0,0.0,1.0
2022-04-25,AAPL,162.8800048828125,159.30300903320312,96046400.0,0.0,1.0
2022-04-25,AMZN,2921.4801025390625,146.07400512695312,3093700.0,0.0,1.0
2022-04-25,BA,175.91000366210938,175.91000366210938,6293100.0,0.0,1.0
2022-04-25,BAC,37.290000915527344,33.31440353393555,64301100.0,0.0,1.0
2022-04-25,CAT,216.6999969482422,201.87466430664065,4145500.0,0.0,1.0
2022-04-25,COST,568.2100219726562,540.165771484375,3154500.0,0.0,1.0
2022-04-25,CVX,157.49000549316406,131.7418670654297,15449800.0,0.0,1.0
2022-04-25,DIS,119.9499969482422,116.29911041259766,16491000.0,0.0,1.0
2022-04-25,GOOGL,2461.479949951172,121.91389465332033,2306400.0,0.0,1.0
2022-04-25,GS,321.4200134277344,287.9287414550781,3093600.0,0.0,1.0
2022-04-26,AAPL,156.8000030517578,153.35655212402344,95623200.0,0.0,1.0
2022-04-26,AMZN,2787.8201293945312,139.39100646972656,3876500.0,0.0,1.0
2022-04-26,BA,167.0399932861328,167.0399932861328,9277300.0,0.0,1.0
2022-04-26,BAC,36.45000076293945,32.56395721435547,44809900.0,0.0,1.0
2022-04-26,CAT,210.3000030517578,195.9125213623047,4176700.0,0.0,1.0
2022-04-26,COST,553.760009765625,526.428955078125,2057400.0,0.0,1.0
2022-04-26,CVX,156.52999877929688,130.93882751464844,9810600.0,0.0,1.0
2022-04-26,DIS,115.7699966430664,112.24633026123048,16116000.0,0.0,1.0
2022-04-26,GOOGL,2373.000030517578,117.53160858154295,3652700.0,0.0,1.0
2022-04-26,GS,313.1199951171875,280.4936218261719,2791700.0,0.0,1.0
2022-04-27,AAPL,156.57000732421875,153.13160705566406,88063200.0,0.0,1.0
2022-04-27,AMZN,2763.3401489257812,138.16700744628906,3566800.0,0.0,1.0
2022-04-27,BA,154.4600067138672,154.4600067138672,40371700.0,0.0,1.0
2022-04-27,BAC,36.25,32.385284423828125,39824900.0,0.0,1.0
2022-04-27,CAT,213.9600067138672,199.3221435546875,3358300.0,0.0,1.0
2022-04-27,COST,554.0800170898438,526.7329711914062,2261600.0,0.0,1.0
2022-04-27,CVX,156.24000549316406,130.69622802734375,10396600.0,0.0,1.0
2022-04-27,DIS,115.20999908447266,111.70337677001952,15553000.0,0.0,1.0
2022-04-27,GOOGL,2285.8900451660156,113.21714782714844,4591000.0,0.0,1.0
2022-04-27,GS,313.2300109863281,280.5921325683594,2469300.0,0.0,1.0
2022-04-28,AAPL,163.63999938964844,160.04635620117188,130216800.0,0.0,1.0
2022-04-28,AMZN,2891.929931640625,144.59649658203125,5865800.0,0.0,1.0
2022-04-28,BA,154.22000122070312,154.22000122070312,13518800.0,0.0,1.0
2022-04-28,BAC,36.810001373291016,32.88557434082031,39567800.0,0.0,1.0
2022-04-28,CAT,212.44000244140625,197.90609741210935,6092800.0,0.0,1.0
2022-04-28,COST,562.0,535.13134765625,2118700.0,0.9,1.0
2022-04-28,CVX,161.7899932861328,135.33880615234375,9366400.0,0.0,1.0
2022-04-28,DIS,115.29000091552734,111.78094482421876,23192100.0,0.0,1.0
2022-04-28,GOOGL,2370.449981689453,117.40531158447266,2444200.0,0.0,1.0
2022-04-28,GS,318.4100036621094,285.232421875,2176000.0,0.0,1.0
2022-04-29,AAPL,157.64999389648438,154.1878662109375,131747600.0,0.0,1.0
2022-04-29,AMZN,2485.6300354003906,124.28150177001952,13633100.0,0.0,1.0
2022-04-29,BA,148.83999633789062,148.83999633789062,10880300.0,0.0,1.0
2022-04-29,BAC,35.68000030517578,31.876054763793945,47385200.0,0.0,1.0
2022-04-29,CAT,210.5399932861328,196.1360626220703,3404000.0,0.0,1.0
2022-04-29,COST,531.719970703125,506.2989196777344,2968000.0,0.0,1.0
2022-04-29,CVX,156.6699981689453,131.05593872070312,14713200.0,0.0,1.0
2022-04-29,DIS,111.62999725341795,108.23233032226562,16907000.0,0.0,1.0
2022-04-29,GOOGL,2282.18994140625,113.0338897705078,2133800.0,0.0,1.0
2022-04-29,GS,305.489990234375,273.65863037109375,3129600.0,0.0,1.0
2022-05-02,AAPL,157.9600067138672,154.49105834960938,123055300.0,0.0,1.0
2022-05-02,AMZN,2490.0,124.5,7439400.0,0.0,1.0
2022-05-02,BA,148.61000061035156,148.61000061035156,12399200.0,0.0,1.0
2022-05-02,BAC,36.13999938964844,32.28700637817383,46652200.0,0.0,1.0
2022-05-02,CAT,212.07000732421875,197.56141662597656,2639500.0,0.0,1.0
2022-05-02,COST,528.9500122070312,503.6614685058594,3303400.0,0.0,1.0
2022-05-02,CVX,159.75,133.63238525390625,11559000.0,0.0,1.0
2022-05-02,DIS,113.5,110.04542541503906,14300700.0,0.0,1.0
2022-05-02,GOOGL,2331.6600036621094,115.48407745361328,1776700.0,0.0,1.0
2022-05-02,GS,310.4200134277344,278.07489013671875,2968100.0,0.0,1.0
2022-05-03,AAPL,159.47999572753906,155.97767639160156,88966500.0,0.0,1.0
2022-05-03,AMZN,2485.070037841797,124.25350189208984,3956700.0,0.0,1.0
2022-05-03,BA,153.5800018310547,153.5800018310547,10149500.0,0.0,1.0
2022-05-03,BAC,37.130001068115234,33.17145538330078,48926000.0,0.0,1.0
2022-05-03,CAT,213.6199951171875,199.00538635253903,2121100.0,0.0,1.0
2022-05-03,COST,528.0800170898438,502.8331909179687,2398000.0,0.0,1.0
2022-05-03,CVX,162.49000549316406,135.9243927001953,8827200.0,0.0,1.0
2022-05-03,DIS,113.5500030517578,110.09391021728516,11149500.0,0.0,1.0
2022-05-03,GOOGL,2346.6799926757812,116.22799682617188,1248400.0,0.0,1.0
2022-05-03,GS,314.6600036621094,281.87310791015625,2606200.0,0.0,1.0
2022-05-04,AAPL,166.02000427246094,162.37408447265625,108256500.0,0.0,1.0
2022-05-04,AMZN,2518.5699462890625,125.92849731445312,5537300.0,0.0,1.0
2022-05-04,BA,156.97000122070312,156.97000122070312,9550600.0,0.0,1.0
2022-05-04,BAC,38.619998931884766,34.50260543823242,57860300.0,0.0,1.0
2022-05-04,CAT,222.58999633789065,207.36167907714844,3023700.0,0.0,1.0
2022-05-04,COST,544.4299926757812,518.4013061523438,2465200.0,0.0,1.0
2022-05-04,CVX,167.58999633789062,140.19056701660156,9183200.0,0.0,1.0
2022-05-04,DIS,116.19000244140624,112.65355682373048,11488300.0,0.0,1.0
2022-05-04,GOOGL,2445.2200317382812,121.10856628417967,2495800.0,0.0,1.0
2022-05-04,GS,324.1099853515625,290.3384094238281,2629400.0,0.0,1.0
2022-05-05,AAPL,156.77000427246094,153.32717895507812,130525300.0,0.0,1.0
2022-05-05,AMZN,2328.1399536132812,116.40699768066406,7219600.0,0.0,1.0
2022-05-05,BA,150.47000122070312,150.47000122070312,7950800.0,0.0,1.0
2022-05-05,BAC,37.540000915527344,33.53775405883789,48860600.0,0.0,1.0
2022-05-05,CAT,215.92999267578125,201.1573181152344,3005600.0,0.0,1.0
2022-05-05,COST,517.3200073242188,492.5875244140625,3977000.0,0.0,1.0
2022-05-05,CVX,166.25999450683594,139.07803344726562,9807600.0,0.0,1.0
2022-05-05,DIS,112.61000061035156,109.18251037597656,12720200.0,0.0,1.0
2022-05-05,GOOGL,2330.1100158691406,115.40731048583984,2292000.0,0.0,1.0
2022-05-05,GS,313.07000732421875,280.44873046875,2622100.0,0.0,1.0
2022-05-06,AAPL,157.27999877929688,154.052001953125,116124600.0,0.23,1.0
2022-05-06,AMZN,2295.449981689453,114.77249908447266,6213000.0,0.0,1.0
2022-05-06,BA,148.89999389648438,148.89999389648438,7697900.0,0.0,1.0
2022-05-06,BAC,37.45000076293945,33.45734405517578,50440100.0,0.0,1.0
2022-05-06,CAT,214.6499938964844,199.96487426757812,2268400.0,0.0,1.0
2022-05-06,COST,503.3599853515625,479.29486083984375,3560800.0,0.0,1.0
2022-05-06,CVX,170.69000244140625,142.7837677001953,10418100.0,0.0,1.0
2022-05-06,DIS,110.29000091552734,106.9331283569336,12525200.0,0.0,1.0
2022-05-06,GOOGL,2314.929962158203,114.6554718017578,1985500.0,0.0,1.0
2022-05-06,GS,312.9599914550781,280.3502197265625,2375600.0,0.0,1.0
2022-05-09,AAPL,152.05999755859375,148.9391326904297,131577900.0,0.0,1.0
2022-05-09,AMZN,2175.780029296875,108.78900146484376,6406200.0,0.0,1.0
2022-05-09,BA,133.30999755859375,133.30999755859375,12593800.0,0.0,1.0
2022-05-09,BAC,36.369998931884766,32.49249267578125,51242000.0,0.0,1.0
2022-05-09,CAT,206.2899932861328,192.1768493652344,2929900.0,0.0,1.0
2022-05-09,COST,498.8299865722656,474.9814453125,3292700.0,0.0,1.0
2022-05-09,CVX,159.25,133.21412658691406,14110700.0,0.0,1.0
2022-05-09,DIS,106.9800033569336,103.723876953125,17941600.0,0.0,1.0
2022-05-09,GOOGL,2250.2200317382812,111.45046997070312,2040100.0,0.0,1.0
2022-05-09,GS,308.8900146484375,276.7043762207031,3234000.0,0.0,1.0
2022-05-10,AAPL,154.50999450683594,151.3388671875,115366700.0,0.0,1.0
2022-05-10,AMZN,2177.1800231933594,108.85900115966795,5271700.0,0.0,1.0
2022-05-10,BA,132.9499969482422,132.9499969482422,11781400.0,0.0,1.0
2022-05-10,BAC,35.7599983215332,31.94751739501953,60235300.0,0.0,1.0
2022-05-10,CAT,202.9900054931641,189.10260009765625,3040400.0,0.0,1.0
2022-05-10,COST,501.4599914550781,477.4856567382813,2729400.0,0.0,1.0
2022-05-10,CVX,160.77999877929688,134.4939727783203,11636000.0,0.0,1.0
2022-05-10,DIS,107.68000030517578,104.40257263183594,15657700.0,0.0,1.0
2022-05-10,GOOGL,2287.899932861328,113.31671142578124,1995000.0,0.0,1.0
2022-05-10,GS,305.05999755859375,273.2734375,2798400.0,0.0,1.0
2022-05-11,AAPL,146.5,143.4932403564453,142689800.0,0.0,1.0
2022-05-11,AMZN,2107.4400329589844,105.37200164794922,5485200.0,0.0,1.0
2022-05-11,BA,129.38999938964844,129.38999938964844,11388400.0,0.0,1.0
2022-05-11,BAC,35.56999969482422,31.777772903442383,54969300.0,0.0,1.0
2022-05-11,CAT,205.2100067138672,191.1707305908203,2552400.0,0.0,1.0
2022-05-11,COST,489.0799865722656,465.6975708007813,2782900.0,0.0,1.0
2022-05-11,CVX,163.16000366210938,136.48486328125,9105500.0,0.0,1.0
2022-05-11,DIS,105.20999908447266,102.00775146484376,26933300.0,0.0,1.0
2022-05-11,GOOGL,2272.050018310547,112.53167724609376,1876700.0,0.0,1.0
2022-05-11,GS,301.54998779296875,270.1291809082031,2320600.0,0.0,1.0
2022-05-12,AAPL,142.55999755859375,139.63412475585938,182602000.0,0.0,1.0
2022-05-12,AMZN,2138.6099243164062,106.93049621582033,6601300.0,0.0,1.0
2022-05-12,BA,123.13999938964844,123.13999938964844,15891300.0,0.0,1.0
2022-05-12,BAC,35.06999969482422,31.33108139038086,61231500.0,0.0,1.0
2022-05-12,CAT,203.02999877929688,189.13986206054688,3282000.0,0.0,1.0
2022-05-12,COST,486.1799926757813,462.9361877441406,2829500.0,0.0,1.0
2022-05-12,CVX,164.7100067138672,137.7814483642578,8936400.0,0.0,1.0
2022-05-12,DIS,104.30999755859376,101.13512420654295,36298800.0,0.0,1.0
2022-05-12,GOOGL,2256.8800354003906,111.78033447265624,2691800.0,0.0,1.0
2022-05-12,GS,299.4100036621094,268.212158203125,3408300.0,0.0,1.0
2022-05-13,AAPL,147.11000061035156,144.09071350097656,113990900.0,0.0,1.0
2022-05-13,AMZN,2261.1000061035156,113.05500030517578,4684200.0,0.0,1.0
2022-05-13,BA,127.1999969482422,127.1999969482422,20891500.0,0.0,1.0
2022-05-13,BAC,35.16999816894531,31.4204158782959,49117900.0,0.0,1.0
2022-05-13,CAT,204.3300018310547,190.35092163085935,2323800.0,0.0,1.0
2022-05-13,COST,497.2699890136719,473.49603271484375,2338600.0,0.0,1.0
2022-05-13,CVX,167.8699951171875,140.42483520507812,9229900.0,0.0,1.0
2022-05-13,DIS,107.33000183105467,104.06322479248048,16782600.0,0.0,1.0
2022-05-13,GOOGL,2321.009979248047,114.95661163330078,1751900.0,0.0,1.0
2022-05-13,GS,306.989990234375,275.0023193359375,2152500.0,0.0,1.0
2022-05-16,AAPL,145.5399932861328,142.55294799804688,86643800.0,0.0,1.0
2022-05-16,AMZN,2216.210021972656,110.8105010986328,3728300.0,0.0,1.0
2022-05-16,BA,124.0500030517578,124.0500030517578,10631600.0,0.0,1.0
2022-05-16,BAC,34.810001373291016,31.098804473876953,39076500.0,0.0,1.0
2022-05-16,CAT,207.19000244140625,193.01528930664065,2540800.0,0.0,1.0
2022-05-16,COST,494.5299987792969,470.8869934082031,1579700.0,0.0,1.0
2022-05-16,CVX,173.00999450683594,144.7244873046875,13296300.0,0.0,1.0
2022-05-16,DIS,105.18000030517578,101.9786605834961,11993600.0,0.0,1.0
2022-05-16,GOOGL,2288.8999938964844,113.36624145507812,1299500.0,0.0,1.0
2022-05-16,GS,303.44000244140625,271.822265625,1568800.0,0.0,1.0
2022-05-17,AAPL,149.24000549316406,146.1770477294922,78336300.0,0.0,1.0
2022-05-17,AMZN,2307.3699951171875,115.36849975585938,3822400.0,0.0,1.0
2022-05-17,BA,132.0500030517578,132.0500030517578,12154200.0,0.0,1.0
2022-05-17,BAC,35.9900016784668,32.15300369262695,42635600.0,0.0,1.0
2022-05-17,CAT,213.08999633789065,198.51165771484375,2275900.0,0.0,1.0
2022-05-17,COST,490.4700012207031,467.0211486816406,2602800.0,0.0,1.0
2022-05-17,CVX,174.02999877929688,145.5777130126953,12827600.0,0.0,1.0
2022-05-17,DIS,108.63999938964844,105.33334350585938,11847600.0,0.0,1.0
2022-05-17,GOOGL,2329.459991455078,115.37512969970705,1152700.0,0.0,1.0
2022-05-17,GS,312.9700012207031,280.3592224121094,2096200.0,0.0,1.0
2022-05-18,AAPL,140.82000732421875,137.92984008789062,109742900.0,0.0,1.0
2022-05-18,AMZN,2142.250061035156,107.1125030517578,5419000.0,0.0,1.0
2022-05-18,BA,125.5199966430664,125.5199966430664,9567600.0,0.0,1.0
2022-05-18,BAC,34.880001068115234,31.16134262084961,47396900.0,0.0,1.0
2022-05-18,CAT,207.94000244140625,193.7139587402344,4723300.0,0.0,1.0
2022-05-18,COST,429.3999938964844,408.870849609375,9511600.0,0.0,1.0
2022-05-18,CVX,168.05999755859375,141.7402801513672,13107500.0,1.42,1.0
2022-05-18,DIS,104.3000030517578,101.12543487548828,11794000.0,0.0,1.0
2022-05-18,GOOGL,2237.989959716797,110.84473419189452,1756300.0,0.0,1.0
2022-05-18,GS,306.7300109863281,274.7694396972656,2033200.0,0.0,1.0
2022-05-19,AAPL,137.35000610351562,134.53103637695312,136095600.0,0.0,1.0
2022-05-19,AMZN,2146.3800048828125,107.31900024414062,4407100.0,0.0,1.0
2022-05-19,BA,127.13999938964844,127.13999938964844,8075800.0,0.0,1.0
2022-05-19,BAC,34.45000076293945,30.777183532714844,47002700.0,0.0,1.0
2022-05-19,CAT,206.7599945068359,192.61471557617188,2887700.0,0.0,1.0
2022-05-19,COST,422.9299926757813,402.7101745605469,5839600.0,0.0,1.0
2022-05-19,CVX,166.86000061035156,140.72821044921875,10958700.0,0.0,1.0
2022-05-19,DIS,103.13999938964844,100.000732421875,11285000.0,0.0,1.0
2022-05-19,GOOGL,2207.6800537109375,109.34352111816406,1707200.0,0.0,1.0
2022-05-19,GS,308.20001220703125,276.0862731933594,2108800.0,0.0,1.0
2022-05-20,AAPL,137.58999633789062,134.76608276367188,137426100.0,0.0,1.0
2022-05-20,AMZN,2151.820068359375,107.59100341796876,4975000.0,0.0,1.0
2022-05-20,BA,120.6999969482422,120.6999969482422,18822200.0,0.0,1.0
2022-05-20,BAC,33.86000061035156,30.250083923339844,62406500.0,0.0,1.0
2022-05-20,CAT,197.82000732421875,184.28631591796875,5404500.0,0.0,1.0
2022-05-20,COST,416.4299926757813,396.5209045410156,5115000.0,0.0,1.0
2022-05-20,CVX,167.82000732421875,141.5378875732422,9615000.0,0.0,1.0
2022-05-20,DIS,102.41999816894533,99.30265808105467,15650400.0,0.0,1.0
2022-05-20,GOOGL,2178.159942626953,107.88143920898438,2448100.0,0.0,1.0
2022-05-20,GS,306.79998779296875,274.83209228515625,2201100.0,0.0,1.0
2022-05-23,AAPL,143.11000061035156,140.17286682128906,117726300.0,0.0,1.0
2022-05-23,AMZN,2151.1399841308594,107.55699920654295,5389900.0,0.0,1.0
2022-05-23,BA,124.06999969482422,124.06999969482422,9341500.0,0.0,1.0
2022-05-23,BAC,35.869998931884766,32.04578399658203,69081900.0,0.0,1.0
2022-05-23,CAT,204.1499938964844,190.18324279785156,3246600.0,0.0,1.0
2022-05-23,COST,429.4800109863281,408.9469604492187,3687200.0,0.0,1.0
2022-05-23,CVX,171.72000122070312,144.8270721435547,10216400.0,0.0,1.0
2022-05-23,DIS,105.83000183105467,102.60887145996094,14402400.0,0.0,1.0
2022-05-23,GOOGL,2229.759979248047,110.43711853027344,1859200.0,0.0,1.0
2022-05-23,GS,316.6099853515625,283.6199645996094,2653000.0,0.0,1.0
2022-05-24,AAPL,140.36000061035156,137.47927856445312,104132700.0,0.0,1.0
2022-05-24,AMZN,2081.999969482422,104.0999984741211,5146700.0,0.0,1.0
2022-05-24,BA,119.4000015258789,119.4000015258789,9092400.0,0.0,1.0
2022-05-24,BAC,35.650001525878906,31.8492488861084,46146700.0,0.0,1.0
2022-05-24,CAT,205.6499938964844,191.58062744140625,2467800.0,0.0,1.0
2022-05-24,COST,437.7099914550781,416.7835388183594,3473400.0,0.0,1.0
2022-05-24,CVX,172.63999938964844,145.60299682617188,9782700.0,0.0,1.0
2022-05-24,DIS,101.58999633789062,98.49791717529295,13970200.0,0.0,1.0
2022-05-24,GOOGL,2119.4000244140625,104.97115325927734,3839000.0,0.0,1.0
2022-05-24,GS,313.95001220703125,281.2370910644531,1870900.0,0.0,1.0
2022-05-25,AAPL,140.52000427246094,137.63597106933594,92482700.0,0.0,1.0
2022-05-25,AMZN,2135.500030517578,106.7750015258789,4656000.0,0.0,1.0
2022-05-25,BA,122.05999755859376,122.05999755859376,7707900.0,0.0,1.0
2022-05-25,BAC,35.84000015258789,32.018985748291016,49343400.0,0.0,1.0
2022-05-25,CAT,209.30999755859375,194.99020385742188,3080200.0,0.0,1.0
2022-05-25,COST,440.1099853515625,419.0687561035156,3225100.0,0.0,1.0
2022-05-25,CVX,175.41000366210938,147.93923950195312,10174500.0,0.0,1.0
2022-05-25,DIS,103.26000213623048,100.11709594726562,11026600.0,0.0,1.0
2022-05-25,GOOGL,2116.1000061035156,104.80767822265624,2012900.0,0.0,1.0
2022-05-25,GS,314.8999938964844,282.0881042480469,1929500.0,0.0,1.0
2022-05-26,AAPL,143.77999877929688,140.82907104492188,90601500.0,0.0,1.0
2022-05-26,AMZN,2221.5499877929688,111.07749938964844,4650100.0,0.0,1.0
2022-05-26,BA,127.7300033569336,127.7300033569336,8333900.0,0.0,1.0
2022-05-26,BAC,36.66999816894531,32.760501861572266,60201200.0,0.0,1.0
2022-05-26,CAT,212.9900054931641,198.41844177246097,2016000.0,0.0,1.0
2022-05-26,COST,464.989990234375,442.75933837890625,5917600.0,0.0,1.0
2022-05-26,CVX,176.58999633789062,148.93441772460938,11213900.0,0.0,1.0
2022-05-26,DIS,105.61000061035156,102.39556884765624,11297800.0,0.0,1.0
2022-05-26,GOOGL,2155.850067138672,106.77645111083984,1897400.0,0.0,1.0
2022-05-26,GS,323.6300048828125,289.908447265625,2440400.0,0.0,1.0
2022-05-27,AAPL,149.63999938964844,146.5688018798828,90978500.0,0.0,1.0
2022-05-27,AMZN,2302.9299926757812,115.14649963378906,4683000.0,0.0,1.0
2022-05-27,BA,132.22999572753906,132.22999572753906,7261500.0,0.0,1.0
2022-05-27,BAC,37.02000045776367,33.073184967041016,43365600.0,0.0,1.0
2022-05-27,CAT,217.13999938964844,202.2845458984375,2020400.0,0.0,1.0
2022-05-27,COST,470.760009765625,448.2534484863281,5719600.0,0.0,1.0
2022-05-27,CVX,178.27999877929688,150.35975646972656,10512300.0,0.0,1.0
2022-05-27,DIS,109.31999969482422,105.9926528930664,13671300.0,0.0,1.0
2022-05-27,GOOGL,2246.3299560546875,111.25779724121094,1895700.0,0.0,1.0
2022-05-27,GS,328.5799865722656,294.3426818847656,2106700.0,0.0,1.0
2022-05-31,AAPL,148.83999633789062,145.78521728515625,103718400.0,0.0,1.0
2022-05-31,AMZN,2404.1900634765625,120.20950317382812,7231700.0,0.0,1.0
2022-05-31,BA,131.39999389648438,131.39999389648438,7953700.0,0.0,1.0
2022-05-31,BAC,37.20000076293945,33.23400115966797,71609200.0,0.0,1.0
2022-05-31,CAT,215.8500061035156,201.0828399658203,3773500.0,0.0,1.0
2022-05-31,COST,466.2200012207031,443.9305114746094,4424500.0,0.0,1.0
2022-05-31,CVX,174.66000366210938,147.30665588378906,20547600.0,0.0,1.0
2022-05-31,DIS,110.44000244140624,107.07855987548828,20274600.0,0.0,1.0
2022-05-31,GOOGL,2275.240020751953,112.68968200683594,2500600.0,0.0,1.0
2022-05-31,GS,326.8500061035156,294.5860595703125,2722900.0,2.0,1.0
2022-06-01,AAPL,148.7100067138672,145.65786743164062,74286600.0,0.0,1.0
2022-06-01,AMZN,2433.679962158203,121.68399810791016,6376400.0,0.0,1.0
2022-06-01,BA,130.64999389648438,130.64999389648438,9991600.0,0.0,1.0
2022-06-01,BAC,36.66999816894531,32.760501861572266,35237900.0,0.0,1.0
2022-06-01,CAT,217.57000732421875,202.6851501464844,2314000.0,0.0,1.0
2022-06-01,COST,456.989990234375,435.1417846679687,2319400.0,0.0,1.0
2022-06-01,CVX,176.32000732421875,148.70669555664062,8824100.0,0.0,1.0
2022-06-01,DIS,109.19000244140624,105.86660766601562,11829700.0,0.0,1.0
2022-06-01,GOOGL,2277.8399658203125,112.8184585571289,1830300.0,0.0,1.0
2022-06-01,GS,321.8500061035156,290.0796203613281,2330200.0,0.0,1.0
2022-06-02,AAPL,151.2100067138672,148.1065673828125,72348100.0,0.0,1.0
2022-06-02,AMZN,2510.2200317382812,125.51100158691406,5028000.0,0.0,1.0
2022-06-02,BA,140.5,140.5,12777000.0,0.0,1.0
2022-06-02,BAC,36.70000076293945,32.97614669799805,35341900.0,0.21,1.0
2022-06-02,CAT,220.0,204.94888305664065,1784100.0,0.0,1.0
2022-06-02,COST,487.6099853515625,464.2978210449219,4950600.0,0.0,1.0
2022-06-02,CVX,176.0,148.4368133544922,7441900.0,0.0,1.0
2022-06-02,DIS,110.87000274658205,107.49547576904295,8829900.0,0.0,1.0
2022-06-02,GOOGL,2352.449951171875,116.51378631591795,1899600.0,0.0,1.0
2022-06-02,GS,324.25,292.24267578125,1957500.0,0.0,1.0
2022-06-03,AAPL,145.3800048828125,142.39622497558594,88570300.0,0.0,1.0
2022-06-03,AMZN,2446.999969482422,122.3499984741211,4880200.0,0.0,1.0
2022-06-03,BA,139.25,139.25,10091800.0,0.0,1.0
2022-06-03,BAC,36.189998626708984,32.51789474487305,25235200.0,0.0,1.0
2022-06-03,CAT,222.8999938964844,207.6505126953125,2222500.0,0.0,1.0
2022-06-03,COST,476.25,453.4809875488281,2857400.0,0.0,1.0
2022-06-03,CVX,177.60000610351562,149.78627014160156,8435300.0,0.0,1.0
2022-06-03,DIS,108.66999816894533,105.36244201660156,6767600.0,0.0,1.0
2022-06-03,GOOGL,2290.8200073242188,113.46133422851562,1306800.0,0.0,1.0
2022-06-03,GS,318.67999267578125,287.2225036621094,1238900.0,0.0,1.0
2022-06-06,AAPL,146.13999938964844,143.140625,71598400.0,0.0,1.0
2022-06-06,AMZN,124.79000091552734,124.79000091552734,135269000.0,0.0,20.0
2022-06-06,BA,139.24000549316406,139.24000549316406,6354800.0,0.0,1.0
2022-06-06,BAC,36.150001525878906,32.48195266723633,40394000.0,0.0,1.0
2022-06-06,CAT,223.6300048828125,208.33055114746097,1565400.0,0.0,1.0
2022-06-06,COST,472.4700012207031,449.8817138671875,2297000.0,0.0,1.0
2022-06-06,CVX,176.8300018310547,149.13682556152344,6734200.0,0.0,1.0
2022-06-06,DIS,107.83000183105467,104.54800415039062,7575900.0,0.0,1.0
2022-06-06,GOOGL,2336.4100646972656,115.71934509277344,1677100.0,0.0,1.0
2022-06-06,GS,320.510009765625,288.8719482421875,1099700.0,0.0,1.0
2022-06-07,AAPL,148.7100067138672,145.65786743164062,67808200.0,0.0,1.0
2022-06-07,AMZN,123.0,123.0,85156700.0,0.0,1.0
2022-06-07,BA,140.82000732421875,140.82000732421875,5436100.0,0.0,1.0
2022-06-07,BAC,36.349998474121094,32.66165542602539,29152200.0,0.0,1.0
2022-06-07,CAT,227.1000061035156,211.5631561279297,1799000.0,0.0,1.0
2022-06-07,COST,471.7799987792969,449.2247009277344,2435500.0,0.0,1.0
2022-06-07,CVX,180.1999969482422,151.97906494140625,9668300.0,0.0,1.0
2022-06-07,DIS,107.79000091552734,104.50921630859376,7279100.0,0.0,1.0
2022-06-07,GOOGL,2342.989959716797,116.04523468017578,1579500.0,0.0,1.0
2022-06-07,GS,321.510009765625,289.773193359375,2516800.0,0.0,1.0
2022-06-08,AAPL,147.9600067138672,144.9232940673828,53950200.0,0.0,1.0
2022-06-08,AMZN,121.18000030517578,121.18000030517578,64926600.0,0.0,1.0
2022-06-08,BA,139.6300048828125,139.6300048828125,5833700.0,0.0,1.0
2022-06-08,BAC,35.88999938964844,32.24833679199219,33590600.0,0.0,1.0
2022-06-08,CAT,229.8000030517578,214.07843017578125,4171300.0,0.0,1.0
2022-06-08,COST,467.989990234375,445.6158752441406,1697000.0,0.0,1.0
2022-06-08,CVX,181.1300048828125,152.763427734375,8715200.0,0.0,1.0
2022-06-08,DIS,107.33999633789062,104.07291412353516,7019500.0,0.0,1.0
2022-06-08,GOOGL,2343.8800048828125,116.08932495117188,1305400.0,0.0,1.0
2022-06-08,GS,314.67999267578125,283.6173400878906,1438100.0,0.0,1.0
2022-06-09,AAPL,142.63999938964844,139.7124786376953,69473000.0,0.0,1.0
2022-06-09,AMZN,116.1500015258789,116.1500015258789,67029800.0,0.0,1.0
2022-06-09,BA,133.72999572753906,133.72999572753906,6010100.0,0.0,1.0
2022-06-09,BAC,34.5099983215332,31.008363723754883,49419000.0,0.0,1.0
2022-06-09,CAT,223.6699981689453,208.36781311035156,3045700.0,0.0,1.0
2022-06-09,COST,472.0499877929687,449.4817504882813,3087500.0,0.0,1.0
2022-06-09,CVX,177.52000427246094,149.71876525878906,9764600.0,0.0,1.0
2022-06-09,DIS,103.3000030517578,100.1558837890625,8261200.0,0.0,1.0
2022-06-09,GOOGL,2296.7100524902344,113.75305938720705,1289900.0,0.0,1.0
2022-06-09,GS,304.2200012207031,274.1898498535156,2896500.0,0.0,1.0
2022-06-10,AAPL,137.1300048828125,134.31558227539062,91437900.0,0.0,1.0
2022-06-10,AMZN,109.6500015258789,109.6500015258789,87266000.0,0.0,1.0
2022-06-10,BA,127.0,127.0,7770700.0,0.0,1.0
2022-06-10,BAC,33.16999816894531,29.804319381713867,49318200.0,0.0,1.0
2022-06-10,CAT,215.17999267578125,200.45864868164065,2604100.0,0.0,1.0
2022-06-10,COST,463.30999755859375,441.1595458984375,2549900.0,0.0,1.0
2022-06-10,CVX,175.39999389648438,147.93080139160156,9529700.0,0.0,1.0
2022-06-10,DIS,99.4000015258789,96.37458038330078,15369700.0,0.0,1.0
2022-06-10,GOOGL,2223.22998046875,110.11370086669922,2072600.0,0.0,1.0
2022-06-10,GS,287.0199890136719,258.6877136230469,3866900.0,0.0,1.0
2022-06-13,AAPL,131.8800048828125,129.17332458496094,122207100.0,0.0,1.0
2022-06-13,AMZN,103.66999816894533,103.66999816894533,99277700.0,0.0,1.0
2022-06-13,BA,115.86000061035156,115.86000061035156,16778500.0,0.0,1.0
2022-06-13,BAC,32.02000045776367,28.771020889282227,61216600.0,0.0,1.0
2022-06-13,CAT,206.8800048828125,192.7264709472656,3559400.0,0.0,1.0
2022-06-13,COST,452.25,430.6284484863281,3113400.0,0.0,1.0
2022-06-13,CVX,167.3300018310547,141.12461853027344,14614900.0,0.0,1.0
2022-06-13,DIS,95.70999908447266,92.79689025878906,15239700.0,0.0,1.0
2022-06-13,GOOGL,2127.8500366210938,105.38964080810548,2362600.0,0.0,1.0
2022-06-13,GS,283.32000732421875,255.35296630859375,4218100.0,0.0,1.0
2022-06-14,AAPL,132.75999450683594,130.03526306152344,84784300.0,0.0,1.0
2022-06-14,AMZN,102.30999755859376,102.30999755859376,69728800.0,0.0,1.0
2022-06-14,BA,122.16000366210938,122.16000366210938,17549800.0,0.0,1.0
2022-06-14,BAC,31.459999084472656,28.267837524414062,49349800.0,0.0,1.0
2022-06-14,CAT,206.69000244140625,192.5495147705078,2359000.0,0.0,1.0
2022-06-14,COST,454.7999877929687,433.0564880371094,2224600.0,0.0,1.0
2022-06-14,CVX,167.5500030517578,141.31016540527344,10269300.0,0.0,1.0
2022-06-14,DIS,94.22000122070312,91.35224151611328,12443700.0,0.0,1.0
2022-06-14,GOOGL,2134.3099975585938,105.7095947265625,1685300.0,0.0,1.0
2022-06-14,GS,282.5400085449219,254.6499938964844,2487700.0,0.0,1.0
2022-06-15,AAPL,135.42999267578125,132.65045166015625,91533000.0,0.0,1.0
2022-06-15,AMZN,107.66999816894533,107.66999816894533,85011100.0,0.0,1.0
2022-06-15,BA,133.72000122070312,133.72000122070312,25997800.0,0.0,1.0
2022-06-15,BAC,32.04999923706055,28.797971725463867,51540100.0,0.0,1.0
2022-06-15,CAT,206.0,191.9066925048828,2343100.0,0.0,1.0
2022-06-15,COST,458.7900085449219,436.855712890625,2250200.0,0.0,1.0
2022-06-15,CVX,164.25999450683594,138.53536987304688,11565300.0,0.0,1.0
2022-06-15,DIS,95.87999725341795,92.9617156982422,11751600.0,0.0,1.0
2022-06-15,GOOGL,2195.290069580078,108.7298583984375,1984900.0,0.0,1.0
2022-06-15,GS,290.07000732421875,261.4366760253906,2725800.0,0.0,1.0
2022-06-16,AAPL,130.05999755859375,127.39068603515624,108123900.0,0.0,1.0
2022-06-16,AMZN,103.66000366210938,103.66000366210938,82186300.0,0.0,1.0
2022-06-16,BA,133.36000061035156,133.36000061035156,19543600.0,0.0,1.0
2022-06-16,BAC,31.850000381469727,28.61826515197754,61363400.0,0.0,1.0
2022-06-16,CAT,194.7899932861328,181.4635772705078,4789900.0,0.0,1.0
2022-06-16,COST,451.760009765625,430.1618041992187,2906600.0,0.0,1.0
2022-06-16,CVX,155.47999572753906,131.1304473876953,18125900.0,0.0,1.0
2022-06-16,DIS,94.27999877929688,91.41040802001952,15298500.0,0.0,1.0
2022-06-16,GOOGL,2120.6700134277344,105.03402709960938,2584200.0,0.0,1.0
2022-06-16,GS,284.9800109863281,256.8491516113281,2777300.0,0.0,1.0
2022-06-17,AAPL,131.55999755859375,128.85989379882812,134520300.0,0.0,1.0
2022-06-17,AMZN,106.22000122070312,106.22000122070312,99772100.0,0.0,1.0
2022-06-17,BA,136.8000030517578,136.8000030517578,16042500.0,0.0,1.0
2022-06-17,BAC,31.920000076293945,28.681161880493164,80470300.0,0.0,1.0
2022-06-17,CAT,192.63999938964844,179.460693359375,7226100.0,0.0,1.0
2022-06-17,COST,446.69000244140625,425.3342590332031,3623400.0,0.0,1.0
2022-06-17,CVX,148.3800048828125,125.14234161376952,35575100.0,0.0,1.0
2022-06-17,DIS,94.33999633789062,91.46858978271484,15403800.0,0.0,1.0
2022-06-17,GOOGL,2142.8700256347656,106.13355255126952,2568800.0,0.0,1.0
2022-06-17,GS,279.7900085449219,252.17140197753903,5234400.0,0.0,1.0
2022-06-21,AAPL,135.8699951171875,133.0814208984375,81000500.0,0.0,1.0
2022-06-21,AMZN,108.68000030517578,108.68000030517578,70901200.0,0.0,1.0
2022-06-21,BA,136.75,136.75,10519900.0,0.0,1.0
2022-06-21,BAC,32.849998474121094,29.516799926757812,53537200.0,0.0,1.0
2022-06-21,CAT,196.3699951171875,182.93551635742188,2755400.0,0.0,1.0
2022-06-21,COST,463.1099853515625,440.9691162109375,2420600.0,0.0,1.0
2022-06-21,CVX,154.58999633789062,130.3798370361328,13772000.0,0.0,1.0
2022-06-21,DIS,93.29000091552734,90.45054626464844,16649800.0,0.0,1.0
2022-06-21,GOOGL,2230.8799743652344,110.49258422851562,2370800.0,0.0,1.0
2022-06-21,GS,284.80999755859375,256.6958923339844,2506300.0,0.0,1.0
2022-06-22,AAPL,135.35000610351562,132.57212829589844,73409200.0,0.0,1.0
2022-06-22,AMZN,108.9499969482422,108.9499969482422,60040100.0,0.0,1.0
2022-06-22,BA,137.16000366210938,137.16000366210938,7713300.0,0.0,1.0
2022-06-22,BAC,32.599998474121094,29.292163848876953,38305600.0,0.0,1.0
2022-06-22,CAT,187.8300018310547,174.97975158691406,4008700.0,0.0,1.0
2022-06-22,COST,459.9599914550781,437.9697570800781,1827500.0,0.0,1.0
2022-06-22,CVX,147.8699951171875,124.71222686767578,13735800.0,0.0,1.0
2022-06-22,DIS,93.5,90.65415954589844,11403500.0,0.0,1.0
2022-06-22,GOOGL,2229.750061035156,110.43663024902344,1538700.0,0.0,1.0
2022-06-22,GS,284.5400085449219,256.4525146484375,2463100.0,0.0,1.0
2022-06-23,AAPL,138.27000427246094,135.43218994140625,72433800.0,0.0,1.0
2022-06-23,AMZN,112.44000244140624,112.44000244140624,64345300.0,0.0,1.0
2022-06-23,BA,133.97000122070312,133.97000122070312,10746900.0,0.0,1.0
2022-06-23,BAC,32.08000183105469,28.824926376342773,44091500.0,0.0,1.0
2022-06-23,CAT,178.6699981689453,166.44642639160156,6667900.0,0.0,1.0
2022-06-23,COST,475.0,452.290771484375,2030100.0,0.0,1.0
2022-06-23,CVX,142.42999267578125,120.12417602539062,15713700.0,0.0,1.0
2022-06-23,DIS,94.3000030517578,91.4298095703125,11348800.0,0.0,1.0
2022-06-23,GOOGL,2244.8399353027344,111.18399047851562,1418100.0,0.0,1.0
2022-06-23,GS,286.1700134277344,257.9216613769531,2547000.0,0.0,1.0
2022-06-24,AAPL,141.66000366210938,138.75257873535156,89116800.0,0.0,1.0
2022-06-24,AMZN,116.45999908447266,116.45999908447266,69867600.0,0.0,1.0
2022-06-24,BA,141.52999877929688,141.52999877929688,13626200.0,0.0,1.0
2022-06-24,BAC,32.310001373291016,29.03159523010254,79504700.0,0.0,1.0
2022-06-24,CAT,185.4900054931641,172.7998504638672,4868900.0,0.0,1.0
2022-06-24,COST,484.3699951171875,461.2127685546875,2862600.0,0.0,1.0
2022-06-24,CVX,144.77000427246094,122.09773254394533,11108300.0,0.0,1.0
2022-06-24,DIS,97.77999877929688,94.80387878417967,11681200.0,0.0,1.0
2022-06-24,GOOGL,2359.499969482422,116.86296081542967,2058200.0,0.0,1.0
2022-06-24,GS,302.75,272.86492919921875,3984300.0,0.0,1.0
2022-06-27,AAPL,141.66000366210938,138.75257873535156,70207900.0,0.0,1.0
2022-06-27,AMZN,113.22000122070312,113.22000122070312,62133200.0,0.0,1.0
2022-06-27,BA,138.72000122070312,138.72000122070312,8457400.0,0.0,1.0
2022-06-27,BAC,32.349998474121094,29.06752586364746,47900300.0,0.0,1.0
2022-06-27,CAT,187.58999633789065,174.7562255859375,3061100.0,0.0,1.0
2022-06-27,COST,481.75,458.7180786132813,2034700.0,0.0,1.0
2022-06-27,CVX,147.57000732421875,124.4592056274414,9242400.0,0.0,1.0
2022-06-27,DIS,96.61000061035156,93.66950225830078,10793700.0,0.0,1.0
2022-06-27,GOOGL,2316.6700744628906,114.7416534423828,1821000.0,0.0,1.0
2022-06-27,GS,300.7799987792969,271.0894775390625,2091700.0,0.0,1.0
2022-06-28,AAPL,137.44000244140625,134.61920166015625,67083400.0,0.0,1.0
2022-06-28,AMZN,107.4000015258789,107.4000015258789,74942900.0,0.0,1.0
2022-06-28,BA,138.6999969482422,138.6999969482422,12125400.0,0.0,1.0
2022-06-28,BAC,32.2599983215332,28.986661911010746,49863800.0,0.0,1.0
2022-06-28,CAT,187.44000244140625,174.61643981933594,3327200.0,0.0,1.0
2022-06-28,COST,468.6099853515625,446.2062377929687,1754600.0,0.0,1.0
2022-06-28,CVX,149.94000244140625,126.4580535888672,9183300.0,0.0,1.0
2022-06-28,DIS,95.91999816894533,93.00049591064452,16812400.0,0.0,1.0
2022-06-28,GOOGL,2240.1499938964844,110.95172119140624,1789600.0,0.0,1.0
2022-06-28,GS,299.489990234375,269.9267883300781,2276600.0,0.0,1.0
2022-06-29,AAPL,139.22999572753906,136.37246704101562,66242400.0,0.0,1.0
2022-06-29,AMZN,108.91999816894533,108.91999816894533,66375300.0,0.0,1.0
2022-06-29,BA,138.4499969482422,138.4499969482422,7489200.0,0.0,1.0
2022-06-29,BAC,31.86000061035156,28.62724876403809,35149700.0,0.0,1.0
2022-06-29,CAT,183.47999572753903,170.92738342285156,2436900.0,0.0,1.0
2022-06-29,COST,469.8399963378906,447.37744140625,1275600.0,0.0,1.0
2022-06-29,CVX,146.97999572753906,123.96160888671876,9082900.0,0.0,1.0
2022-06-29,DIS,95.6500015258789,92.73871612548828,8653200.0,0.0,1.0
2022-06-29,GOOGL,2234.029998779297,110.64860534667967,1235800.0,0.0,1.0
2022-06-29,GS,303.2799987792969,273.3426208496094,2475900.0,0.0,1.0
2022-06-30,AAPL,136.72000122070312,133.91397094726562,98964500.0,0.0,1.0
2022-06-30,AMZN,106.20999908447266,106.20999908447266,97679400.0,0.0,1.0
2022-06-30,BA,136.72000122070312,136.72000122070312,8455100.0,0.0,1.0
2022-06-30,BAC,31.1299991607666,27.97132110595703,46312300.0,0.0,1.0
2022-06-30,CAT,178.75999450683594,166.5302734375,4197100.0,0.0,1.0
2022-06-30,COST,479.2799987792969,456.3661804199219,3852400.0,0.0,1.0
2022-06-30,CVX,144.77999877929688,122.10613250732422,10685000.0,0.0,1.0
2022-06-30,DIS,94.4000015258789,91.52677154541016,10983500.0,0.0,1.0
2022-06-30,GOOGL,2179.2599487304688,107.93590545654295,2158500.0,0.0,1.0
2022-06-30,GS,297.0199890136719,267.70062255859375,2669500.0,0.0,1.0
2022-07-01,AAPL,138.92999267578125,136.0785675048828,71051600.0,0.0,1.0
2022-07-01,AMZN,109.55999755859376,109.55999755859376,73021200.0,0.0,1.0
2022-07-01,BA,139.83999633789062,139.83999633789062,7627100.0,0.0,1.0
2022-07-01,BAC,31.559999465942383,28.357690811157227,40236100.0,0.0,1.0
2022-07-01,CAT,178.2899932861328,166.0924530029297,3423100.0,0.0,1.0
2022-07-01,COST,485.760009765625,462.5363464355469,2660400.0,0.0,1.0
2022-07-01,CVX,146.50999450683594,123.56520080566406,7684600.0,0.0,1.0
2022-07-01,DIS,96.13999938964844,93.21379852294922,10543400.0,0.0,1.0
2022-07-01,GOOGL,2174.750061035156,107.71253967285156,1773800.0,0.0,1.0
2022-07-01,GS,299.2300109863281,269.6925048828125,1749400.0,0.0,1.0
2022-07-05,AAPL,141.55999755859375,138.65464782714844,73353800.0,0.0,1.0
2022-07-05,AMZN,113.5,113.5,76583700.0,0.0,1.0
2022-07-05,BA,137.6999969482422,137.6999969482422,10065900.0,0.0,1.0
2022-07-05,BAC,31.239999771118164,28.070161819458008,47411800.0,0.0,1.0
2022-07-05,CAT,173.75999450683594,161.87234497070312,3724900.0,0.0,1.0
2022-07-05,COST,488.260009765625,464.9167785644531,2489400.0,0.0,1.0
2022-07-05,CVX,142.66000366210938,120.31818389892578,11513100.0,0.0,1.0
2022-07-05,DIS,97.18000030517578,94.22215270996094,10660600.0,0.0,1.0
2022-07-05,GOOGL,2265.260009765625,112.19538116455078,1967100.0,0.0,1.0
2022-07-05,GS,297.20001220703125,267.8628234863281,2480900.0,0.0,1.0
2022-07-06,AAPL,142.9199981689453,139.9867401123047,74064300.0,0.0,1.0
2022-07-06,AMZN,114.33000183105467,114.33000183105467,66958900.0,0.0,1.0
2022-07-06,BA,136.30999755859375,136.30999755859375,6608000.0,0.0,1.0
2022-07-06,BAC,30.979999542236328,27.83654403686523,35933700.0,0.0,1.0
2022-07-06,CAT,172.30999755859375,160.52154541015625,3190600.0,0.0,1.0
2022-07-06,COST,492.6499938964844,469.096923828125,2262300.0,0.0,1.0
2022-07-06,CVX,140.77999877929688,118.73258209228516,12421200.0,0.0,1.0
2022-07-06,DIS,96.08000183105467,93.15563201904295,8640200.0,0.0,1.0
2022-07-06,GOOGL,2291.439971923828,113.49205017089844,1871600.0,0.0,1.0
2022-07-06,GS,293.760009765625,264.7624206542969,1774500.0,0.0,1.0
2022-07-07,AAPL,146.35000610351562,143.34637451171875,66253700.0,0.0,1.0
2022-07-07,AMZN,116.33000183105467,116.33000183105467,57872300.0,0.0,1.0
2022-07-07,BA,139.97000122070312,139.97000122070312,7674400.0,0.0,1.0
2022-07-07,BAC,31.86000061035156,28.62724876403809,40137900.0,0.0,1.0
2022-07-07,CAT,180.27999877929688,167.94627380371094,4677600.0,0.0,1.0
2022-07-07,COST,494.9500122070313,471.2869873046875,2125200.0,0.0,1.0
2022-07-07,CVX,143.52000427246094,121.0435028076172,12741800.0,0.0,1.0
2022-07-07,DIS,97.43000030517578,94.46453094482422,7813100.0,0.0,1.0
2022-07-07,GOOGL,2375.659942626953,117.6633529663086,2046800.0,0.0,1.0
2022-07-07,GS,298.6000061035156,269.1246643066406,2046500.0,0.0,1.0
2022-07-08,AAPL,147.0399932861328,144.0221405029297,64547800.0,0.0,1.0
2022-07-08,AMZN,115.54000091552734,115.54000091552734,45719700.0,0.0,1.0
2022-07-08,BA,139.07000732421875,139.07000732421875,5655500.0,0.0,1.0
2022-07-08,BAC,31.790000915527344,28.56435775756836,31153800.0,0.0,1.0
2022-07-08,CAT,179.10000610351562,166.84703063964844,2491100.0,0.0,1.0
2022-07-08,COST,501.5400085449219,477.56195068359375,2607800.0,0.0,1.0
2022-07-08,CVX,142.77000427246094,120.41092681884766,7915500.0,0.0,1.0
2022-07-08,DIS,95.86000061035156,92.94232177734376,7717300.0,0.0,1.0
2022-07-08,GOOGL,2387.0700073242188,118.22847747802734,1911900.0,0.0,1.0
2022-07-08,GS,296.4700012207031,267.20489501953125,1438900.0,0.0,1.0
2022-07-11,AAPL,144.8699951171875,141.89671325683594,63141600.0,0.0,1.0
2022-07-11,AMZN,111.75,111.75,53487600.0,0.0,1.0
2022-07-11,BA,136.99000549316406,136.99000549316406,6176500.0,0.0,1.0
2022-07-11,BAC,31.459999084472656,28.267837524414062,29311900.0,0.0,1.0
2022-07-11,CAT,175.02000427246094,163.04615783691406,2773300.0,0.0,1.0
2022-07-11,COST,498.8999938964844,475.048095703125,1891100.0,0.0,1.0
2022-07-11,CVX,141.50999450683594,119.3482437133789,7056800.0,0.0,1.0
2022-07-11,DIS,93.63999938964844,90.78990173339844,7643700.0,0.0,1.0
2022-07-11,GOOGL,2313.5299682617188,114.5861358642578,1559800.0,0.0,1.0
2022-07-11,GS,293.17999267578125,264.2396545410156,1519400.0,0.0,1.0
2022-07-12,AAPL,145.86000061035156,142.8663787841797,77588800.0,0.0,1.0
2022-07-12,AMZN,109.22000122070312,109.22000122070312,54280300.0,0.0,1.0
2022-07-12,BA,147.14999389648438,147.14999389648438,18598200.0,0.0,1.0
2022-07-12,BAC,31.36000061035156,28.1779842376709,39527000.0,0.0,1.0
2022-07-12,CAT,174.49000549316406,162.55245971679688,2718400.0,0.0,1.0
2022-07-12,COST,490.5700073242187,467.1163635253906,1775300.0,0.0,1.0
2022-07-12,CVX,138.9199981689453,117.16388702392578,8653900.0,0.0,1.0
2022-07-12,DIS,93.5999984741211,90.75111389160156,8665300.0,0.0,1.0
2022-07-12,GOOGL,2280.4100036621094,112.94574737548828,1498000.0,0.0,1.0
2022-07-12,GS,292.5299987792969,263.6537780761719,1772600.0,0.0,1.0
2022-07-13,AAPL,145.49000549316406,142.5039825439453,71185600.0,0.0,1.0
2022-07-13,AMZN,110.4000015258789,110.4000015258789,61353800.0,0.0,1.0
2022-07-13,BA,143.9499969482422,143.9499969482422,9038700.0,0.0,1.0
2022-07-13,BAC,30.84000015258789,27.71074676513672,44153700.0,0.0,1.0
2022-07-13,CAT,173.8699951171875,161.97482299804688,2389000.0,0.0,1.0
2022-07-13,COST,492.2200012207031,468.6875,2008400.0,0.0,1.0
2022-07-13,CVX,137.99000549316406,116.37953186035156,9414600.0,0.0,1.0
2022-07-13,DIS,92.94000244140624,90.1112060546875,12006400.0,0.0,1.0
2022-07-13,GOOGL,2227.0700073242188,110.30388641357422,2186100.0,0.0,1.0
2022-07-13,GS,290.1499938964844,261.50872802734375,1884100.0,0.0,1.0
2022-07-14,AAPL,148.47000122070312,145.4228515625,78140700.0,0.0,1.0
2022-07-14,AMZN,110.62999725341795,110.62999725341795,51163100.0,0.0,1.0
2022-07-14,BA,147.14999389648438,147.14999389648438,9456100.0,0.0,1.0
2022-07-14,BAC,30.1299991607666,27.07278823852539,51707800.0,0.0,1.0
2022-07-14,CAT,169.94000244140625,158.313720703125,2531200.0,0.0,1.0
2022-07-14,COST,511.94000244140625,487.4646911621094,3715600.0,0.0,1.0
2022-07-14,CVX,135.94000244140625,114.65057373046876,10150200.0,0.0,1.0
2022-07-14,DIS,91.83999633789062,89.04467010498047,11146400.0,0.0,1.0
2022-07-14,GOOGL,2207.3500061035156,109.32717895507812,1850200.0,0.0,1.0
2022-07-14,GS,281.5899963378906,253.7936859130859,3171900.0,0.0,1.0
2022-07-15,AAPL,150.1699981689453,147.08790588378906,76259900.0,0.0,1.0
2022-07-15,AMZN,113.5500030517578,113.5500030517578,84317800.0,0.0,1.0
2022-07-15,BA,147.74000549316406,147.74000549316406,7910400.0,0.0,1.0
2022-07-15,BAC,32.25,28.977678298950195,77801700.0,0.0,1.0
2022-07-15,CAT,173.3800048828125,161.5183563232422,2282100.0,0.0,1.0
2022-07-15,COST,522.9500122070312,497.9482421875,4265100.0,0.0,1.0
2022-07-15,CVX,137.64999389648438,116.09274291992188,7051900.0,0.0,1.0
2022-07-15,DIS,95.1999969482422,92.30240631103516,14946700.0,0.0,1.0
2022-07-15,GOOGL,2235.5499267578125,110.72388458251952,2338500.0,0.0,1.0
2022-07-15,GS,293.8699951171875,264.861572265625,3457600.0,0.0,1.0
2022-07-18,AAPL,147.07000732421875,144.05160522460938,81420900.0,0.0,1.0
2022-07-18,AMZN,113.76000213623048,113.76000213623048,59115400.0,0.0,1.0
2022-07-18,BA,147.72000122070312,147.72000122070312,13948500.0,0.0,1.0
2022-07-18,BAC,32.2599983215332,28.986661911010746,56382900.0,0.0,1.0
2022-07-18,CAT,173.49000549316406,161.62083435058594,2476400.0,0.0,1.0
2022-07-18,COST,516.2999877929688,491.6162414550781,2464100.0,0.0,1.0
2022-07-18,CVX,139.5800018310547,117.72052001953124,7943900.0,0.0,1.0
2022-07-18,DIS,95.6999969482422,92.78719329833984,10430400.0,0.0,1.0
2022-07-18,GOOGL,109.02999877929688,108.00227355957033,43164600.0,0.0,20.0
2022-07-18,GS,301.260009765625,271.5220947265625,6767900.0,0.0,1.0
2022-07-19,AAPL,151.0,147.90089416503906,82982400.0,0.0,1.0
2022-07-19,AMZN,118.20999908447266,118.20999908447266,60990000.0,0.0,1.0
2022-07-19,BA,156.1300048828125,156.1300048828125,14183000.0,0.0,1.0
2022-07-19,BAC,33.349998474121094,29.966062545776367,46874900.0,0.0,1.0
2022-07-19,CAT,179.49000549316406,168.37498474121094,2671400.0,1.2,1.0
2022-07-19,COST,520.22998046875,495.3583984375,2391000.0,0.0,1.0
2022-07-19,CVX,144.61000061035156,121.96277618408205,9152100.0,0.0,1.0
2022-07-19,DIS,99.61000061035156,96.57819366455078,13683400.0,0.0,1.0
2022-07-19,GOOGL,113.80999755859376,112.73721313476562,36530900.0,0.0,1.0
2022-07-19,GS,318.04998779296875,286.65472412109375,5641100.0,0.0,1.0
2022-07-20,AAPL,153.0399932861328,149.8990020751953,64823400.0,0.0,1.0
2022-07-20,AMZN,122.7699966430664,122.7699966430664,71268300.0,0.0,1.0
2022-07-20,BA,158.3800048828125,158.3800048828125,8668600.0,0.0,1.0
2022-07-20,BAC,33.36000061035156,29.975051879882812,35514900.0,0.0,1.0
2022-07-20,CAT,179.97000122070312,168.8252716064453,2175900.0,0.0,1.0
2022-07-20,COST,524.2000122070312,499.13861083984375,1740700.0,0.0,1.0
2022-07-20,CVX,146.52000427246094,123.57365417480467,7856600.0,0.0,1.0
2022-07-20,DIS,103.3499984741211,100.20435333251952,15112700.0,0.0,1.0
2022-07-20,GOOGL,113.9000015258789,112.82637786865234,35600400.0,0.0,1.0
2022-07-20,GS,321.45001220703125,289.7191162109375,3489800.0,0.0,1.0
2022-07-21,AAPL,155.35000610351562,152.16160583496094,65086600.0,0.0,1.0
2022-07-21,AMZN,124.62999725341795,124.62999725341795,60239900.0,0.0,1.0
2022-07-21,BA,161.41000366210938,161.41000366210938,8044100.0,0.0,1.0
2022-07-21,BAC,33.650001525878906,30.235620498657227,31244000.0,0.0,1.0
2022-07-21,CAT,180.9900054931641,169.78208923339844,2214500.0,0.0,1.0
2022-07-21,COST,529.4600219726562,504.1470947265625,1716100.0,0.0,1.0
2022-07-21,CVX,145.39999389648438,122.6290512084961,6724200.0,0.0,1.0
2022-07-21,DIS,104.18000030517578,101.00908660888672,8611300.0,0.0,1.0
2022-07-21,GOOGL,114.33999633789062,113.2622299194336,32676200.0,0.0,1.0
2022-07-21,GS,326.5400085449219,294.306640625,2518800.0,0.0,1.0
2022-07-22,AAPL,154.08999633789062,150.92750549316406,66675400.0,0.0,1.0
2022-07-22,AMZN,122.41999816894533,122.41999816894533,51463800.0,0.0,1.0
2022-07-22,BA,158.16000366210938,158.16000366210938,7594900.0,0.0,1.0
2022-07-22,BAC,33.43000030517578,30.037944793701172,27115400.0,0.0,1.0
2022-07-22,CAT,178.6199951171875,167.55882263183594,1961500.0,0.0,1.0
2022-07-22,COST,529.719970703125,504.3946838378906,1800800.0,0.0,1.0
2022-07-22,CVX,144.19000244140625,121.60856628417967,5889500.0,0.0,1.0
2022-07-22,DIS,102.72000122070312,99.5935287475586,7803500.0,0.0,1.0
2022-07-22,GOOGL,107.9000015258789,106.8829345703125,48901200.0,0.0,1.0
2022-07-22,GS,323.92999267578125,291.95428466796875,1830300.0,0.0,1.0
2022-07-25,AAPL,152.9499969482422,149.8108673095703,53623900.0,0.0,1.0
2022-07-25,AMZN,121.13999938964844,121.13999938964844,50221300.0,0.0,1.0
2022-07-25,BA,156.63999938964844,156.63999938964844,5764700.0,0.0,1.0
2022-07-25,BAC,33.72999954223633,30.307506561279297,30381000.0,0.0,1.0
2022-07-25,CAT,181.80999755859375,170.55126953125,1845600.0,0.0,1.0
2022-07-25,COST,529.1400146484375,503.8424377441406,1452700.0,0.0,1.0
2022-07-25,CVX,148.47999572753906,125.22672271728516,6210900.0,0.0,1.0
2022-07-25,DIS,102.69000244140624,99.56444549560548,6726700.0,0.0,1.0
2022-07-25,GOOGL,107.51000213623048,106.49661254882812,34690900.0,0.0,1.0
2022-07-25,GS,324.1199951171875,292.12548828125,4024500.0,0.0,1.0
2022-07-26,AAPL,151.60000610351562,148.48855590820312,55138700.0,0.0,1.0
2022-07-26,AMZN,114.80999755859376,114.80999755859376,67075100.0,0.0,1.0
2022-07-26,BA,155.9199981689453,155.9199981689453,6053100.0,0.0,1.0
2022-07-26,BAC,33.04999923706055,29.69649887084961,30645700.0,0.0,1.0
2022-07-26,CAT,181.22999572753903,170.0072021484375,1767700.0,0.0,1.0
2022-07-26,COST,511.9299926757813,487.4551086425781,3334800.0,0.0,1.0
2022-07-26,CVX,147.32000732421875,124.24834442138672,6112800.0,0.0,1.0
2022-07-26,DIS,99.77999877929688,96.74300384521484,6346600.0,0.0,1.0
2022-07-26,GOOGL,105.0199966430664,104.03008270263672,47991000.0,0.0,1.0
2022-07-26,GS,318.54998779296875,287.10540771484375,2054700.0,0.0,1.0
2022-07-27,AAPL,156.7899932861328,153.572021484375,78620700.0,0.0,1.0
2022-07-27,AMZN,120.97000122070312,120.97000122070312,61582000.0,0.0,1.0
2022-07-27,BA,156.08999633789062,156.08999633789062,16356600.0,0.0,1.0
2022-07-27,BAC,33.59000015258789,30.18170928955078,30344800.0,0.0,1.0
2022-07-27,CAT,185.25,173.7782440185547,1856500.0,0.0,1.0
2022-07-27,COST,522.3099975585938,497.3389587402344,2060100.0,0.0,1.0
2022-07-27,CVX,149.25999450683594,125.884521484375,6223000.0,0.0,1.0
2022-07-27,DIS,103.5,100.34979248046876,9684800.0,0.0,1.0
2022-07-27,GOOGL,113.05999755859376,111.99429321289062,59858500.0,0.0,1.0
2022-07-27,GS,324.5400085449219,292.5040283203125,2081900.0,0.0,1.0
2022-07-28,AAPL,157.35000610351562,154.12057495117188,81378700.0,0.0,1.0
2022-07-28,AMZN,122.27999877929688,122.27999877929688,82245500.0,0.0,1.0
2022-07-28,BA,159.08999633789062,159.08999633789062,8729100.0,0.0,1.0
2022-07-28,BAC,33.31999969482422,29.939104080200195,40176500.0,0.0,1.0
2022-07-28,CAT,187.83999633789065,176.20787048339844,2229200.0,0.0,1.0
2022-07-28,COST,536.1799926757812,511.4270935058594,2083300.0,0.9,1.0
2022-07-28,CVX,150.38999938964844,126.83755493164062,6574300.0,0.0,1.0
2022-07-28,DIS,104.9000015258789,101.70718383789062,7970300.0,0.0,1.0
2022-07-28,GOOGL,114.22000122070312,113.14336395263672,32816600.0,0.0,1.0
2022-07-28,GS,329.1099853515625,296.62286376953125,1820700.0,0.0,1.0
2022-07-29,AAPL,162.50999450683594,159.17465209960938,101786900.0,0.0,1.0
2022-07-29,AMZN,134.9499969482422,134.9499969482422,148892900.0,0.0,1.0
2022-07-29,BA,159.30999755859375,159.30999755859375,5743500.0,0.0,1.0
2022-07-29,BAC,33.810001373291016,30.3793888092041,48152500.0,0.0,1.0
2022-07-29,CAT,198.25,185.9732208251953,5188100.0,0.0,1.0
2022-07-29,COST,541.2999877929688,516.3106689453125,2131500.0,0.0,1.0
2022-07-29,CVX,163.77999877929688,138.1305694580078,17143700.0,0.0,1.0
2022-07-29,DIS,106.0999984741211,102.8706512451172,10320000.0,0.0,1.0
2022-07-29,GOOGL,116.31999969482422,115.22357177734376,37223400.0,0.0,1.0
2022-07-29,GS,333.3900146484375,300.48046875,2112200.0,0.0,1.0
2022-08-01,AAPL,161.50999450683594,158.19520568847656,67829400.0,0.0,1.0
2022-08-01,AMZN,135.38999938964844,135.38999938964844,76846900.0,0.0,1.0
2022-08-01,BA,169.07000732421875,169.07000732421875,18321600.0,0.0,1.0
2022-08-01,BAC,33.709999084472656,30.28953742980957,32336700.0,0.0,1.0
2022-08-01,CAT,194.86000061035156,182.79318237304688,3185100.0,0.0,1.0
2022-08-01,COST,546.8099975585938,521.5663452148438,2256000.0,0.0,1.0
2022-08-01,CVX,160.50999450683594,135.37266540527344,8017800.0,0.0,1.0
2022-08-01,DIS,106.22000122070312,102.98700714111328,7769700.0,0.0,1.0
2022-08-01,GOOGL,114.86000061035156,113.77732849121094,26034300.0,0.0,1.0
2022-08-01,GS,332.0799865722656,299.2997741699219,1476500.0,0.0,1.0
2022-08-02,AAPL,160.00999450683594,156.7259979248047,59907000.0,0.0,1.0
2022-08-02,AMZN,134.16000366210938,134.16000366210938,61922400.0,0.0,1.0
2022-08-02,BA,163.27999877929688,163.27999877929688,10874300.0,0.0,1.0
2022-08-02,BAC,33.040000915527344,29.687522888183594,37884100.0,0.0,1.0
2022-08-02,CAT,183.5099945068359,172.14598083496094,8193100.0,0.0,1.0
2022-08-02,COST,543.4600219726562,518.3709106445312,1984200.0,0.0,1.0
2022-08-02,CVX,159.13999938964844,134.2172393798828,5928300.0,0.0,1.0
2022-08-02,DIS,104.70999908447266,101.52296447753906,9093000.0,0.0,1.0
2022-08-02,GOOGL,115.12999725341795,114.0447769165039,20236000.0,0.0,1.0
2022-08-02,GS,327.8800048828125,295.514404296875,1862900.0,0.0,1.0
2022-08-03,AAPL,166.1300048828125,162.72036743164062,82507500.0,0.0,1.0
2022-08-03,AMZN,139.52000427246094,139.52000427246094,71827800.0,0.0,1.0
2022-08-03,BA,166.63999938964844,166.63999938964844,6709100.0,0.0,1.0
2022-08-03,BAC,33.63999938964844,30.226634979248047,30065800.0,0.0,1.0
2022-08-03,CAT,182.8699951171875,171.545654296875,4155900.0,0.0,1.0
2022-08-03,COST,547.010009765625,521.7571411132812,1693300.0,0.0,1.0
2022-08-03,CVX,155.36000061035156,131.02920532226562,8751400.0,0.0,1.0
2022-08-03,DIS,109.0199966430664,105.70177459716795,11243000.0,0.0,1.0
2022-08-03,GOOGL,118.08000183105467,116.9669952392578,28499000.0,0.0,1.0
2022-08-03,GS,333.1700134277344,300.2821960449219,1770600.0,0.0,1.0
2022-08-04,AAPL,165.80999755859375,162.4069366455078,55474100.0,0.0,1.0
2022-08-04,AMZN,142.57000732421875,142.57000732421875,70585000.0,0.0,1.0
2022-08-04,BA,166.5,166.5,5039600.0,0.0,1.0
2022-08-04,BAC,33.400001525878906,30.010988235473633,28404500.0,0.0,1.0
2022-08-04,CAT,183.63999938964844,172.2679901123047,2478900.0,0.0,1.0
2022-08-04,COST,543.280029296875,518.19921875,2000500.0,0.0,1.0
2022-08-04,CVX,151.13999938964844,127.47010803222656,10640000.0,0.0,1.0
2022-08-04,DIS,108.12000274658205,104.82917022705078,7322400.0,0.0,1.0
2022-08-04,GOOGL,118.19000244140624,117.07594299316406,21602900.0,0.0,1.0
2022-08-04,GS,331.8699951171875,299.1104736328125,1533400.0,0.0,1.0
2022-08-05,AAPL,165.35000610351562,162.18133544921875,56697000.0,0.23,1.0
2022-08-05,AMZN,140.8000030517578,140.8000030517578,50686900.0,0.0,1.0
2022-08-05,BA,165.0399932861328,165.0399932861328,4709100.0,0.0,1.0
2022-08-05,BAC,33.959999084472656,30.5141658782959,35874500.0,0.0,1.0
2022-08-05,CAT,185.38999938964844,173.9095916748047,1908500.0,0.0,1.0
2022-08-05,COST,540.6699829101562,515.709716796875,1711500.0,0.0,1.0
2022-08-05,CVX,153.63999938964844,129.57859802246094,7170200.0,0.0,1.0
2022-08-05,DIS,106.62999725341795,103.384521484375,10100000.0,0.0,1.0
2022-08-05,GOOGL,117.47000122070312,116.36273956298828,19159500.0,0.0,1.0
2022-08-05,GS,334.6700134277344,301.6342468261719,1876400.0,0.0,1.0
2022-08-08,AAPL,164.8699951171875,161.7105255126953,60276900.0,0.0,1.0
2022-08-08,AMZN,139.41000366210938,139.41000366210938,52229000.0,0.0,1.0
2022-08-08,BA,165.88999938964844,165.88999938964844,11293200.0,0.0,1.0
2022-08-08,BAC,33.4900016784668,30.091856002807617,33454300.0,0.0,1.0
2022-08-08,CAT,185.80999755859375,174.30357360839844,2655000.0,0.0,1.0
2022-08-08,COST,541.9000244140625,516.8829956054688,1344100.0,0.0,1.0
2022-08-08,CVX,153.41000366210938,129.38461303710938,5966900.0,0.0,1.0
2022-08-08,DIS,109.11000061035156,105.7890396118164,13025900.0,0.0,1.0
2022-08-08,GOOGL,117.3000030517578,116.19432830810548,19138300.0,0.0,1.0
2022-08-08,GS,334.67999267578125,301.6431579589844,1460000.0,0.0,1.0
2022-08-09,AAPL,164.9199981689453,161.75961303710938,63135500.0,0.0,1.0
2022-08-09,AMZN,137.8300018310547,137.8300018310547,40434700.0,0.0,1.0
2022-08-09,BA,164.85000610351562,164.85000610351562,6064800.0,0.0,1.0
2022-08-09,BAC,33.91999816894531,30.478227615356445,40196900.0,0.0,1.0
2022-08-09,CAT,186.02999877929688,174.50997924804688,2460000.0,0.0,1.0
2022-08-09,COST,535.8200073242188,511.0837707519531,1877300.0,0.0,1.0
2022-08-09,CVX,155.41000366210938,131.07142639160156,5842200.0,0.0,1.0
2022-08-09,DIS,108.12999725341795,104.8388671875,8776500.0,0.0,1.0
2022-08-09,GOOGL,116.62999725341795,115.53064727783205,19086500.0,0.0,1.0
2022-08-09,GS,336.6199951171875,303.3916015625,1587900.0,0.0,1.0
2022-08-10,AAPL,169.24000549316406,165.99679565429688,70170500.0,0.0,1.0
2022-08-10,AMZN,142.69000244140625,142.69000244140625,54773800.0,0.0,1.0
2022-08-10,BA,169.02000427246094,169.02000427246094,7181700.0,0.0,1.0
2022-08-10,BAC,35.06999969482422,31.511537551879883,61415800.0,0.0,1.0
2022-08-10,CAT,190.72000122070312,178.90956115722656,2304300.0,0.0,1.0
2022-08-10,COST,539.8200073242188,514.8989868164062,2336600.0,0.0,1.0
2022-08-10,CVX,155.82000732421875,131.41720581054688,6145800.0,0.0,1.0
2022-08-10,DIS,112.43000030517578,109.00799560546876,26398700.0,0.0,1.0
2022-08-10,GOOGL,119.6999969482422,118.57170867919922,30930400.0,0.0,1.0
2022-08-10,GS,347.9100036621094,313.5671691894531,2459500.0,0.0,1.0
2022-08-11,AAPL,168.49000549316406,165.26121520996094,57149200.0,0.0,1.0
2022-08-11,AMZN,140.63999938964844,140.63999938964844,44867300.0,0.0,1.0
2022-08-11,BA,167.8800048828125,167.8800048828125,4996800.0,0.0,1.0
2022-08-11,BAC,35.90999984741211,32.26630783081055,50420800.0,0.0,1.0
2022-08-11,CAT,194.0,181.98638916015625,2538900.0,0.0,1.0
2022-08-11,COST,532.2000122070312,507.63079833984375,2340200.0,0.0,1.0
2022-08-11,CVX,159.6199951171875,134.6220703125,7888600.0,0.0,1.0
2022-08-11,DIS,117.69000244140624,114.10789489746094,50375000.0,0.0,1.0
2022-08-11,GOOGL,118.83999633789062,117.71981048583984,24293700.0,0.0,1.0
2022-08-11,GS,351.67999267578125,316.96502685546875,2360800.0,0.0,1.0
2022-08-12,AAPL,172.10000610351562,168.80201721191406,68039400.0,0.0,1.0
2022-08-12,AMZN,143.5500030517578,143.5500030517578,47643500.0,0.0,1.0
2022-08-12,BA,169.99000549316406,169.99000549316406,4345200.0,0.0,1.0
2022-08-12,BAC,36.29999923706055,32.61672592163086,31821700.0,0.0,1.0
2022-08-12,CAT,196.83999633789065,184.65057373046875,1864800.0,0.0,1.0
2022-08-12,COST,537.2100219726562,512.4094848632812,1918200.0,0.0,1.0
2022-08-12,CVX,159.85000610351562,134.81605529785156,7244700.0,0.0,1.0
2022-08-12,DIS,121.56999969482422,117.86979675292967,21964800.0,0.0,1.0
2022-08-12,GOOGL,121.68000030517578,120.53304290771484,19096300.0,0.0,1.0
2022-08-12,GS,353.82000732421875,318.893798828125,2369000.0,0.0,1.0
2022-08-15,AAPL,173.19000244140625,169.87110900878906,54091700.0,0.0,1.0
2022-08-15,AMZN,143.17999267578125,143.17999267578125,39014600.0,0.0,1.0
2022-08-15,BA,170.47000122070312,170.47000122070312,4734700.0,0.0,1.0
2022-08-15,BAC,36.25,32.57182312011719,24908000.0,0.0,1.0
2022-08-15,CAT,195.9499969482422,183.81564331054688,1752400.0,0.0,1.0
2022-08-15,COST,545.75,520.5552978515625,1848000.0,0.0,1.0
2022-08-15,CVX,156.80999755859375,132.2521514892578,8975200.0,0.0,1.0
2022-08-15,DIS,124.26000213623048,120.47792053222656,24628300.0,0.0,1.0
2022-08-15,GOOGL,122.08000183105467,120.92926025390624,19494800.0,0.0,1.0
2022-08-15,GS,355.8500061035156,320.7233581542969,2045700.0,0.0,1.0
2022-08-16,AAPL,173.02999877929688,169.71414184570312,56377100.0,0.0,1.0
2022-08-16,AMZN,144.77999877929688,144.77999877929688,59102900.0,0.0,1.0
2022-08-16,BA,172.0800018310547,172.0800018310547,5259600.0,0.0,1.0
2022-08-16,BAC,36.63999938964844,32.9222297668457,31870200.0,0.0,1.0
2022-08-16,CAT,197.52000427246097,185.28846740722656,1959300.0,0.0,1.0
2022-08-16,COST,553.02001953125,527.4898681640625,2498000.0,0.0,1.0
2022-08-16,CVX,156.41000366210938,131.91476440429688,7218400.0,0.0,1.0
2022-08-16,DIS,124.95999908447266,121.15660858154295,14607300.0,0.0,1.0
2022-08-16,GOOGL,121.6999969482422,120.55284881591795,19041200.0,0.0,1.0
2022-08-16,GS,354.9700012207031,319.9302062988281,1740900.0,0.0,1.0
2022-08-17,AAPL,174.5500030517578,171.20501708984375,79542000.0,0.0,1.0
2022-08-17,AMZN,142.10000610351562,142.10000610351562,48149800.0,0.0,1.0
2022-08-17,BA,167.1999969482422,167.1999969482422,6533500.0,0.0,1.0
2022-08-17,BAC,36.40999984741211,32.71556854248047,27125600.0,0.0,1.0
2022-08-17,CAT,195.92999267578125,183.79693603515625,1576200.0,0.0,1.0
2022-08-17,COST,556.3200073242188,530.6372680664062,1835200.0,0.0,1.0
2022-08-17,CVX,157.6999969482422,133.0027618408203,6741100.0,0.0,1.0
2022-08-17,DIS,122.80999755859376,119.07205963134766,9140900.0,0.0,1.0
2022-08-17,GOOGL,119.5500030517578,118.42312622070312,22847000.0,0.0,1.0
2022-08-17,GS,353.739990234375,318.8216552734375,1576300.0,0.0,1.0
2022-08-18,AAPL,174.14999389648438,170.81272888183594,62290100.0,0.0,1.0
2022-08-18,AMZN,142.3000030517578,142.3000030517578,37458700.0,0.0,1.0
2022-08-18,BA,168.69000244140625,168.69000244140625,4404600.0,0.0,1.0
2022-08-18,BAC,36.279998779296875,32.59876251220703,23138300.0,0.0,1.0
2022-08-18,CAT,197.3500061035156,185.12901306152344,1750900.0,0.0,1.0
2022-08-18,COST,560.9600219726562,535.0631103515625,1619200.0,0.0,1.0
2022-08-18,CVX,159.02000427246094,135.3346405029297,6477500.0,1.42,1.0
2022-08-18,DIS,122.66999816894533,118.93630981445312,7343900.0,0.0,1.0
2022-08-18,GOOGL,120.16999816894533,119.03728485107422,17987700.0,0.0,1.0
2022-08-18,GS,354.5199890136719,319.5246887207031,1102200.0,0.0,1.0
2022-08-19,AAPL,171.52000427246094,168.2331085205078,70346300.0,0.0,1.0
2022-08-19,AMZN,138.22999572753906,138.22999572753906,47792800.0,0.0,1.0
2022-08-19,BA,162.9199981689453,162.9199981689453,5736100.0,0.0,1.0
2022-08-19,BAC,35.47999954223633,31.879945755004883,36485400.0,0.0,1.0
2022-08-19,CAT,195.6000061035156,183.4873504638672,2003600.0,0.0,1.0
2022-08-19,COST,554.530029296875,528.929931640625,1617000.0,0.0,1.0
2022-08-19,CVX,157.69000244140625,134.20272827148438,6834200.0,0.0,1.0
2022-08-19,DIS,120.13999938964844,116.48332214355467,8702500.0,0.0,1.0
2022-08-19,GOOGL,117.20999908447266,116.1051788330078,21809500.0,0.0,1.0
2022-08-19,GS,349.2699890136719,314.7929382324219,1812300.0,0.0,1.0
2022-08-22,AAPL,167.57000732421875,164.3588104248047,69026800.0,0.0,1.0
2022-08-22,AMZN,133.22000122070312,133.22000122070312,50461500.0,0.0,1.0
2022-08-22,BA,158.97999572753906,158.97999572753906,5312300.0,0.0,1.0
2022-08-22,BAC,34.720001220703125,31.19705581665039,31210300.0,0.0,1.0
2022-08-22,CAT,191.7599945068359,179.8851318359375,2008900.0,0.0,1.0
2022-08-22,COST,545.469970703125,520.2880859375,1860900.0,0.0,1.0
2022-08-22,CVX,156.89999389648438,133.5303955078125,9147000.0,0.0,1.0
2022-08-22,DIS,115.94000244140624,112.41116333007812,11575800.0,0.0,1.0
2022-08-22,GOOGL,114.23999786376952,113.16319274902344,21456600.0,0.0,1.0
2022-08-22,GS,342.4200134277344,308.6191101074219,1723900.0,0.0,1.0
2022-08-23,AAPL,167.22999572753906,164.02532958984375,54147100.0,0.0,1.0
2022-08-23,AMZN,133.6199951171875,133.6199951171875,36252100.0,0.0,1.0
2022-08-23,BA,160.07000732421875,160.07000732421875,3425200.0,0.0,1.0
2022-08-23,BAC,34.40999984741211,30.91851234436035,26588000.0,0.0,1.0
2022-08-23,CAT,197.2100067138672,184.9976501464844,2444900.0,0.0,1.0
2022-08-23,COST,542.0700073242188,517.0451049804688,1359000.0,0.0,1.0
2022-08-23,CVX,161.99000549316406,137.86227416992188,10354800.0,0.0,1.0
2022-08-23,DIS,114.86000061035156,111.36402893066406,7180700.0,0.0,1.0
2022-08-23,GOOGL,113.86000061035156,112.78675842285156,15870400.0,0.0,1.0
2022-08-23,GS,340.17999267578125,306.6001892089844,1538000.0,0.0,1.0
2022-08-24,AAPL,167.52999877929688,164.31959533691406,53841500.0,0.0,1.0
2022-08-24,AMZN,133.8000030517578,133.8000030517578,38627000.0,0.0,1.0
2022-08-24,BA,163.60000610351562,163.60000610351562,4211300.0,0.0,1.0
2022-08-24,BAC,34.52000045776367,31.017353057861328,31389400.0,0.0,1.0
2022-08-24,CAT,194.16000366210935,182.1365203857422,2503200.0,0.0,1.0
2022-08-24,COST,543.219970703125,518.1420288085938,1145800.0,0.0,1.0
2022-08-24,CVX,163.19000244140625,138.88352966308594,9468100.0,0.0,1.0
2022-08-24,DIS,116.41000366210938,112.86685180664062,7840500.0,0.0,1.0
2022-08-24,GOOGL,113.69000244140624,112.61835479736328,17734600.0,0.0,1.0
2022-08-24,GS,341.94000244140625,308.18646240234375,1530800.0,0.0,1.0
2022-08-25,AAPL,170.02999877929688,166.77166748046875,51218200.0,0.0,1.0
2022-08-25,AMZN,137.27999877929688,137.27999877929688,37496300.0,0.0,1.0
2022-08-25,BA,169.3800048828125,169.3800048828125,4949400.0,0.0,1.0
2022-08-25,BAC,35.13999938964844,31.574426651000977,40576700.0,0.0,1.0
2022-08-25,CAT,198.8800048828125,186.56423950195312,1888700.0,0.0,1.0
2022-08-25,COST,550.77001953125,525.343505859375,1483300.0,0.0,1.0
2022-08-25,CVX,164.6199951171875,140.1005401611328,8050700.0,0.0,1.0
2022-08-25,DIS,117.45999908447266,113.88489532470705,6920900.0,0.0,1.0
2022-08-25,GOOGL,116.6500015258789,115.55046081542967,16956800.0,0.0,1.0
2022-08-25,GS,346.489990234375,312.28729248046875,1763900.0,0.0,1.0
2022-08-26,AAPL,163.6199951171875,160.4844970703125,78961000.0,0.0,1.0
2022-08-26,AMZN,130.75,130.75,53322700.0,0.0,1.0
2022-08-26,BA,164.52999877929688,164.52999877929688,4957400.0,0.0,1.0
2022-08-26,BAC,34.029998779296875,30.57706069946289,36152600.0,0.0,1.0
2022-08-26,CAT,191.9199981689453,180.03521728515625,2560400.0,0.0,1.0
2022-08-26,COST,531.8200073242188,507.268310546875,1886800.0,0.0,1.0
2022-08-26,CVX,163.41000366210938,139.07080078125,7765800.0,0.0,1.0
2022-08-26,DIS,114.06999969482422,110.59807586669922,7807400.0,0.0,1.0
2022-08-26,GOOGL,110.33999633789062,109.29993438720705,37245700.0,0.0,1.0
2022-08-26,GS,336.3999938964844,303.1933288574219,1703900.0,0.0,1.0
2022-08-29,AAPL,161.3800048828125,158.28744506835938,73314000.0,0.0,1.0
2022-08-29,AMZN,129.7899932861328,129.7899932861328,48101600.0,0.0,1.0
2022-08-29,BA,165.4199981689453,165.4199981689453,4727600.0,0.0,1.0
2022-08-29,BAC,33.900001525878906,30.46026039123535,34931000.0,0.0,1.0
2022-08-29,CAT,191.77999877929688,179.9038543701172,1996600.0,0.0,1.0
2022-08-29,COST,531.0599975585938,506.54339599609375,1579900.0,0.0,1.0
2022-08-29,CVX,164.6300048828125,140.10906982421875,8462600.0,0.0,1.0
2022-08-29,DIS,113.52999877929688,110.07451629638672,6882700.0,0.0,1.0
2022-08-29,GOOGL,109.41999816894533,108.38860321044922,21191200.0,0.0,1.0
2022-08-29,GS,333.9200134277344,300.9581298828125,1835600.0,0.0,1.0
2022-08-30,AAPL,158.91000366210938,155.86476135253906,77906200.0,0.0,1.0
2022-08-30,AMZN,128.72999572753906,128.72999572753906,49203000.0,0.0,1.0
2022-08-30,BA,162.2100067138672,162.2100067138672,6248600.0,0.0,1.0
2022-08-30,BAC,34.09000015258789,30.63097763061523,48194900.0,0.0,1.0
2022-08-30,CAT,186.94000244140625,175.36361694335938,2691200.0,0.0,1.0
2022-08-30,COST,524.1400146484375,499.9428405761719,1872700.0,0.0,1.0
2022-08-30,CVX,160.6199951171875,136.69631958007812,8814300.0,0.0,1.0
2022-08-30,DIS,112.43000030517578,109.00799560546876,8060000.0,0.0,1.0
2022-08-30,GOOGL,108.94000244140624,107.91313934326172,27513300.0,0.0,1.0
2022-08-30,GS,333.6300048828125,300.6967468261719,1830300.0,0.0,1.0
2022-08-31,AAPL,157.22000122070312,154.20716857910156,87991100.0,0.0,1.0
2022-08-31,AMZN,126.7699966430664,126.7699966430664,53648700.0,0.0,1.0
2022-08-31,BA,160.25,160.25,4123500.0,0.0,1.0
2022-08-31,BAC,33.61000061035156,30.199684143066406,44917600.0,0.0,1.0
2022-08-31,CAT,184.7100067138672,173.271728515625,2656600.0,0.0,1.0
2022-08-31,COST,522.0999755859375,497.9969787597656,2179800.0,0.0,1.0
2022-08-31,CVX,158.05999755859375,134.51763916015625,13582700.0,0.0,1.0
2022-08-31,DIS,112.08000183105467,108.6686553955078,7353000.0,0.0,1.0
2022-08-31,GOOGL,108.22000122070312,107.19992065429688,28627000.0,0.0,1.0
2022-08-31,GS,332.6700134277344,302.0952453613281,2488000.0,2.5,1.0
2022-09-01,AAPL,157.9600067138672,154.93296813964844,74229900.0,0.0,1.0
2022-09-01,AMZN,127.81999969482422,127.81999969482422,56636100.0,0.0,1.0
2022-09-01,BA,153.66000366210938,153.66000366210938,7652000.0,0.0,1.0
2022-09-01,BAC,33.470001220703125,30.27204132080078,32848900.0,0.22,1.0
2022-09-01,CAT,182.44000244140625,171.14230346679688,2686200.0,0.0,1.0
2022-09-01,COST,529.1699829101562,504.7405700683594,2280600.0,0.0,1.0
2022-09-01,CVX,155.5399932861328,132.37295532226562,8244400.0,0.0,1.0
2022-09-01,DIS,112.52999877929688,109.10494232177734,7718700.0,0.0,1.0
2022-09-01,GOOGL,109.73999786376952,108.7055892944336,28360900.0,0.0,1.0
2022-09-01,GS,333.5,302.84893798828125,1575100.0,0.0,1.0
2022-09-02,AAPL,155.80999755859375,152.82415771484375,76957800.0,0.0,1.0
2022-09-02,AMZN,127.51000213623048,127.51000213623048,57429800.0,0.0,1.0
2022-09-02,BA,151.82000732421875,151.82000732421875,5262800.0,0.0,1.0
2022-09-02,BAC,33.43000030517578,30.235858917236328,44000800.0,0.0,1.0
2022-09-02,CAT,180.8300018310547,169.63198852539062,2185400.0,0.0,1.0
2022-09-02,COST,519.1099853515625,495.14508056640625,1901700.0,0.0,1.0
2022-09-02,CVX,157.85000610351562,134.3389434814453,7526600.0,0.0,1.0
2022-09-02,DIS,111.1999969482422,107.81542205810548,8465100.0,0.0,1.0
2022-09-02,GOOGL,107.8499984741211,106.8333969116211,24160700.0,0.0,1.0
2022-09-02,GS,331.4800109863281,301.0146484375,2215400.0,0.0,1.0
2022-09-06,AAPL,154.52999877929688,151.56871032714844,73714800.0,0.0,1.0
2022-09-06,AMZN,126.11000061035156,126.11000061035156,43888600.0,0.0,1.0
2022-09-06,BA,152.38999938964844,152.38999938964844,5210500.0,0.0,1.0
2022-09-06,BAC,33.060001373291016,29.901212692260746,40762400.0,0.0,1.0
2022-09-06,CAT,180.66000366210935,169.47250366210938,2141700.0,0.0,1.0
2022-09-06,COST,518.9000244140625,494.9447326660156,1933400.0,0.0,1.0
2022-09-06,CVX,157.1199951171875,133.7176055908203,8550000.0,0.0,1.0
2022-09-06,DIS,110.08999633789062,106.7392120361328,9537300.0,0.0,1.0
2022-09-06,GOOGL,106.80999755859376,105.80320739746094,25068300.0,0.0,1.0
2022-09-06,GS,326.489990234375,296.483154296875,1578100.0,0.0,1.0
2022-09-07,AAPL,155.9600067138672,152.97129821777344,87449600.0,0.0,1.0
2022-09-07,AMZN,129.47999572753906,129.47999572753906,47900300.0,0.0,1.0
2022-09-07,BA,155.9499969482422,155.9499969482422,5298600.0,0.0,1.0
2022-09-07,BAC,33.56999969482422,30.36248207092285,40742600.0,0.0,1.0
2022-09-07,CAT,180.86000061035156,169.66012573242188,2166900.0,0.0,1.0
2022-09-07,COST,529.6400146484375,505.1889343261719,1827900.0,0.0,1.0
2022-09-07,CVX,155.11000061035156,132.0070037841797,9442100.0,0.0,1.0
2022-09-07,DIS,112.69000244140624,109.26007843017578,8193900.0,0.0,1.0
2022-09-07,GOOGL,109.4499969482422,108.41832733154295,23167000.0,0.0,1.0
2022-09-07,GS,330.55999755859375,300.17913818359375,1496600.0,0.0,1.0
2022-09-08,AAPL,154.4600067138672,151.5000457763672,84923800.0,0.0,1.0
2022-09-08,AMZN,129.82000732421875,129.82000732421875,43988500.0,0.0,1.0
2022-09-08,BA,157.7899932861328,157.7899932861328,4949100.0,0.0,1.0
2022-09-08,BAC,34.650001525878906,31.33930015563965,44361800.0,0.0,1.0
2022-09-08,CAT,183.1499938964844,171.80833435058594,2245700.0,0.0,1.0
2022-09-08,COST,529.1199951171875,504.6929626464844,1600800.0,0.0,1.0
2022-09-08,CVX,155.9499969482422,132.72189331054688,9232500.0,0.0,1.0
2022-09-08,DIS,112.33000183105467,108.9110336303711,8443300.0,0.0,1.0
2022-09-08,GOOGL,108.37999725341795,107.35841369628906,24238300.0,0.0,1.0
2022-09-08,GS,335.3800048828125,304.55615234375,1755600.0,0.0,1.0
2022-09-09,AAPL,157.3699951171875,154.35427856445312,68028800.0,0.0,1.0
2022-09-09,AMZN,133.27000427246094,133.27000427246094,49387600.0,0.0,1.0
2022-09-09,BA,157.52000427246094,157.52000427246094,5775800.0,0.0,1.0
2022-09-09,BAC,34.939998626708984,31.601581573486328,37295100.0,0.0,1.0
2022-09-09,CAT,189.4900054931641,177.75570678710938,2279600.0,0.0,1.0
2022-09-09,COST,536.5800170898438,511.8085632324219,1930900.0,0.0,1.0
2022-09-09,CVX,159.97000122070312,136.1431427001953,8261100.0,0.0,1.0
2022-09-09,DIS,115.18000030517578,111.6742935180664,9563100.0,0.0,1.0
2022-09-09,GOOGL,110.6500015258789,109.60700988769533,23197700.0,0.0,1.0
2022-09-09,GS,340.1000061035156,308.8424377441406,1445600.0,0.0,1.0
2022-09-12,AAPL,163.42999267578125,160.2981414794922,104956000.0,0.0,1.0
2022-09-12,AMZN,136.4499969482422,136.4499969482422,53826900.0,0.0,1.0
2022-09-12,BA,158.72000122070312,158.72000122070312,5363100.0,0.0,1.0
2022-09-12,BAC,35.27000045776367,31.900053024291992,30534000.0,0.0,1.0
2022-09-12,CAT,192.3999938964844,180.48548889160156,1937200.0,0.0,1.0
2022-09-12,COST,539.52001953125,514.6128540039062,1522400.0,0.0,1.0
2022-09-12,CVX,162.5,138.29632568359375,8920800.0,0.0,1.0
2022-09-12,DIS,116.38999938964844,112.8474578857422,7923400.0,0.0,1.0
2022-09-12,GOOGL,110.86000061035156,109.81503295898438,22966800.0,0.0,1.0
2022-09-12,GS,342.5799865722656,311.094482421875,1563200.0,0.0,1.0
2022-09-13,AAPL,153.83999633789062,150.89187622070312,122656600.0,0.0,1.0
2022-09-13,AMZN,126.81999969482422,126.81999969482422,72694000.0,0.0,1.0
2022-09-13,BA,147.30999755859375,147.30999755859375,8724900.0,0.0,1.0
2022-09-13,BAC,34.0,30.75139617919922,40959600.0,0.0,1.0
2022-09-13,CAT,184.30999755859375,172.896484375,2207500.0,0.0,1.0
2022-09-13,COST,510.2999877929687,486.7417907714844,2881400.0,0.0,1.0
2022-09-13,CVX,159.41000366210938,135.66656494140625,10308300.0,0.0,1.0
2022-09-13,DIS,111.76000213623048,108.35839080810548,10504600.0,0.0,1.0
2022-09-13,GOOGL,104.31999969482422,103.336669921875,38172900.0,0.0,1.0
2022-09-13,GS,328.3900146484375,298.2085876464844,2242100.0,0.0,1.0
2022-09-14,AAPL,155.30999755859375,152.333740234375,87965400.0,0.0,1.0
2022-09-14,AMZN,128.5500030517578,128.5500030517578,45316800.0,0.0,1.0
2022-09-14,BA,149.25999450683594,149.25999450683594,8478000.0,0.0,1.0
2022-09-14,BAC,33.869998931884766,30.633819580078125,32004400.0,0.0,1.0
2022-09-14,CAT,184.6499938964844,173.21542358398438,2295000.0,0.0,1.0
2022-09-14,COST,508.0,484.5479736328125,2007300.0,0.0,1.0
2022-09-14,CVX,163.27000427246094,138.9516143798828,11160800.0,0.0,1.0
2022-09-14,DIS,112.5,109.07585906982422,8610400.0,0.0,1.0
2022-09-14,GOOGL,105.0,104.0102767944336,26395100.0,0.0,1.0
2022-09-14,GS,327.260009765625,297.1824645996094,1953300.0,0.0,1.0
2022-09-15,AAPL,152.3699951171875,149.4500732421875,90481100.0,0.0,1.0
2022-09-15,AMZN,126.27999877929688,126.27999877929688,52887200.0,0.0,1.0
2022-09-15,BA,149.77999877929688,149.77999877929688,9792800.0,0.0,1.0
2022-09-15,BAC,34.5099983215332,31.212671279907227,44863300.0,0.0,1.0
2022-09-15,CAT,182.4900054931641,171.189208984375,1933100.0,0.0,1.0
2022-09-15,COST,503.5,480.2557067871094,1749600.0,0.0,1.0
2022-09-15,CVX,160.6199951171875,136.69631958007812,9665000.0,0.0,1.0
2022-09-15,DIS,110.7699966430664,107.39850616455078,9739800.0,0.0,1.0
2022-09-15,GOOGL,102.91000366210938,101.93997955322266,34188300.0,0.0,1.0
2022-09-15,GS,331.6199951171875,301.1417236328125,1489400.0,0.0,1.0
2022-09-16,AAPL,150.6999969482422,147.8120880126953,162278800.0,0.0,1.0
2022-09-16,AMZN,123.52999877929688,123.52999877929688,115667800.0,0.0,1.0
2022-09-16,BA,144.2899932861328,144.2899932861328,10310700.0,0.0,1.0
2022-09-16,BAC,34.119998931884766,30.859935760498047,54281800.0,0.0,1.0
2022-09-16,CAT,179.47000122070312,168.35621643066406,5088300.0,0.0,1.0
2022-09-16,COST,504.1400146484375,480.8662109375,3004800.0,0.0,1.0
2022-09-16,CVX,156.4499969482422,133.14743041992188,43741600.0,0.0,1.0
2022-09-16,DIS,108.25,104.95521545410156,15978800.0,0.0,1.0
2022-09-16,GOOGL,102.8000030517578,101.8310089111328,42797200.0,0.0,1.0
2022-09-16,GS,326.2099914550781,296.2289733886719,2946800.0,0.0,1.0
2022-09-19,AAPL,154.47999572753906,151.51963806152344,81474200.0,0.0,1.0
2022-09-19,AMZN,124.66000366210938,124.66000366210938,47279700.0,0.0,1.0
2022-09-19,BA,144.8800048828125,144.8800048828125,5150700.0,0.0,1.0
2022-09-19,BAC,34.689998626708984,31.375473022460938,29782000.0,0.0,1.0
2022-09-19,CAT,182.11000061035156,170.83270263671875,2923700.0,0.0,1.0
2022-09-19,COST,506.5700073242187,483.1839904785156,1441300.0,0.0,1.0
2022-09-19,CVX,156.89999389648438,133.5303955078125,6813800.0,0.0,1.0
2022-09-19,DIS,109.16999816894533,105.84722137451172,7979500.0,0.0,1.0
2022-09-19,GOOGL,103.06999969482422,102.09845733642578,23036800.0,0.0,1.0
2022-09-19,GS,328.6600036621094,298.4537353515625,1652700.0,0.0,1.0
2022-09-20,AAPL,156.89999389648438,153.89328002929688,107689800.0,0.0,1.0
2022-09-20,AMZN,122.19000244140624,122.19000244140624,47698400.0,0.0,1.0
2022-09-20,BA,145.94000244140625,145.94000244140625,6737600.0,0.0,1.0
2022-09-20,BAC,34.16999816894531,30.905153274536133,33591100.0,0.0,1.0
2022-09-20,CAT,177.99000549316406,166.9678497314453,2512400.0,0.0,1.0
2022-09-20,COST,499.5199890136719,476.45947265625,1843100.0,0.0,1.0
2022-09-20,CVX,156.27999877929688,133.00274658203125,8955200.0,0.0,1.0
2022-09-20,DIS,107.56999969482422,104.29591369628906,6957400.0,0.0,1.0
2022-09-20,GOOGL,101.13999938964844,100.18665313720705,26517100.0,0.0,1.0
2022-09-20,GS,323.260009765625,293.5500793457031,1569900.0,0.0,1.0
2022-09-21,AAPL,153.72000122070312,150.77418518066406,101696800.0,0.0,1.0
2022-09-21,AMZN,118.54000091552734,118.54000091552734,58498900.0,0.0,1.0
2022-09-21,BA,143.2899932861328,143.2899932861328,6244300.0,0.0,1.0
2022-09-21,BAC,33.150001525878906,29.98261260986328,51667800.0,0.0,1.0
2022-09-21,CAT,171.9499969482422,161.30186462402344,4061900.0,0.0,1.0
2022-09-21,COST,493.0700073242187,470.3072814941406,2082600.0,0.0,1.0
2022-09-21,CVX,155.00999450683594,131.9219207763672,6877000.0,0.0,1.0
2022-09-21,DIS,104.48999786376952,101.30966186523438,9776400.0,0.0,1.0
2022-09-21,GOOGL,99.27999877929688,98.3441925048828,31487300.0,0.0,1.0
2022-09-21,GS,320.7099914550781,291.2344665527344,1796700.0,0.0,1.0
2022-09-22,AAPL,152.74000549316406,149.81300354003906,86652500.0,0.0,1.0
2022-09-22,AMZN,117.30999755859376,117.30999755859376,55229200.0,0.0,1.0
2022-09-22,BA,138.7100067138672,138.7100067138672,6311800.0,0.0,1.0
2022-09-22,BAC,32.5,29.39472007751465,47527500.0,0.0,1.0
2022-09-22,CAT,170.5500030517578,159.98858642578125,2508400.0,0.0,1.0
2022-09-22,COST,487.1700134277344,464.6795959472656,3133100.0,0.0,1.0
2022-09-22,CVX,154.88999938964844,131.81980895996094,6981100.0,0.0,1.0
2022-09-22,DIS,102.16000366210938,99.05057525634766,10953400.0,0.0,1.0
2022-09-22,GOOGL,100.13999938964844,99.19608306884766,34298600.0,0.0,1.0
2022-09-22,GS,312.9200134277344,284.160400390625,2239900.0,0.0,1.0
2022-09-23,AAPL,150.42999267578125,147.5472412109375,96029900.0,0.0,1.0
2022-09-23,AMZN,113.77999877929688,113.77999877929688,65126700.0,0.0,1.0
2022-09-23,BA,131.25999450683594,131.25999450683594,8927900.0,0.0,1.0
2022-09-23,BAC,31.729999542236328,28.69828987121582,55316100.0,0.0,1.0
2022-09-23,CAT,164.24000549316406,154.0693359375,4047200.0,0.0,1.0
2022-09-23,COST,466.3999938964844,444.8684997558594,5377800.0,0.0,1.0
2022-09-23,CVX,144.77000427246094,123.20714569091795,13919700.0,0.0,1.0
2022-09-23,DIS,99.5,96.4715347290039,11976900.0,0.0,1.0
2022-09-23,GOOGL,98.73999786376952,97.80927276611328,31625400.0,0.0,1.0
2022-09-23,GS,301.9700012207031,274.216796875,2918500.0,0.0,1.0
2022-09-26,AAPL,150.77000427246094,147.88075256347656,93339400.0,0.0,1.0
2022-09-26,AMZN,115.1500015258789,115.1500015258789,62723300.0,0.0,1.0
2022-09-26,BA,127.33999633789062,127.33999633789062,7095100.0,0.0,1.0
2022-09-26,BAC,31.030000686645508,28.065174102783203,40360200.0,0.0,1.0
2022-09-26,CAT,162.6199951171875,152.5496368408203,3213400.0,0.0,1.0
2022-09-26,COST,480.2999877929687,458.1267395019531,4001900.0,0.0,1.0
2022-09-26,CVX,140.9600067138672,119.9646224975586,9444000.0,0.0,1.0
2022-09-26,DIS,98.12000274658205,95.133544921875,9760500.0,0.0,1.0
2022-09-26,GOOGL,98.16999816894533,97.24464416503906,27072700.0,0.0,1.0
2022-09-26,GS,294.6199951171875,267.5423278808594,2308800.0,0.0,1.0
2022-09-27,AAPL,151.75999450683594,148.85174560546875,84442700.0,0.0,1.0
2022-09-27,AMZN,114.41000366210938,114.41000366210938,60094700.0,0.0,1.0
2022-09-27,BA,127.51000213623048,127.51000213623048,6682300.0,0.0,1.0
2022-09-27,BAC,30.56999969482422,27.64912223815918,43396600.0,0.0,1.0
2022-09-27,CAT,162.44000244140625,152.3808135986328,2753500.0,0.0,1.0
2022-09-27,COST,478.2999877929687,456.2190856933594,2412400.0,0.0,1.0
2022-09-27,CVX,141.02000427246094,120.01569366455078,10121000.0,0.0,1.0
2022-09-27,DIS,95.8499984741211,92.93263244628906,13360200.0,0.0,1.0
2022-09-27,GOOGL,97.5,96.58096313476562,30072800.0,0.0,1.0
2022-09-27,GS,291.3800048828125,264.60009765625,2007400.0,0.0,1.0
2022-09-28,AAPL,149.83999633789062,146.96856689453125,146691400.0,0.0,1.0
2022-09-28,AMZN,118.01000213623048,118.01000213623048,55763800.0,0.0,1.0
2022-09-28,BA,133.44000244140625,133.44000244140625,10257200.0,0.0,1.0
2022-09-28,BAC,31.06999969482422,28.10135078430176,38372900.0,0.0,1.0
2022-09-28,CAT,167.75999450683594,157.37132263183594,3694800.0,0.0,1.0
2022-09-28,COST,488.2900085449219,465.7479248046875,2419500.0,0.0,1.0
2022-09-28,CVX,145.77999877929688,124.06666564941406,8279800.0,0.0,1.0
2022-09-28,DIS,99.4000015258789,96.37458038330078,12895500.0,0.0,1.0
2022-09-28,GOOGL,100.0500030517578,99.10693359375,32466300.0,0.0,1.0
2022-09-28,GS,300.7900085449219,273.1452331542969,2289700.0,0.0,1.0
2022-09-29,AAPL,142.47999572753906,139.74961853027344,128138200.0,0.0,1.0
2022-09-29,AMZN,114.8000030517578,114.8000030517578,58969700.0,0.0,1.0
2022-09-29,BA,125.33000183105467,125.33000183105467,8905400.0,0.0,1.0
2022-09-29,BAC,30.65999984741211,27.73052406311035,35220900.0,0.0,1.0
2022-09-29,CAT,165.89999389648438,155.62655639648438,3518100.0,0.0,1.0
2022-09-29,COST,478.9800109863281,456.86767578125,1963900.0,0.0,1.0
2022-09-29,CVX,144.77000427246094,123.20714569091795,8197600.0,0.0,1.0
2022-09-29,DIS,97.4499969482422,94.4839324951172,9435100.0,0.0,1.0
2022-09-29,GOOGL,97.41999816894533,96.50172424316406,31047200.0,0.0,1.0
2022-09-29,GS,296.1099853515625,268.8953857421875,1930800.0,0.0,1.0
2022-09-30,AAPL,138.1999969482422,135.55165100097656,124925300.0,0.0,1.0
2022-09-30,AMZN,113.0,113.0,59479600.0,0.0,1.0
2022-09-30,BA,121.08000183105467,121.08000183105467,8383000.0,0.0,1.0
2022-09-30,BAC,30.200000762939453,27.31447982788086,42294100.0,0.0,1.0
2022-09-30,CAT,164.0800018310547,153.9192657470703,2963000.0,0.0,1.0
2022-09-30,COST,472.2699890136719,450.4674377441406,2436700.0,0.0,1.0
2022-09-30,CVX,143.6699981689453,122.27096557617188,9402700.0,0.0,1.0
2022-09-30,DIS,94.33000183105467,91.45889282226562,12094900.0,0.0,1.0
2022-09-30,GOOGL,95.6500015258789,94.74840545654295,32941500.0,0.0,1.0
2022-09-30,GS,293.04998779296875,266.1165771484375,1970800.0,0.0,1.0
2022-10-03,AAPL,142.4499969482422,139.72019958496094,114311700.0,0.0,1.0
2022-10-03,AMZN,115.87999725341795,115.87999725341795,50941900.0,0.0,1.0
2022-10-03,BA,126.0500030517578,126.0500030517578,7962400.0,0.0,1.0
2022-10-03,BAC,31.09000015258789,28.11943817138672,34591700.0,0.0,1.0
2022-10-03,CAT,171.22999572753906,160.62649536132812,3444700.0,0.0,1.0
2022-10-03,COST,477.7300109863281,455.6754455566406,2338500.0,0.0,1.0
2022-10-03,CVX,151.72999572753906,129.13046264648438,9597400.0,0.0,1.0
2022-10-03,DIS,97.12999725341795,94.17366027832033,9468400.0,0.0,1.0
2022-10-03,GOOGL,98.63999938964844,97.71021270751952,27982000.0,0.0,1.0
2022-10-03,GS,299.1499938964844,271.65594482421875,1938800.0,0.0,1.0
2022-10-04,AAPL,146.10000610351562,143.30023193359375,87830100.0,0.0,1.0
2022-10-04,AMZN,121.08999633789062,121.08999633789062,62812600.0,0.0,1.0
2022-10-04,BA,133.50999450683594,133.50999450683594,7235700.0,0.0,1.0
2022-10-04,BAC,32.380001068115234,29.28618621826172,39758700.0,0.0,1.0
2022-10-04,CAT,179.6300048828125,168.50628662109375,4008200.0,0.0,1.0
2022-10-04,COST,486.1300048828125,463.6876525878906,2175600.0,0.0,1.0
2022-10-04,CVX,157.6300048828125,134.15170288085938,9520200.0,0.0,1.0
2022-10-04,DIS,101.44000244140624,98.35248565673828,10229000.0,0.0,1.0
2022-10-04,GOOGL,101.63999938964844,100.6819305419922,28850800.0,0.0,1.0
2022-10-04,GS,314.8699951171875,285.93115234375,2399500.0,0.0,1.0
2022-10-05,AAPL,146.39999389648438,143.59446716308594,79471000.0,0.0,1.0
2022-10-05,AMZN,120.9499969482422,120.9499969482422,48217500.0,0.0,1.0
2022-10-05,BA,132.11000061035156,132.11000061035156,6268300.0,0.0,1.0
2022-10-05,BAC,31.920000076293945,28.870136260986328,35791100.0,0.0,1.0
2022-10-05,CAT,178.3800048828125,167.33370971679688,3067400.0,0.0,1.0
2022-10-05,COST,480.3200073242187,458.1458435058594,1587700.0,0.0,1.0
2022-10-05,CVX,158.52999877929688,134.91763305664062,10633100.0,0.0,1.0
2022-10-05,DIS,100.8000030517578,97.73196411132812,7562800.0,0.0,1.0
2022-10-05,GOOGL,101.43000030517578,100.47391510009766,22176900.0,0.0,1.0
2022-10-05,GS,309.0,280.60064697265625,1992800.0,0.0,1.0
2022-10-06,AAPL,145.42999267578125,142.64306640625,68402200.0,0.0,1.0
2022-10-06,AMZN,120.3000030517578,120.3000030517578,42253800.0,0.0,1.0
2022-10-06,BA,132.1999969482422,132.1999969482422,4454700.0,0.0,1.0
2022-10-06,BAC,31.459999084472656,28.45408821105957,40891900.0,0.0,1.0
2022-10-06,CAT,178.80999755859375,167.73704528808594,2415000.0,0.0,1.0
2022-10-06,COST,482.489990234375,460.2156982421875,2430700.0,0.0,1.0
2022-10-06,CVX,161.4199981689453,137.37716674804688,9498300.0,0.0,1.0
2022-10-06,DIS,100.04000091552734,96.99510192871094,6728200.0,0.0,1.0
2022-10-06,GOOGL,101.41999816894533,100.4640121459961,22324000.0,0.0,1.0
2022-10-06,GS,304.6700134277344,276.66864013671875,1367400.0,0.0,1.0
2022-10-07,AAPL,140.08999633789062,137.40538024902344,85925600.0,0.0,1.0
2022-10-07,AMZN,114.55999755859376,114.55999755859376,54678000.0,0.0,1.0
2022-10-07,BA,129.7899932861328,129.7899932861328,5097400.0,0.0,1.0
2022-10-07,BAC,30.75,27.811927795410156,52304600.0,0.0,1.0
2022-10-07,CAT,177.5500030517578,166.55511474609375,2759200.0,0.0,1.0
2022-10-07,COST,468.1499938964844,446.5376892089844,2568100.0,0.0,1.0
2022-10-07,CVX,160.02999877929688,136.19424438476562,9972500.0,0.0,1.0
2022-10-07,DIS,97.16000366210938,94.2027587890625,7051000.0,0.0,1.0
2022-10-07,GOOGL,98.68000030517578,97.74983978271484,27502800.0,0.0,1.0
2022-10-07,GS,301.0799865722656,273.4085693359375,1790100.0,0.0,1.0
2022-10-10,AAPL,140.4199981689453,137.72909545898438,74899000.0,0.0,1.0
2022-10-10,AMZN,113.66999816894533,113.66999816894533,42339700.0,0.0,1.0
2022-10-10,BA,131.89999389648438,131.89999389648438,6829900.0,0.0,1.0
2022-10-10,BAC,30.65999984741211,27.73052406311035,37669100.0,0.0,1.0
2022-10-10,CAT,178.6699981689453,167.60574340820312,2633900.0,0.0,1.0
2022-10-10,COST,466.30999755859375,444.78265380859375,1616300.0,0.0,1.0
2022-10-10,CVX,157.13999938964844,133.73471069335938,5904500.0,0.0,1.0
2022-10-10,DIS,95.16000366210938,92.26364135742188,9532300.0,0.0,1.0
2022-10-10,GOOGL,97.86000061035156,96.93756866455078,18225100.0,0.0,1.0
2022-10-10,GS,300.5400085449219,272.9182434082031,1309600.0,0.0,1.0
2022-10-11,AAPL,138.97999572753906,136.31666564941406,77033700.0,0.0,1.0
2022-10-11,AMZN,112.20999908447266,112.20999908447266,56432200.0,0.0,1.0
2022-10-11,BA,131.57000732421875,131.57000732421875,8508400.0,0.0,1.0
2022-10-11,BAC,29.770000457763672,26.925565719604492,58124000.0,0.0,1.0
2022-10-11,CAT,179.75,168.6188507080078,2542400.0,0.0,1.0
2022-10-11,COST,472.0199890136719,450.2290344238281,2341400.0,0.0,1.0
2022-10-11,CVX,157.1699981689453,133.76019287109375,7533300.0,0.0,1.0
2022-10-11,DIS,93.0999984741211,90.26632690429688,8900900.0,0.0,1.0
2022-10-11,GOOGL,97.18000030517578,96.26397705078124,26507100.0,0.0,1.0
2022-10-11,GS,294.2099914550781,267.1700744628906,2392800.0,0.0,1.0
2022-10-12,AAPL,138.33999633789062,135.68898010253906,70433700.0,0.0,1.0
2022-10-12,AMZN,112.9000015258789,112.9000015258789,45728700.0,0.0,1.0
2022-10-12,BA,130.4199981689453,130.4199981689453,6393000.0,0.0,1.0
2022-10-12,BAC,29.86000061035156,27.0069637298584,36137900.0,0.0,1.0
2022-10-12,CAT,179.5,168.38436889648438,2260800.0,0.0,1.0
2022-10-12,COST,466.3800048828125,444.8494262695313,2043900.0,0.0,1.0
2022-10-12,CVX,157.63999938964844,134.16018676757812,4942000.0,0.0,1.0
2022-10-12,DIS,93.41000366210938,90.56690216064452,6156200.0,0.0,1.0
2022-10-12,GOOGL,97.55999755859376,96.6404037475586,21876400.0,0.0,1.0
2022-10-12,GS,295.30999755859375,268.1688537597656,1763800.0,0.0,1.0
2022-10-13,AAPL,142.99000549316406,140.24984741210938,113224000.0,0.0,1.0
2022-10-13,AMZN,112.52999877929688,112.52999877929688,86868100.0,0.0,1.0
2022-10-13,BA,132.39999389648438,132.39999389648438,7842300.0,0.0,1.0
2022-10-13,BAC,31.690000534057617,28.662111282348633,67671000.0,0.0,1.0
2022-10-13,CAT,183.13999938964844,171.79891967773438,3745900.0,0.0,1.0
2022-10-13,COST,467.989990234375,446.3850402832031,3390900.0,0.0,1.0
2022-10-13,CVX,165.27999877929688,140.6622314453125,10227500.0,0.0,1.0
2022-10-13,DIS,96.63999938964844,93.69857788085938,11025400.0,0.0,1.0
2022-10-13,GOOGL,99.05999755859376,98.12625885009766,34574500.0,0.0,1.0
2022-10-13,GS,307.07000732421875,278.8480529785156,2724900.0,0.0,1.0
2022-10-14,AAPL,138.3800048828125,135.72816467285156,88598000.0,0.0,1.0
2022-10-14,AMZN,106.9000015258789,106.9000015258789,67737300.0,0.0,1.0
2022-10-14,BA,133.14999389648438,133.14999389648438,6093900.0,0.0,1.0
2022-10-14,BAC,31.700000762939453,28.671157836914062,58108500.0,0.0,1.0
2022-10-14,CAT,178.19000244140625,167.1554412841797,2830200.0,0.0,1.0
2022-10-14,COST,454.6499938964844,433.6609191894531,2301600.0,0.0,1.0
2022-10-14,CVX,160.13999938964844,136.28782653808594,7327900.0,0.0,1.0
2022-10-14,DIS,94.4499969482422,91.57523345947266,8202100.0,0.0,1.0
2022-10-14,GOOGL,96.55999755859376,95.64982604980467,25410700.0,0.0,1.0
2022-10-14,GS,299.989990234375,272.4187927246094,2397600.0,0.0,1.0
2022-10-17,AAPL,142.41000366210938,139.6809539794922,85250900.0,0.0,1.0
2022-10-17,AMZN,113.79000091552734,113.79000091552734,62782000.0,0.0,1.0
2022-10-17,BA,136.08999633789062,136.08999633789062,9073500.0,0.0,1.0
2022-10-17,BAC,33.619998931884766,30.40770721435547,88896800.0,0.0,1.0
2022-10-17,CAT,180.8000030517578,169.6038360595703,2940000.0,0.0,1.0
2022-10-17,COST,464.1700134277344,442.7413940429687,2097500.0,0.0,1.0
2022-10-17,CVX,161.30999755859375,137.28355407714844,5890400.0,0.0,1.0
2022-10-17,DIS,97.33000183105467,94.36758422851562,7083800.0,0.0,1.0
2022-10-17,GOOGL,99.97000122070312,99.0276870727539,28419200.0,0.0,1.0
2022-10-17,GS,306.7099914550781,278.5211486816406,3118600.0,0.0,1.0
2022-10-18,AAPL,143.75,140.99525451660156,99136600.0,0.0,1.0
2022-10-18,AMZN,116.36000061035156,116.36000061035156,65607400.0,0.0,1.0
2022-10-18,BA,137.33999633789062,137.33999633789062,6146300.0,0.0,1.0
2022-10-18,BAC,34.880001068115234,31.547325134277344,81937900.0,0.0,1.0
2022-10-18,CAT,183.5500030517578,172.18353271484375,2674000.0,0.0,1.0
2022-10-18,COST,473.2699890136719,451.4212951660156,1864000.0,0.0,1.0
2022-10-18,CVX,162.72000122070312,138.48355102539062,5631200.0,0.0,1.0
2022-10-18,DIS,98.4800033569336,95.48258209228516,8533500.0,0.0,1.0
2022-10-18,GOOGL,100.7699966430664,99.82014465332033,24060700.0,0.0,1.0
2022-10-18,GS,313.8500061035156,285.0049743652344,6428600.0,0.0,1.0
2022-10-19,AAPL,143.86000061035156,141.10316467285156,61758300.0,0.0,1.0
2022-10-19,AMZN,115.06999969482422,115.06999969482422,47198100.0,0.0,1.0
2022-10-19,BA,138.38999938964844,138.38999938964844,6321900.0,0.0,1.0
2022-10-19,BAC,33.91999816894531,30.67904281616211,43139900.0,0.0,1.0
2022-10-19,CAT,184.41000366210935,172.9902801513672,2088700.0,0.0,1.0
2022-10-19,COST,471.4299926757813,449.6662292480469,1207600.0,0.0,1.0
2022-10-19,CVX,168.0,142.97711181640625,9766800.0,0.0,1.0
2022-10-19,DIS,98.98999786376952,95.97705078125,11731000.0,0.0,1.0
2022-10-19,GOOGL,99.62999725341795,98.69087982177734,23811100.0,0.0,1.0
2022-10-19,GS,311.760009765625,283.1070556640625,2363800.0,0.0,1.0
2022-10-20,AAPL,143.38999938964844,140.6421661376953,64522000.0,0.0,1.0
2022-10-20,AMZN,115.25,115.25,48795100.0,0.0,1.0
2022-10-20,BA,139.1300048828125,139.1300048828125,4331700.0,0.0,1.0
2022-10-20,BAC,33.70000076293945,30.480072021484375,39549100.0,0.0,1.0
2022-10-20,CAT,180.5399932861328,169.35995483398438,2953900.0,0.0,1.0
2022-10-20,COST,464.6199951171875,443.170654296875,1709500.0,0.0,1.0
2022-10-20,CVX,168.9600067138672,143.7941131591797,8871500.0,0.0,1.0
2022-10-20,DIS,98.58999633789062,95.58922576904295,8212400.0,0.0,1.0
2022-10-20,GOOGL,99.97000122070312,99.0276870727539,25323200.0,0.0,1.0
2022-10-20,GS,310.80999755859375,282.24432373046875,2382300.0,0.0,1.0
2022-10-21,AAPL,147.27000427246094,144.44781494140625,86548600.0,0.0,1.0
2022-10-21,AMZN,119.31999969482422,119.31999969482422,55660500.0,0.0,1.0
2022-10-21,BA,141.32000732421875,141.32000732421875,5451300.0,0.0,1.0
2022-10-21,BAC,34.95000076293945,31.610626220703125,54870300.0,0.0,1.0
2022-10-21,CAT,190.22000122070312,179.63450622558594,3483800.0,1.2,1.0
2022-10-21,COST,478.1799926757813,456.1046752929687,2508400.0,0.0,1.0
2022-10-21,CVX,173.19000244140625,147.3940887451172,7971300.0,0.0,1.0
2022-10-21,DIS,102.04000091552734,98.9342269897461,10193400.0,0.0,1.0
2022-10-21,GOOGL,101.12999725341795,100.17675018310548,32458700.0,0.0,1.0
2022-10-21,GS,325.1000061035156,295.220947265625,3545700.0,0.0,1.0
2022-10-24,AAPL,149.4499969482422,146.58602905273438,75981900.0,0.0,1.0
2022-10-24,AMZN,119.81999969482422,119.81999969482422,49531500.0,0.0,1.0
2022-10-24,BA,142.0500030517578,142.0500030517578,5177800.0,0.0,1.0
2022-10-24,BAC,35.06999969482422,31.719160079956055,33765600.0,0.0,1.0
2022-10-24,CAT,191.3000030517578,180.6543884277344,2919500.0,0.0,1.0
2022-10-24,COST,496.9700012207031,474.0271911621094,2366200.0,0.0,1.0
2022-10-24,CVX,173.1300048828125,147.343017578125,7007700.0,0.0,1.0
2022-10-24,DIS,101.72000122070312,98.62397003173828,8221500.0,0.0,1.0
2022-10-24,GOOGL,102.5199966430664,101.55364227294922,27176400.0,0.0,1.0
2022-10-24,GS,328.70001220703125,298.4900817871094,2232600.0,0.0,1.0
2022-10-25,AAPL,152.33999633789062,149.42071533203125,74732300.0,0.0,1.0
2022-10-25,AMZN,120.5999984741211,120.5999984741211,50934600.0,0.0,1.0
2022-10-25,BA,146.64999389648438,146.64999389648438,6515600.0,0.0,1.0
2022-10-25,BAC,35.38999938964844,32.008583068847656,37132300.0,0.0,1.0
2022-10-25,CAT,194.83999633789065,183.99737548828125,2545000.0,0.0,1.0
2022-10-25,COST,499.05999755859375,476.0207214355469,2130900.0,0.0,1.0
2022-10-25,CVX,174.92999267578125,148.87490844726562,7280600.0,0.0,1.0
2022-10-25,DIS,104.36000061035156,101.18360900878906,7687500.0,0.0,1.0
2022-10-25,GOOGL,104.4800033569336,103.49517822265624,40611400.0,0.0,1.0
2022-10-25,GS,332.3999938964844,301.8499755859375,1837700.0,0.0,1.0
2022-10-26,AAPL,149.35000610351562,146.4879608154297,88194300.0,0.0,1.0
2022-10-26,AMZN,115.66000366210938,115.66000366210938,68802300.0,0.0,1.0
2022-10-26,BA,133.7899932861328,133.7899932861328,29406500.0,0.0,1.0
2022-10-26,BAC,35.70000076293945,32.28896713256836,41104600.0,0.0,1.0
2022-10-26,CAT,196.9600067138672,185.9994201660156,3546000.0,0.0,1.0
2022-10-26,COST,499.4500122070313,476.3926696777344,2088700.0,0.0,1.0
2022-10-26,CVX,177.08999633789062,150.71319580078125,6865300.0,0.0,1.0
2022-10-26,DIS,104.62999725341795,101.44540405273438,9203700.0,0.0,1.0
2022-10-26,GOOGL,94.93000030517578,94.03519439697266,88114100.0,0.0,1.0
2022-10-26,GS,335.69000244140625,304.837646484375,2176700.0,0.0,1.0
2022-10-27,AAPL,144.8000030517578,142.025146484375,109180200.0,0.0,1.0
2022-10-27,AMZN,110.95999908447266,110.95999908447266,129605400.0,0.0,1.0
2022-10-27,BA,139.75999450683594,139.75999450683594,13754900.0,0.0,1.0
2022-10-27,BAC,35.869998931884766,32.442718505859375,35261900.0,0.0,1.0
2022-10-27,CAT,212.13999938964844,200.3346710205078,7872200.0,0.0,1.0
2022-10-27,COST,496.5400085449219,474.4719848632813,1576600.0,0.9,1.0
2022-10-27,CVX,177.89999389648438,151.40257263183594,9177400.0,0.0,1.0
2022-10-27,DIS,104.44000244140624,101.2611846923828,8673500.0,0.0,1.0
2022-10-27,GOOGL,92.22000122070312,91.35075378417967,60710900.0,0.0,1.0
2022-10-27,GS,337.17999267578125,306.1907043457031,1998800.0,0.0,1.0
2022-10-28,AAPL,155.74000549316406,152.7554931640625,164762400.0,0.0,1.0
2022-10-28,AMZN,103.41000366210938,103.41000366210938,223133400.0,0.0,1.0
2022-10-28,BA,143.83999633789062,143.83999633789062,7941100.0,0.0,1.0
2022-10-28,BAC,36.18000030517578,32.723106384277344,31659100.0,0.0,1.0
2022-10-28,CAT,219.33999633789065,207.1339874267578,5161000.0,0.0,1.0
2022-10-28,COST,510.8699951171875,488.1651916503906,2369300.0,0.0,1.0
2022-10-28,CVX,179.97999572753906,153.1727294921875,10773900.0,0.0,1.0
2022-10-28,DIS,105.9499969482422,102.7252197265625,7250900.0,0.0,1.0
2022-10-28,GOOGL,96.29000091552734,95.38236236572266,43697300.0,0.0,1.0
2022-10-28,GS,341.82000732421875,310.4042663574219,1677100.0,0.0,1.0
2022-10-31,AAPL,153.33999633789062,150.40150451660156,97943200.0,0.0,1.0
2022-10-31,AMZN,102.44000244140624,102.44000244140624,99251400.0,0.0,1.0
2022-10-31,BA,142.50999450683594,142.50999450683594,6212200.0,0.0,1.0
2022-10-31,BAC,36.040000915527344,32.59648132324219,32565500.0,0.0,1.0
2022-10-31,CAT,216.4600067138672,204.4142913818359,3786100.0,0.0,1.0
2022-10-31,COST,501.5,479.2115783691406,2192200.0,0.0,1.0
2022-10-31,CVX,180.8999938964844,153.95571899414062,13281000.0,0.0,1.0
2022-10-31,DIS,106.54000091552734,103.2972640991211,8814800.0,0.0,1.0
2022-10-31,GOOGL,94.51000213623048,93.61915588378906,31675000.0,0.0,1.0
2022-10-31,GS,344.510009765625,312.8470153808594,2224000.0,0.0,1.0
2022-11-01,AAPL,150.64999389648438,147.76304626464844,80379300.0,0.0,1.0
2022-11-01,AMZN,96.79000091552734,96.79000091552734,153370000.0,0.0,1.0
2022-11-01,BA,143.3800048828125,143.3800048828125,5758600.0,0.0,1.0
2022-11-01,BAC,36.20000076293945,32.74119186401367,29913200.0,0.0,1.0
2022-11-01,CAT,218.5,206.3407287597656,2717500.0,0.0,1.0
2022-11-01,COST,499.9599914550781,477.7400207519531,1586300.0,0.0,1.0
2022-11-01,CVX,182.22000122070312,155.0791015625,9185600.0,0.0,1.0
2022-11-01,DIS,106.0,102.77369689941406,7955800.0,0.0,1.0
2022-11-01,GOOGL,90.47000122070312,89.61722564697266,47161400.0,0.0,1.0
2022-11-01,GS,348.5799865722656,316.5429992675781,2316600.0,0.0,1.0
2022-11-02,AAPL,145.02999877929688,142.250732421875,93604600.0,0.0,1.0
2022-11-02,AMZN,92.12000274658205,92.12000274658205,135761800.0,0.0,1.0
2022-11-02,BA,147.41000366210938,147.41000366210938,20236100.0,0.0,1.0
2022-11-02,BAC,36.09000015258789,32.64170455932617,57380600.0,0.0,1.0
2022-11-02,CAT,214.5399932861328,202.60110473632812,3150000.0,0.0,1.0
2022-11-02,COST,483.510009765625,462.0211181640625,2464400.0,0.0,1.0
2022-11-02,CVX,178.5,151.91319274902344,8087500.0,0.0,1.0
2022-11-02,DIS,101.81999969482422,98.7209243774414,9583200.0,0.0,1.0
2022-11-02,GOOGL,86.97000122070312,86.15021514892578,57038300.0,0.0,1.0
2022-11-02,GS,349.7900085449219,317.6417541503906,3221200.0,0.0,1.0
2022-11-03,AAPL,138.8800048828125,136.2185821533203,97918500.0,0.0,1.0
2022-11-03,AMZN,89.30000305175781,89.30000305175781,136683300.0,0.0,1.0
2022-11-03,BA,156.75,156.75,16212600.0,0.0,1.0
2022-11-03,BAC,35.88999938964844,32.4608154296875,30046500.0,0.0,1.0
2022-11-03,CAT,219.2599945068359,207.0584259033203,3570400.0,0.0,1.0
2022-11-03,COST,486.2900085449219,464.67767333984375,2010400.0,0.0,1.0
2022-11-03,CVX,181.1300048828125,154.1514434814453,6607800.0,0.0,1.0
2022-11-03,DIS,99.25,96.22913360595705,8978400.0,0.0,1.0
2022-11-03,GOOGL,83.43000030517578,82.64359283447266,61288000.0,0.0,1.0
2022-11-03,GS,348.8699951171875,316.8062744140625,2515600.0,0.0,1.0
2022-11-04,AAPL,138.3800048828125,135.9533233642578,140814800.0,0.23,1.0
2022-11-04,AMZN,90.9800033569336,90.9800033569336,129101300.0,0.0,1.0
2022-11-04,BA,160.00999450683594,160.00999450683594,9396200.0,0.0,1.0
2022-11-04,BAC,36.790000915527344,33.27482604980469,39369400.0,0.0,1.0
2022-11-04,CAT,227.8500061035156,215.17042541503903,4973800.0,0.0,1.0
2022-11-04,COST,486.4100036621094,464.7922058105469,1987300.0,0.0,1.0
2022-11-04,CVX,183.4199981689453,156.10037231445312,7491900.0,0.0,1.0
2022-11-04,DIS,99.58000183105467,96.54910278320312,11035800.0,0.0,1.0
2022-11-04,GOOGL,86.58000183105469,85.76390075683594,51124900.0,0.0,1.0
2022-11-04,GS,357.9100036621094,325.0154724121094,3172700.0,0.0,1.0
2022-11-07,AAPL,138.9199981689453,136.48385620117188,83374600.0,0.0,1.0
2022-11-07,AMZN,90.52999877929688,90.52999877929688,77495700.0,0.0,1.0
2022-11-07,BA,164.91000366210938,164.91000366210938,10220300.0,0.0,1.0
2022-11-07,BAC,37.0099983215332,33.47379684448242,37533700.0,0.0,1.0
2022-11-07,CAT,228.61000061035156,215.8881072998047,3405600.0,0.0,1.0
2022-11-07,COST,488.5499877929687,466.8370971679687,2036000.0,0.0,1.0
2022-11-07,CVX,185.61000061035156,157.96417236328125,7578000.0,0.0,1.0
2022-11-07,DIS,100.43000030517578,97.37322998046876,11355200.0,0.0,1.0
2022-11-07,GOOGL,88.48999786376953,87.65587615966797,34078900.0,0.0,1.0
2022-11-07,GS,362.55999755859375,329.2381286621094,2526900.0,0.0,1.0
2022-11-08,AAPL,139.5,137.05368041992188,89908500.0,0.0,1.0
2022-11-08,AMZN,89.9800033569336,89.9800033569336,88703400.0,0.0,1.0
2022-11-08,BA,169.6199951171875,169.6199951171875,11274500.0,0.0,1.0
2022-11-08,BAC,37.11000061035156,33.564239501953125,32664300.0,0.0,1.0
2022-11-08,CAT,229.80999755859375,217.02134704589844,3676600.0,0.0,1.0
2022-11-08,COST,492.760009765625,470.8600463867187,1709900.0,0.0,1.0
2022-11-08,CVX,185.33999633789065,157.734375,6308200.0,0.0,1.0
2022-11-08,DIS,99.9000015258789,96.85935974121094,27130300.0,0.0,1.0
2022-11-08,GOOGL,88.9000015258789,88.0620346069336,30429000.0,0.0,1.0
2022-11-08,GS,364.0199890136719,330.5639343261719,3501300.0,0.0,1.0
2022-11-09,AAPL,134.8699951171875,132.50489807128906,74917800.0,0.0,1.0
2022-11-09,AMZN,86.13999938964844,86.13999938964844,90796200.0,0.0,1.0
2022-11-09,BA,168.74000549316406,168.74000549316406,8893800.0,0.0,1.0
2022-11-09,BAC,36.52000045776367,33.03061294555664,30164400.0,0.0,1.0
2022-11-09,CAT,225.5399932861328,212.98898315429688,6248300.0,0.0,1.0
2022-11-09,COST,489.9700012207031,468.1939392089844,1640500.0,0.0,1.0
2022-11-09,CVX,177.92999267578125,151.42808532714844,8021700.0,0.0,1.0
2022-11-09,DIS,86.75,84.10960388183594,62029800.0,0.0,1.0
2022-11-09,GOOGL,87.31999969482422,86.4969253540039,31769100.0,0.0,1.0
2022-11-09,GS,362.0,328.7296447753906,3047200.0,0.0,1.0
2022-11-10,AAPL,146.8699951171875,144.29446411132812,118854000.0,0.0,1.0
2022-11-10,AMZN,96.62999725341795,96.62999725341795,173414900.0,0.0,1.0
2022-11-10,BA,177.5800018310547,177.5800018310547,12375000.0,0.0,1.0
2022-11-10,BAC,38.130001068115234,34.486785888671875,45702800.0,0.0,1.0
2022-11-10,CAT,232.4499969482422,219.5144500732422,4590800.0,0.0,1.0
2022-11-10,COST,513.1300048828125,490.32470703125,3098300.0,0.0,1.0
2022-11-10,CVX,181.3000030517578,154.2960968017578,6981500.0,0.0,1.0
2022-11-10,DIS,90.45999908447266,87.70668029785156,36968100.0,0.0,1.0
2022-11-10,GOOGL,93.94000244140624,93.05451965332033,51620100.0,0.0,1.0
2022-11-10,GS,378.30999755859375,343.54058837890625,3790400.0,0.0,1.0
2022-11-11,AAPL,149.6999969482422,147.0748291015625,93979700.0,0.0,1.0
2022-11-11,AMZN,100.79000091552734,100.79000091552734,111590500.0,0.0,1.0
2022-11-11,BA,177.49000549316406,177.49000549316406,8894300.0,0.0,1.0
2022-11-11,BAC,38.40999984741211,34.74003219604492,35688700.0,0.0,1.0
2022-11-11,CAT,236.4900054931641,223.32965087890625,3585400.0,0.0,1.0
2022-11-11,COST,515.469970703125,492.56060791015625,2393500.0,0.0,1.0
2022-11-11,CVX,186.4600067138672,158.6875762939453,8428300.0,0.0,1.0
2022-11-11,DIS,95.01000213623048,92.1182098388672,22373300.0,0.0,1.0
2022-11-11,GOOGL,96.41000366210938,95.50123596191406,33090500.0,0.0,1.0
2022-11-11,GS,385.1700134277344,349.7700500488281,3409100.0,0.0,1.0
2022-11-14,AAPL,148.27999877929688,145.67971801757812,73374100.0,0.0,1.0
2022-11-14,AMZN,98.48999786376952,98.48999786376952,99533100.0,0.0,1.0
2022-11-14,BA,173.5500030517578,173.5500030517578,5598300.0,0.0,1.0
2022-11-14,BAC,37.7599983215332,34.15214538574219,35541400.0,0.0,1.0
2022-11-14,CAT,236.5,223.33905029296875,3217700.0,0.0,1.0
2022-11-14,COST,509.6799926757813,487.0280151367187,1820200.0,0.0,1.0
2022-11-14,CVX,186.5500030517578,158.76419067382812,9722400.0,0.0,1.0
2022-11-14,DIS,94.27999877929688,91.41040802001952,20598000.0,0.0,1.0
2022-11-14,GOOGL,95.6999969482422,94.79794311523438,30179500.0,0.0,1.0
2022-11-14,GS,382.3599853515625,347.2183837890625,2609100.0,0.0,1.0
2022-11-15,AAPL,150.0399932861328,147.40887451171875,89868300.0,0.0,1.0
2022-11-15,AMZN,98.94000244140624,98.94000244140624,111336300.0,0.0,1.0
2022-11-15,BA,175.35000610351562,175.35000610351562,7207900.0,0.0,1.0
2022-11-15,BAC,37.70000076293945,34.09787368774414,46082800.0,0.0,1.0
2022-11-15,CAT,234.58999633789065,221.53536987304688,3371000.0,0.0,1.0
2022-11-15,COST,526.469970703125,503.0718078613281,2502200.0,0.0,1.0
2022-11-15,CVX,188.0500030517578,160.04071044921875,7747300.0,0.0,1.0
2022-11-15,DIS,95.51000213623048,92.60298919677734,15801900.0,0.0,1.0
2022-11-15,GOOGL,98.44000244140624,97.51210021972656,41640800.0,0.0,1.0
2022-11-15,GS,382.8800048828125,347.69061279296875,3192400.0,0.0,1.0
2022-11-16,AAPL,148.7899932861328,146.18077087402344,64218300.0,0.0,1.0
2022-11-16,AMZN,97.12000274658205,97.12000274658205,87958800.0,0.0,1.0
2022-11-16,BA,172.69000244140625,172.69000244140625,4438600.0,0.0,1.0
2022-11-16,BAC,37.36000061035156,33.79036331176758,23813000.0,0.0,1.0
2022-11-16,CAT,232.4199981689453,219.4860992431641,3062000.0,0.0,1.0
2022-11-16,COST,524.1099853515625,500.8167419433594,1833600.0,0.0,1.0
2022-11-16,CVX,184.9900054931641,157.4365234375,7941100.0,0.0,1.0
2022-11-16,DIS,93.9499969482422,91.0904541015625,11137700.0,0.0,1.0
2022-11-16,GOOGL,98.8499984741211,97.91822814941406,29105200.0,0.0,1.0
2022-11-16,GS,382.3299865722656,347.1911315917969,2303700.0,0.0,1.0
2022-11-17,AAPL,150.72000122070312,148.0769500732422,80389400.0,0.0,1.0
2022-11-17,AMZN,94.8499984741211,94.8499984741211,82617900.0,0.0,1.0
2022-11-17,BA,172.77999877929688,172.77999877929688,4878600.0,0.0,1.0
2022-11-17,BAC,37.16999816894531,33.6185188293457,23689700.0,0.0,1.0
2022-11-17,CAT,230.44000244140625,217.6163024902344,3256900.0,0.0,1.0
2022-11-17,COST,521.3200073242188,498.1507568359375,1902500.0,0.0,1.0
2022-11-17,CVX,184.08999633789065,157.88250732421875,6550500.0,1.42,1.0
2022-11-17,DIS,91.4499969482422,88.66655731201172,12306400.0,0.0,1.0
2022-11-17,GOOGL,98.36000061035156,97.43285369873048,26052600.0,0.0,1.0
2022-11-17,GS,379.7799987792969,344.87554931640625,2297600.0,0.0,1.0
2022-11-18,AAPL,151.2899932861328,148.63694763183594,74829600.0,0.0,1.0
2022-11-18,AMZN,94.13999938964844,94.13999938964844,72428200.0,0.0,1.0
2022-11-18,BA,173.88999938964844,173.88999938964844,4693200.0,0.0,1.0
2022-11-18,BAC,37.189998626708984,33.6366081237793,32041800.0,0.0,1.0
2022-11-18,CAT,231.42999267578125,218.55120849609375,2868700.0,0.0,1.0
2022-11-18,COST,523.6699829101562,500.3961486816406,1584400.0,0.0,1.0
2022-11-18,CVX,182.9900054931641,156.9391326904297,7661500.0,0.0,1.0
2022-11-18,DIS,91.8000030517578,89.00590515136719,10011700.0,0.0,1.0
2022-11-18,GOOGL,97.43000030517578,96.51162719726562,28342300.0,0.0,1.0
2022-11-18,GS,379.2000122070313,344.34881591796875,2384500.0,0.0,1.0
2022-11-21,AAPL,148.00999450683594,145.4144744873047,58724100.0,0.0,1.0
2022-11-21,AMZN,92.45999908447266,92.45999908447266,84330300.0,0.0,1.0
2022-11-21,BA,172.94000244140625,172.94000244140625,3501800.0,0.0,1.0
2022-11-21,BAC,37.310001373291016,33.74513244628906,27935700.0,0.0,1.0
2022-11-21,CAT,232.1699981689453,219.25,2522600.0,0.0,1.0
2022-11-21,COST,523.3699951171875,500.1095275878906,1268300.0,0.0,1.0
2022-11-21,CVX,181.2400054931641,155.438232421875,8432900.0,0.0,1.0
2022-11-21,DIS,97.58000183105467,94.60997772216795,70273500.0,0.0,1.0
2022-11-21,GOOGL,95.5999984741211,94.69888305664062,21647400.0,0.0,1.0
2022-11-21,GS,380.2099914550781,345.2659606933594,1877500.0,0.0,1.0
2022-11-22,AAPL,150.17999267578125,147.54640197753906,51804100.0,0.0,1.0
2022-11-22,AMZN,93.1999969482422,93.1999969482422,62192000.0,0.0,1.0
2022-11-22,BA,172.5,172.5,4370600.0,0.0,1.0
2022-11-22,BAC,37.4900016784668,33.907936096191406,23499300.0,0.0,1.0
2022-11-22,CAT,237.2599945068359,224.05674743652344,2523300.0,0.0,1.0
2022-11-22,COST,531.9500122070312,508.3081359863281,1809100.0,0.0,1.0
2022-11-22,CVX,185.88999938964844,159.42623901367188,9018000.0,0.0,1.0
2022-11-22,DIS,96.20999908447266,93.28166961669922,25753700.0,0.0,1.0
2022-11-22,GOOGL,97.0500030517578,96.1352081298828,23438500.0,0.0,1.0
2022-11-22,GS,383.8699951171875,348.5895690917969,2019400.0,0.0,1.0
2022-11-23,AAPL,151.07000732421875,148.42080688476562,58301400.0,0.0,1.0
2022-11-23,AMZN,94.12999725341795,94.12999725341795,59414700.0,0.0,1.0
2022-11-23,BA,174.85000610351562,174.85000610351562,3523500.0,0.0,1.0
2022-11-23,BAC,37.61000061035156,34.01647186279297,18934700.0,0.0,1.0
2022-11-23,CAT,236.9199981689453,223.7356719970703,2311300.0,0.0,1.0
2022-11-23,COST,534.489990234375,510.73541259765625,1288200.0,0.0,1.0
2022-11-23,CVX,184.2400054931641,158.01113891601562,5831200.0,0.0,1.0
2022-11-23,DIS,98.87999725341795,95.87039947509766,15503200.0,0.0,1.0
2022-11-23,GOOGL,98.45999908447266,97.53192138671876,18868100.0,0.0,1.0
2022-11-23,GS,386.25,350.7508544921875,1865400.0,0.0,1.0
2022-11-25,AAPL,148.11000061035156,145.51271057128906,35195900.0,0.0,1.0
2022-11-25,AMZN,93.41000366210938,93.41000366210938,35088600.0,0.0,1.0
2022-11-25,BA,178.36000061035156,178.36000061035156,3476900.0,0.0,1.0
2022-11-25,BAC,37.70000076293945,34.09787368774414,16118500.0,0.0,1.0
2022-11-25,CAT,235.6999969482422,222.58355712890625,1034800.0,0.0,1.0
2022-11-25,COST,533.6599731445312,509.9422912597656,744200.0,0.0,1.0
2022-11-25,CVX,183.6999969482422,157.54800415039062,2796400.0,0.0,1.0
2022-11-25,DIS,98.87000274658205,95.86071014404295,6664300.0,0.0,1.0
2022-11-25,GOOGL,97.45999908447266,96.54134368896484,9701400.0,0.0,1.0
2022-11-25,GS,388.8599853515625,353.1209716796875,1129300.0,0.0,1.0
2022-11-28,AAPL,144.22000122070312,141.69094848632812,69246000.0,0.0,1.0
2022-11-28,AMZN,93.9499969482422,93.9499969482422,74943100.0,0.0,1.0
2022-11-28,BA,171.8300018310547,171.8300018310547,5355500.0,0.0,1.0
2022-11-28,BAC,36.86000061035156,33.338130950927734,35428300.0,0.0,1.0
2022-11-28,CAT,232.3000030517578,219.3727874755859,2862100.0,0.0,1.0
2022-11-28,COST,530.9199829101562,507.3240966796875,1684300.0,0.0,1.0
2022-11-28,CVX,178.36000061035156,152.96823120117188,9365500.0,0.0,1.0
2022-11-28,DIS,95.69000244140624,92.77750396728516,13660000.0,0.0,1.0
2022-11-28,GOOGL,96.0500030517578,95.14463806152344,26237500.0,0.0,1.0
2022-11-28,GS,382.3599853515625,347.2183837890625,2232200.0,0.0,1.0
2022-11-29,AAPL,141.1699981689453,138.69439697265625,83763800.0,0.0,1.0
2022-11-29,AMZN,92.41999816894533,92.41999816894533,65567300.0,0.0,1.0
2022-11-29,BA,175.32000732421875,175.32000732421875,5077800.0,0.0,1.0
2022-11-29,BAC,37.0,33.464759826660156,27048800.0,0.0,1.0
2022-11-29,CAT,235.1199951171875,222.03585815429688,2277900.0,0.0,1.0
2022-11-29,COST,528.9600219726562,505.451171875,1685700.0,0.0,1.0
2022-11-29,CVX,181.02999877929688,155.2581024169922,6985400.0,0.0,1.0
2022-11-29,DIS,94.69000244140624,91.80792999267578,13205300.0,0.0,1.0
2022-11-29,GOOGL,95.19000244140624,94.29273986816406,20061700.0,0.0,1.0
2022-11-29,GS,383.7099914550781,348.44427490234375,1746900.0,0.0,1.0
2022-11-30,AAPL,148.02999877929688,145.43409729003906,111380900.0,0.0,1.0
2022-11-30,AMZN,96.54000091552734,96.54000091552734,102805800.0,0.0,1.0
2022-11-30,BA,178.8800048828125,178.8800048828125,6778700.0,0.0,1.0
2022-11-30,BAC,37.849998474121094,34.23353958129883,51747900.0,0.0,1.0
2022-11-30,CAT,236.41000366210935,223.2540740966797,3850000.0,0.0,1.0
2022-11-30,COST,539.25,515.2838134765625,3601800.0,0.0,1.0
2022-11-30,CVX,183.30999755859375,157.21356201171875,10936700.0,0.0,1.0
2022-11-30,DIS,97.87000274658205,94.89115142822266,15368100.0,0.0,1.0
2022-11-30,GOOGL,100.98999786376952,100.03807067871094,43647500.0,0.0,1.0
2022-11-30,GS,386.1499938964844,352.95965576171875,2964100.0,2.5,1.0
2022-12-01,AAPL,148.30999755859375,145.70921325683594,71250400.0,0.0,1.0
2022-12-01,AMZN,95.5,95.5,68488000.0,0.0,1.0
2022-12-01,BA,175.77999877929688,175.77999877929688,4517500.0,0.0,1.0
2022-12-01,BAC,36.54999923706055,33.25102233886719,46213200.0,0.22,1.0
2022-12-01,CAT,235.69000244140625,222.5741271972656,2504700.0,0.0,1.0
2022-12-01,COST,503.8599853515625,481.4667053222656,6970400.0,0.0,1.0
2022-12-01,CVX,182.4900054931641,156.51026916503906,5217400.0,0.0,1.0
2022-12-01,DIS,98.58999633789062,95.58922576904295,13855700.0,0.0,1.0
2022-12-01,GOOGL,100.98999786376952,100.03807067871094,28687100.0,0.0,1.0
2022-12-01,GS,383.80999755859375,350.82073974609375,1706300.0,0.0,1.0
2022-12-02,AAPL,147.80999755859375,145.2179718017578,65447400.0,0.0,1.0
2022-12-02,AMZN,94.12999725341795,94.12999725341795,72496400.0,0.0,1.0
2022-12-02,BA,182.8699951171875,182.8699951171875,10563800.0,0.0,1.0
2022-12-02,BAC,36.08000183105469,32.823448181152344,42295300.0,0.0,1.0
2022-12-02,CAT,236.1300048828125,222.9896545410156,2218300.0,0.0,1.0
2022-12-02,COST,494.5299987792969,472.5513610839844,3632100.0,0.0,1.0
2022-12-02,CVX,181.02999877929688,155.2581024169922,6852300.0,0.0,1.0
2022-12-02,DIS,99.43000030517578,96.40367126464844,12608100.0,0.0,1.0
2022-12-02,GOOGL,100.44000244140624,99.49324798583984,21480700.0,0.0,1.0
2022-12-02,GS,380.5799865722656,347.868408203125,1932300.0,0.0,1.0
2022-12-05,AAPL,146.6300048828125,144.05865478515625,68826400.0,0.0,1.0
2022-12-05,AMZN,91.01000213623048,91.01000213623048,71535500.0,0.0,1.0
2022-12-05,BA,185.1000061035156,185.1000061035156,10456300.0,0.0,1.0
2022-12-05,BAC,34.470001220703125,31.358762741088867,71386600.0,0.0,1.0
2022-12-05,CAT,232.57000732421875,219.62777709960935,2064500.0,0.0,1.0
2022-12-05,COST,488.6600036621094,466.9421691894531,2455300.0,0.0,1.0
2022-12-05,CVX,176.55999755859375,151.4244842529297,8162200.0,0.0,1.0
2022-12-05,DIS,95.93000030517578,93.01020050048828,10764500.0,0.0,1.0
2022-12-05,GOOGL,99.4800033569336,98.54230499267578,24405100.0,0.0,1.0
2022-12-05,GS,371.5400085449219,339.6054382324219,2329600.0,0.0,1.0
2022-12-06,AAPL,142.91000366210938,140.40390014648438,64727200.0,0.0,1.0
2022-12-06,AMZN,88.25,88.25,75503600.0,0.0,1.0
2022-12-06,BA,178.42999267578125,178.42999267578125,8236900.0,0.0,1.0
2022-12-06,BAC,33.0,30.021440505981445,84085700.0,0.0,1.0
2022-12-06,CAT,228.2899932861328,215.5859375,3633800.0,0.0,1.0
2022-12-06,COST,481.1600036621094,459.7754821777344,2995900.0,0.0,1.0
2022-12-06,CVX,172.00999450683594,147.52224731445312,8765000.0,0.0,1.0
2022-12-06,DIS,92.29000091552734,89.48098754882812,11492400.0,0.0,1.0
2022-12-06,GOOGL,96.9800033569336,96.06586456298828,24910700.0,0.0,1.0
2022-12-06,GS,362.9100036621094,331.7171936035156,3081900.0,0.0,1.0
2022-12-07,AAPL,140.94000244140625,138.46839904785156,69721100.0,0.0,1.0
2022-12-07,AMZN,88.45999908447266,88.45999908447266,68086900.0,0.0,1.0
2022-12-07,BA,176.5,176.5,5871200.0,0.0,1.0
2022-12-07,BAC,32.7400016784668,29.784910202026367,49234100.0,0.0,1.0
2022-12-07,CAT,228.97999572753903,216.2375640869141,3044000.0,0.0,1.0
2022-12-07,COST,481.9700012207031,460.549560546875,2072600.0,0.0,1.0
2022-12-07,CVX,172.52000427246094,147.9596405029297,6936300.0,0.0,1.0
2022-12-07,DIS,92.1500015258789,89.34525299072266,10353400.0,0.0,1.0
2022-12-07,GOOGL,94.94000244140624,94.04510498046876,31045400.0,0.0,1.0
2022-12-07,GS,359.9200134277344,328.9842834472656,2128200.0,0.0,1.0
2022-12-08,AAPL,142.64999389648438,140.14840698242188,62128300.0,0.0,1.0
2022-12-08,AMZN,90.3499984741211,90.3499984741211,73305900.0,0.0,1.0
2022-12-08,BA,179.0800018310547,179.0800018310547,6707700.0,0.0,1.0
2022-12-08,BAC,32.439998626708984,29.511985778808594,45491100.0,0.0,1.0
2022-12-08,CAT,230.9199981689453,218.069580078125,2189400.0,0.0,1.0
2022-12-08,COST,481.4200134277344,460.0240478515625,2901000.0,0.0,1.0
2022-12-08,CVX,173.5399932861328,148.83441162109375,8076600.0,0.0,1.0
2022-12-08,DIS,92.5500030517578,89.73307037353516,9351200.0,0.0,1.0
2022-12-08,GOOGL,93.70999908447266,92.8266830444336,32213300.0,0.0,1.0
2022-12-08,GS,358.0799865722656,327.3023376464844,1967800.0,0.0,1.0
2022-12-09,AAPL,142.16000366210938,139.66705322265625,76097000.0,0.0,1.0
2022-12-09,AMZN,89.08999633789062,89.08999633789062,67398500.0,0.0,1.0
2022-12-09,BA,179.5399932861328,179.5399932861328,6359000.0,0.0,1.0
2022-12-09,BAC,32.380001068115234,29.45740127563477,36985500.0,0.0,1.0
2022-12-09,CAT,227.2899932861328,214.64158630371097,2257000.0,0.0,1.0
2022-12-09,COST,483.0199890136719,461.5529174804687,4211100.0,0.0,1.0
2022-12-09,CVX,168.0,144.08306884765625,10754300.0,0.0,1.0
2022-12-09,DIS,93.37999725341795,90.53781127929688,10111900.0,0.0,1.0
2022-12-09,GOOGL,92.83000183105467,91.9549789428711,28225400.0,0.0,1.0
2022-12-09,GS,359.1400146484375,328.2712097167969,1588800.0,0.0,1.0
2022-12-12,AAPL,144.49000549316406,141.95623779296875,70462700.0,0.0,1.0
2022-12-12,AMZN,90.5500030517578,90.5500030517578,61999800.0,0.0,1.0
2022-12-12,BA,186.27000427246097,186.27000427246097,8098400.0,0.0,1.0
2022-12-12,BAC,32.72999954223633,29.77581214904785,41060500.0,0.0,1.0
2022-12-12,CAT,233.05999755859375,220.0904541015625,2709200.0,0.0,1.0
2022-12-12,COST,487.6799926757813,466.005859375,2276400.0,0.0,1.0
2022-12-12,CVX,169.75,145.583984375,9364900.0,0.0,1.0
2022-12-12,DIS,94.66000366210938,91.7788543701172,14140700.0,0.0,1.0
2022-12-12,GOOGL,93.30999755859376,92.43045043945312,29420000.0,0.0,1.0
2022-12-12,GS,363.1799926757813,331.9639587402344,1750400.0,0.0,1.0
2022-12-13,AAPL,145.47000122070312,142.9190216064453,93886200.0,0.0,1.0
2022-12-13,AMZN,92.48999786376952,92.48999786376952,100212000.0,0.0,1.0
2022-12-13,BA,187.1300048828125,187.1300048828125,10975300.0,0.0,1.0
2022-12-13,BAC,32.75,29.79401206970215,54804800.0,0.0,1.0
2022-12-13,CAT,235.4900054931641,222.38528442382812,2945200.0,0.0,1.0
2022-12-13,COST,488.2000122070313,466.502685546875,2626700.0,0.0,1.0
2022-12-13,CVX,173.52999877929688,148.82582092285156,7838800.0,0.0,1.0
2022-12-13,DIS,94.6999969482422,91.817626953125,22882100.0,0.0,1.0
2022-12-13,GOOGL,95.62999725341795,94.72859191894533,40593700.0,0.0,1.0
2022-12-13,GS,368.69000244140625,337.0003662109375,3062600.0,0.0,1.0
2022-12-14,AAPL,143.2100067138672,140.69866943359375,82291200.0,0.0,1.0
2022-12-14,AMZN,91.58000183105467,91.58000183105467,70298000.0,0.0,1.0
2022-12-14,BA,188.25,188.25,5814900.0,0.0,1.0
2022-12-14,BAC,32.279998779296875,29.36642265319824,48819500.0,0.0,1.0
2022-12-14,CAT,234.47999572753903,221.43148803710935,3513800.0,0.0,1.0
2022-12-14,COST,483.5199890136719,462.0306701660156,2145000.0,0.0,1.0
2022-12-14,CVX,172.3300018310547,147.7966766357422,7045500.0,0.0,1.0
2022-12-14,DIS,94.1500015258789,91.28437042236328,11505400.0,0.0,1.0
2022-12-14,GOOGL,95.06999969482422,94.1738739013672,28733600.0,0.0,1.0
2022-12-14,GS,360.3800048828125,329.4046630859375,2519700.0,0.0,1.0
2022-12-15,AAPL,136.5,134.1062774658203,98931900.0,0.0,1.0
2022-12-15,AMZN,88.44999694824219,88.44999694824219,84802900.0,0.0,1.0
2022-12-15,BA,183.72000122070312,183.72000122070312,5343200.0,0.0,1.0
2022-12-15,BAC,31.770000457763672,28.9024600982666,49027600.0,0.0,1.0
2022-12-15,CAT,230.66000366210935,217.8240509033203,2953200.0,0.0,1.0
2022-12-15,COST,463.9100036621094,443.292236328125,3437700.0,0.0,1.0
2022-12-15,CVX,171.0399932861328,146.6903076171875,7272900.0,0.0,1.0
2022-12-15,DIS,90.48999786376952,87.73577117919922,15957700.0,0.0,1.0
2022-12-15,GOOGL,90.86000061035156,90.00355529785156,40107000.0,0.0,1.0
2022-12-15,GS,349.8299865722656,319.7614440917969,3163700.0,0.0,1.0
2022-12-16,AAPL,134.50999450683594,132.15118408203125,160156900.0,0.0,1.0
2022-12-16,AMZN,87.86000061035156,87.86000061035156,146144100.0,0.0,1.0
2022-12-16,BA,184.6999969482422,184.6999969482422,7906800.0,0.0,1.0
2022-12-16,BAC,31.700000762939453,28.83877944946289,61795200.0,0.0,1.0
2022-12-16,CAT,232.72000122070312,219.7694091796875,7610700.0,0.0,1.0
2022-12-16,COST,461.4500122070313,440.9415588378906,4909200.0,0.0,1.0
2022-12-16,CVX,168.72000122070312,144.70057678222656,23876000.0,0.0,1.0
2022-12-16,DIS,90.08000183105467,87.3382568359375,26383900.0,0.0,1.0
2022-12-16,GOOGL,90.26000213623048,89.40921020507812,58011800.0,0.0,1.0
2022-12-16,GS,346.3500061035156,316.5805358886719,5008800.0,0.0,1.0
2022-12-19,AAPL,132.3699951171875,130.04872131347656,79592600.0,0.0,1.0
2022-12-19,AMZN,84.91999816894531,84.91999816894531,83531500.0,0.0,1.0
2022-12-19,BA,185.67999267578125,185.67999267578125,6605400.0,0.0,1.0
2022-12-19,BAC,32.060001373291016,29.166288375854492,38374100.0,0.0,1.0
2022-12-19,CAT,232.2899932861328,219.3633575439453,2622400.0,0.0,1.0
2022-12-19,COST,458.6300048828125,438.2468872070313,1939200.0,0.0,1.0
2022-12-19,CVX,169.8800048828125,145.6954803466797,7131600.0,0.0,1.0
2022-12-19,DIS,85.77999877929688,83.16912841796875,19225300.0,0.0,1.0
2022-12-19,GOOGL,88.44000244140625,87.60636901855469,29493000.0,0.0,1.0
2022-12-19,GS,344.6099853515625,314.9901123046875,1646700.0,0.0,1.0
2022-12-20,AAPL,132.3000030517578,129.97994995117188,77432800.0,0.0,1.0
2022-12-20,AMZN,85.19000244140625,85.19000244140625,74348300.0,0.0,1.0
2022-12-20,BA,188.2899932861328,188.2899932861328,6156800.0,0.0,1.0
2022-12-20,BAC,32.189998626708984,29.28455352783203,35561100.0,0.0,1.0
2022-12-20,CAT,235.13999938964844,222.0547332763672,2649900.0,0.0,1.0
2022-12-20,COST,457.8200073242187,437.472900390625,1993700.0,0.0,1.0
2022-12-20,CVX,172.6699981689453,148.08827209472656,6199100.0,0.0,1.0
2022-12-20,DIS,87.0199966430664,84.37139129638672,14918400.0,0.0,1.0
2022-12-20,GOOGL,89.0199966430664,88.18090057373047,23453800.0,0.0,1.0
2022-12-20,GS,344.489990234375,314.8804016113281,1623000.0,0.0,1.0
2022-12-21,AAPL,135.4499969482422,133.07473754882812,85928000.0,0.0,1.0
2022-12-21,AMZN,86.7699966430664,86.7699966430664,59267200.0,0.0,1.0
2022-12-21,BA,196.0,196.0,9175400.0,0.0,1.0
2022-12-21,BAC,32.68000030517578,29.73032569885254,32544000.0,0.0,1.0
2022-12-21,CAT,241.72999572753903,228.2779998779297,4143600.0,0.0,1.0
2022-12-21,COST,462.05999755859375,441.5244140625,1462400.0,0.0,1.0
2022-12-21,CVX,174.6999969482422,149.82928466796875,5479400.0,0.0,1.0
2022-12-21,DIS,86.91999816894531,84.27442932128906,11004800.0,0.0,1.0
2022-12-21,GOOGL,89.58000183105469,88.7356185913086,24745600.0,0.0,1.0
2022-12-21,GS,350.1600036621094,320.0630798339844,1923100.0,0.0,1.0
2022-12-22,AAPL,132.22999572753906,129.91116333007812,77852100.0,0.0,1.0
2022-12-22,AMZN,83.79000091552734,83.79000091552734,81431300.0,0.0,1.0
2022-12-22,BA,188.25,188.25,6924800.0,0.0,1.0
2022-12-22,BAC,32.38999938964844,29.46649742126465,30234400.0,0.0,1.0
2022-12-22,CAT,237.5399932861328,224.32115173339844,3129900.0,0.0,1.0
2022-12-22,COST,458.7099914550781,438.3233642578125,1906100.0,0.0,1.0
2022-12-22,CVX,172.0800018310547,147.582275390625,5755000.0,0.0,1.0
2022-12-22,DIS,86.66999816894531,84.03204345703125,15487400.0,0.0,1.0
2022-12-22,GOOGL,87.76000213623047,86.93277740478516,27658300.0,0.0,1.0
2022-12-22,GS,345.5799865722656,315.8766784667969,1528900.0,0.0,1.0
2022-12-23,AAPL,131.86000061035156,129.5476531982422,63814900.0,0.0,1.0
2022-12-23,AMZN,85.25,85.25,57433700.0,0.0,1.0
2022-12-23,BA,189.05999755859375,189.05999755859375,3983600.0,0.0,1.0
2022-12-23,BAC,32.470001220703125,29.539283752441406,21378600.0,0.0,1.0
2022-12-23,CAT,239.8699951171875,226.52151489257812,1959900.0,0.0,1.0
2022-12-23,COST,462.6499938964844,442.0881652832031,1229500.0,0.0,1.0
2022-12-23,CVX,177.39999389648438,152.1448974609375,6079100.0,0.0,1.0
2022-12-23,DIS,88.01000213623047,85.33126068115234,11171600.0,0.0,1.0
2022-12-23,GOOGL,89.2300033569336,88.38892364501953,23003000.0,0.0,1.0
2022-12-23,GS,345.510009765625,315.8127746582031,1062000.0,0.0,1.0
2022-12-27,AAPL,130.02999877929688,127.74977111816406,69007800.0,0.0,1.0
2022-12-27,AMZN,83.04000091552734,83.04000091552734,57284000.0,0.0,1.0
2022-12-27,BA,189.3999938964844,189.3999938964844,5014800.0,0.0,1.0
2022-12-27,BAC,32.529998779296875,29.5938663482666,22776100.0,0.0,1.0
2022-12-27,CAT,243.13999938964844,229.6095428466797,3381500.0,0.0,1.0
2022-12-27,COST,458.5,438.1226806640625,1230800.0,0.0,1.0
2022-12-27,CVX,179.6300048828125,154.0574493408203,5168000.0,0.0,1.0
2022-12-27,DIS,86.37000274658203,83.74118041992188,11561400.0,0.0,1.0
2022-12-27,GOOGL,87.38999938964844,86.56626892089844,20097300.0,0.0,1.0
2022-12-27,GS,341.9700012207031,312.5769958496094,1035000.0,0.0,1.0
2022-12-28,AAPL,126.04000091552734,123.8297348022461,85438400.0,0.0,1.0
2022-12-28,AMZN,81.81999969482422,81.81999969482422,58228600.0,0.0,1.0
2022-12-28,BA,188.3800048828125,188.3800048828125,4426300.0,0.0,1.0
2022-12-28,BAC,32.77000045776367,29.812206268310547,30541000.0,0.0,1.0
2022-12-28,CAT,239.3800048828125,226.05877685546875,2270000.0,0.0,1.0
2022-12-28,COST,452.989990234375,432.85748291015625,1324100.0,0.0,1.0
2022-12-28,CVX,176.97999572753906,151.78469848632812,4494400.0,0.0,1.0
2022-12-28,DIS,84.16999816894531,81.6081314086914,12399500.0,0.0,1.0
2022-12-28,GOOGL,86.0199966430664,85.20915222167969,19523200.0,0.0,1.0
2022-12-28,GS,340.8699951171875,311.57159423828125,1117200.0,0.0,1.0
2022-12-29,AAPL,129.61000061035156,127.33712005615234,75703700.0,0.0,1.0
2022-12-29,AMZN,84.18000030517578,84.18000030517578,54995900.0,0.0,1.0
2022-12-29,BA,188.91000366210935,188.91000366210935,4518900.0,0.0,1.0
2022-12-29,BAC,33.13999938964844,30.14880752563477,22252900.0,0.0,1.0
2022-12-29,CAT,240.1999969482422,226.83314514160156,1652500.0,0.0,1.0
2022-12-29,COST,456.5299987792969,436.2402038574219,1465000.0,0.0,1.0
2022-12-29,CVX,178.32000732421875,152.93392944335938,4142100.0,0.0,1.0
2022-12-29,DIS,87.18000030517578,84.52651977539062,13045100.0,0.0,1.0
2022-12-29,GOOGL,88.44999694824219,87.61624908447266,23333500.0,0.0,1.0
2022-12-29,GS,343.42999267578125,313.9115295410156,1273600.0,0.0,1.0
2022-12-30,AAPL,129.92999267578125,127.65149688720705,77034200.0,0.0,1.0
2022-12-30,AMZN,84.0,84.0,62401200.0,0.0,1.0
2022-12-30,BA,190.4900054931641,190.4900054931641,4007400.0,0.0,1.0
2022-12-30,BAC,33.119998931884766,30.1306095123291,28198900.0,0.0,1.0
2022-12-30,CAT,239.55999755859375,226.2287750244141,1521100.0,0.0,1.0
2022-12-30,COST,456.5,436.2115478515625,1803200.0,0.0,1.0
2022-12-30,CVX,179.49000549316406,153.9373779296875,5005100.0,0.0,1.0
2022-12-30,DIS,86.87999725341797,84.23564147949219,23231000.0,0.0,1.0
2022-12-30,GOOGL,88.2300033569336,87.3983383178711,23986300.0,0.0,1.0
2022-12-30,GS,343.3800048828125,313.8658752441406,1031400.0,0.0,1.0
2023-01-03,AAPL,125.06999969482422,122.8767547607422,112117500.0,0.0,1.0
2023-01-03,AMZN,85.81999969482422,85.81999969482422,76706000.0,0.0,1.0
2023-01-03,BA,195.38999938964844,195.38999938964844,8624600.0,0.0,1.0
2023-01-03,BAC,33.5099983215332,30.48540687561035,35221500.0,0.0,1.0
2023-01-03,CAT,238.8800048828125,225.58660888671875,2651900.0,0.0,1.0
2023-01-03,COST,453.2799987792969,433.1346435546875,1978100.0,0.0,1.0
2023-01-03,CVX,173.99000549316406,149.22035217285156,7565400.0,0.0,1.0
2023-01-03,DIS,88.97000122070312,86.26203918457031,14997100.0,0.0,1.0
2023-01-03,GOOGL,89.12000274658203,88.27995300292969,28131200.0,0.0,1.0
2023-01-03,GS,346.2200012207031,316.4617919921875,1589700.0,0.0,1.0
2023-01-04,AAPL,126.36000061035156,124.14411926269533,89113600.0,0.0,1.0
2023-01-04,AMZN,85.13999938964844,85.13999938964844,68885100.0,0.0,1.0
2023-01-04,BA,203.63999938964844,203.63999938964844,9746900.0,0.0,1.0
2023-01-04,BAC,34.13999938964844,31.058544158935547,41998500.0,0.0,1.0
2023-01-04,CAT,241.36000061035156,227.9286193847656,2387900.0,0.0,1.0
2023-01-04,COST,456.55999755859375,436.2688598632813,2097300.0,0.0,1.0
2023-01-04,CVX,172.13999938964844,147.63372802734375,7684500.0,0.0,1.0
2023-01-04,DIS,91.9800033569336,89.180419921875,14957200.0,0.0,1.0
2023-01-04,GOOGL,88.08000183105469,87.24976348876953,34854800.0,0.0,1.0
2023-01-04,GS,347.70001220703125,317.8145446777344,1881000.0,0.0,1.0
2023-01-05,AAPL,125.0199966430664,122.8276138305664,80962700.0,0.0,1.0
2023-01-05,AMZN,83.12000274658203,83.12000274658203,67930800.0,0.0,1.0
2023-01-05,BA,204.9900054931641,204.9900054931641,6913300.0,0.0,1.0
2023-01-05,BAC,34.06999969482422,30.994869232177734,34177000.0,0.0,1.0
2023-01-05,CAT,240.27999877929688,226.90872192382812,2355900.0,0.0,1.0
2023-01-05,COST,450.19000244140625,430.1819763183594,2169300.0,0.0,1.0
2023-01-05,CVX,175.24000549316406,150.29238891601562,6088200.0,0.0,1.0
2023-01-05,DIS,91.91999816894533,89.12223815917969,11622600.0,0.0,1.0
2023-01-05,GOOGL,86.19999694824219,85.38746643066406,27194400.0,0.0,1.0
2023-01-05,GS,343.760009765625,314.2132568359375,1397800.0,0.0,1.0
2023-01-06,AAPL,129.6199951171875,127.34695434570312,87754700.0,0.0,1.0
2023-01-06,AMZN,86.08000183105469,86.08000183105469,83303400.0,0.0,1.0
2023-01-06,BA,213.0,213.0,11256400.0,0.0,1.0
2023-01-06,BAC,34.40999984741211,31.30417823791504,34068700.0,0.0,1.0
2023-01-06,CAT,248.86000061035156,235.01124572753903,3945100.0,0.0,1.0
2023-01-06,COST,482.8699951171875,461.4095764160156,5174500.0,0.0,1.0
2023-01-06,CVX,176.55999755859375,151.4244842529297,7191200.0,0.0,1.0
2023-01-06,DIS,93.91999816894533,91.06137084960938,9828100.0,0.0,1.0
2023-01-06,GOOGL,87.33999633789062,86.51673126220703,41381500.0,0.0,1.0
2023-01-06,GS,348.0799865722656,318.1618957519531,3097800.0,0.0,1.0
2023-01-09,AAPL,130.14999389648438,127.86766052246094,70790800.0,0.0,1.0
2023-01-09,AMZN,87.36000061035156,87.36000061035156,65266100.0,0.0,1.0
2023-01-09,BA,208.57000732421875,208.57000732421875,9005600.0,0.0,1.0
2023-01-09,BAC,33.88999938964844,30.83110237121582,43818800.0,0.0,1.0
2023-01-09,CAT,246.6199951171875,232.89584350585935,3417100.0,0.0,1.0
2023-01-09,COST,478.75,457.4726257324219,2384800.0,0.0,1.0
2023-01-09,CVX,175.17999267578125,150.24095153808594,8385600.0,0.0,1.0
2023-01-09,DIS,94.7699966430664,91.88549041748048,11675800.0,0.0,1.0
2023-01-09,GOOGL,88.0199966430664,87.19032287597656,29003900.0,0.0,1.0
2023-01-09,GS,353.0,322.65899658203125,1989000.0,0.0,1.0
2023-01-10,AAPL,130.72999572753906,128.43748474121094,63896200.0,0.0,1.0
2023-01-10,AMZN,89.87000274658203,89.87000274658203,67756600.0,0.0,1.0
2023-01-10,BA,206.69000244140625,206.69000244140625,8183200.0,0.0,1.0
2023-01-10,BAC,34.119998931884766,31.040353775024418,35096000.0,0.0,1.0
2023-01-10,CAT,250.5099945068359,236.5694122314453,3011900.0,0.0,1.0
2023-01-10,COST,481.3999938964844,460.0048828125,1649900.0,0.0,1.0
2023-01-10,CVX,176.0399932861328,150.97848510742188,8307000.0,0.0,1.0
2023-01-10,DIS,95.55999755859376,92.65145874023438,6914600.0,0.0,1.0
2023-01-10,GOOGL,88.41999816894531,87.5865478515625,30467800.0,0.0,1.0
2023-01-10,GS,357.3599853515625,326.6442565917969,1610100.0,0.0,1.0
2023-01-11,AAPL,133.49000549316406,131.1490936279297,69458900.0,0.0,1.0
2023-01-11,AMZN,95.08999633789062,95.08999633789062,103126200.0,0.0,1.0
2023-01-11,BA,208.02999877929688,208.02999877929688,7190700.0,0.0,1.0
2023-01-11,BAC,34.380001068115234,31.276884078979492,36783700.0,0.0,1.0
2023-01-11,CAT,250.72999572753903,236.77716064453125,2402400.0,0.0,1.0
2023-01-11,COST,484.30999755859375,462.7855224609375,1576400.0,0.0,1.0
2023-01-11,CVX,175.1999969482422,150.25808715820312,6962600.0,0.0,1.0
2023-01-11,DIS,96.33000183105467,93.39802551269533,8757300.0,0.0,1.0
2023-01-11,GOOGL,91.5199966430664,90.65733337402344,26862000.0,0.0,1.0
2023-01-11,GS,364.4800109863281,333.15228271484375,2127000.0,0.0,1.0
2023-01-12,AAPL,133.41000366210938,131.07049560546875,71379600.0,0.0,1.0
2023-01-12,AMZN,95.2699966430664,95.2699966430664,85254800.0,0.0,1.0
2023-01-12,BA,214.32000732421875,214.32000732421875,8208100.0,0.0,1.0
2023-01-12,BAC,34.470001220703125,31.358762741088867,44230400.0,0.0,1.0
2023-01-12,CAT,255.07000732421875,240.8756561279297,3881500.0,0.0,1.0
2023-01-12,COST,482.4299926757813,460.9891662597656,1628200.0,0.0,1.0
2023-01-12,CVX,177.0800018310547,151.87045288085938,6891400.0,0.0,1.0
2023-01-12,DIS,99.80999755859376,96.77210235595705,19764300.0,0.0,1.0
2023-01-12,GOOGL,91.12999725341795,90.27101135253906,30258100.0,0.0,1.0
2023-01-12,GS,369.94000244140625,338.1429138183594,2103100.0,0.0,1.0
2023-01-13,AAPL,134.75999450683594,132.39678955078125,57809700.0,0.0,1.0
2023-01-13,AMZN,98.12000274658205,98.12000274658205,85549400.0,0.0,1.0
2023-01-13,BA,214.1300048828125,214.1300048828125,6213200.0,0.0,1.0
2023-01-13,BAC,35.22999954223633,32.05016326904297,89667800.0,0.0,1.0
2023-01-13,CAT,258.4599914550781,244.07699584960935,3067800.0,0.0,1.0
2023-01-13,COST,485.25,463.6837768554687,1405900.0,0.0,1.0
2023-01-13,CVX,177.55999755859375,152.2821044921875,5726300.0,0.0,1.0
2023-01-13,DIS,99.4000015258789,96.37458038330078,12230200.0,0.0,1.0
2023-01-13,GOOGL,92.12000274658205,91.25169372558594,26329200.0,0.0,1.0
2023-01-13,GS,374.0,341.8540344238281,3310200.0,0.0,1.0
2023-01-17,AAPL,135.94000244140625,133.55615234375,63646600.0,0.0,1.0
2023-01-17,AMZN,96.0500030517578,96.0500030517578,72755000.0,0.0,1.0
2023-01-17,BA,211.41000366210935,211.41000366210935,6150700.0,0.0,1.0
2023-01-17,BAC,34.52000045776367,31.40425491333008,56458400.0,0.0,1.0
2023-01-17,CAT,256.260009765625,241.99949645996097,4100100.0,0.0,1.0
2023-01-17,COST,486.7699890136719,465.1362609863281,1539900.0,0.0,1.0
2023-01-17,CVX,180.4900054931641,154.7949676513672,10697700.0,0.0,1.0
2023-01-17,DIS,99.91000366210938,96.86905670166016,14914200.0,0.0,1.0
2023-01-17,GOOGL,91.29000091552734,90.42950439453124,32602400.0,0.0,1.0
2023-01-17,GS,349.9200134277344,319.84375,14448300.0,0.0,1.0
2023-01-18,AAPL,135.2100067138672,132.83895874023438,69672800.0,0.0,1.0
2023-01-18,AMZN,95.45999908447266,95.45999908447266,79570400.0,0.0,1.0
2023-01-18,BA,209.41000366210935,209.41000366210935,5403100.0,0.0,1.0
2023-01-18,BAC,33.720001220703125,30.676454544067383,54517800.0,0.0,1.0
2023-01-18,CAT,252.82000732421875,238.7509002685547,3361400.0,0.0,1.0
2023-01-18,COST,479.4700012207031,458.16064453125,1925500.0,0.0,1.0
2023-01-18,CVX,177.22999572753906,151.99908447265625,8899200.0,0.0,1.0
2023-01-18,DIS,99.04000091552734,96.02554321289062,11384500.0,0.0,1.0
2023-01-18,GOOGL,91.12000274658205,90.26110076904295,29116700.0,0.0,1.0
2023-01-18,GS,349.0899963378906,319.0850524902344,5585200.0,0.0,1.0
2023-01-19,AAPL,135.27000427246094,132.89788818359375,58280400.0,0.0,1.0
2023-01-19,AMZN,93.68000030517578,93.68000030517578,69002700.0,0.0,1.0
2023-01-19,BA,207.08999633789065,207.08999633789065,5813500.0,0.0,1.0
2023-01-19,BAC,33.22999954223633,30.230676651000977,42707100.0,0.0,1.0
2023-01-19,CAT,245.75,233.1811065673828,4885200.0,1.2,1.0
2023-01-19,COST,469.489990234375,448.6242370605469,1919500.0,0.0,1.0
2023-01-19,CVX,179.0,153.51707458496094,5907200.0,0.0,1.0
2023-01-19,DIS,99.08000183105467,96.06432342529295,10973600.0,0.0,1.0
2023-01-19,GOOGL,93.0500030517578,92.17291259765624,37000400.0,0.0,1.0
2023-01-19,GS,350.75,320.6024475097656,3100400.0,0.0,1.0
2023-01-20,AAPL,137.8699951171875,135.45228576660156,80223600.0,0.0,1.0
2023-01-20,AMZN,97.25,97.25,67481500.0,0.0,1.0
2023-01-20,BA,206.7599945068359,206.7599945068359,5475400.0,0.0,1.0
2023-01-20,BAC,33.849998474121094,30.794721603393555,45004400.0,0.0,1.0
2023-01-20,CAT,249.7100067138672,236.93858337402344,2964100.0,0.0,1.0
2023-01-20,COST,480.1099853515625,458.7722473144531,2588600.0,0.0,1.0
2023-01-20,CVX,180.8999938964844,155.14662170410156,10477900.0,0.0,1.0
2023-01-20,DIS,103.4800033569336,100.33039093017578,14549900.0,0.0,1.0
2023-01-20,GOOGL,98.0199966430664,97.09605407714844,63191100.0,0.0,1.0
2023-01-20,GS,341.8399963378906,312.4581604003906,11247200.0,0.0,1.0
2023-01-23,AAPL,141.11000061035156,138.63546752929688,81760300.0,0.0,1.0
2023-01-23,AMZN,97.5199966430664,97.5199966430664,76501100.0,0.0,1.0
2023-01-23,BA,209.97000122070312,209.97000122070312,5481900.0,0.0,1.0
2023-01-23,BAC,34.31999969482422,31.222301483154297,33683300.0,0.0,1.0
2023-01-23,CAT,252.6999969482422,239.7756195068359,2610200.0,0.0,1.0
2023-01-23,COST,492.6099853515625,470.7166137695313,2709400.0,0.0,1.0
2023-01-23,CVX,180.66000366210935,154.94078063964844,8381300.0,0.0,1.0
2023-01-23,DIS,105.69000244140624,102.47313690185548,11479100.0,0.0,1.0
2023-01-23,GOOGL,99.79000091552734,98.8493881225586,40005100.0,0.0,1.0
2023-01-23,GS,349.1400146484375,319.1307373046875,4915700.0,0.0,1.0
2023-01-24,AAPL,142.52999877929688,140.0305633544922,66435100.0,0.0,1.0
2023-01-24,AMZN,96.31999969482422,96.31999969482422,66929500.0,0.0,1.0
2023-01-24,BA,211.97999572753903,211.97999572753903,4753700.0,0.0,1.0
2023-01-24,BAC,34.56999969482422,31.44973373413086,26716700.0,0.0,1.0
2023-01-24,CAT,257.6099853515625,244.4344940185547,3505100.0,0.0,1.0
2023-01-24,COST,492.1099853515625,470.2388916015625,1510200.0,0.0,1.0
2023-01-24,CVX,180.8300018310547,155.0865936279297,5989000.0,0.0,1.0
2023-01-24,DIS,106.0,102.77369689941406,8606700.0,0.0,1.0
2023-01-24,GOOGL,97.6999969482422,96.77908325195312,33078500.0,0.0,1.0
2023-01-24,GS,348.3299865722656,318.3903503417969,2372000.0,0.0,1.0
2023-01-25,AAPL,141.86000061035156,139.37229919433594,65799300.0,0.0,1.0
2023-01-25,AMZN,97.18000030517578,97.18000030517578,94261600.0,0.0,1.0
2023-01-25,BA,212.67999267578125,212.67999267578125,16106500.0,0.0,1.0
2023-01-25,BAC,34.869998931884766,31.722652435302734,28859700.0,0.0,1.0
2023-01-25,CAT,258.44000244140625,245.22206115722656,2424900.0,0.0,1.0
2023-01-25,COST,490.8800048828125,469.06353759765625,1329800.0,0.0,1.0
2023-01-25,CVX,179.0800018310547,153.5857391357422,6727500.0,0.0,1.0
2023-01-25,DIS,108.12000274658205,104.82917022705078,10008000.0,0.0,1.0
2023-01-25,GOOGL,95.22000122070312,94.32245635986328,42330000.0,0.0,1.0
2023-01-25,GS,349.6300048828125,319.5786437988281,1985200.0,0.0,1.0
2023-01-26,AAPL,143.9600067138672,141.4354705810547,54105100.0,0.0,1.0
2023-01-26,AMZN,99.22000122070312,99.22000122070312,68523600.0,0.0,1.0
2023-01-26,BA,212.72999572753903,212.72999572753903,7288100.0,0.0,1.0
2023-01-26,BAC,35.34000015258789,32.15023422241211,30035500.0,0.0,1.0
2023-01-26,CAT,262.1199951171875,248.71383666992188,2677200.0,0.0,1.0
2023-01-26,COST,498.2999877929687,476.15380859375,1576400.0,0.0,1.0
2023-01-26,CVX,187.7899932861328,161.05572509765625,14307800.0,0.0,1.0
2023-01-26,DIS,109.6999969482422,106.36107635498048,9204400.0,0.0,1.0
2023-01-26,GOOGL,97.5199966430664,96.6007843017578,30114000.0,0.0,1.0
2023-01-26,GS,354.9700012207031,324.4596862792969,1919200.0,0.0,1.0
2023-01-27,AAPL,145.92999267578125,143.37094116210938,70555800.0,0.0,1.0
2023-01-27,AMZN,102.23999786376952,102.23999786376952,87775600.0,0.0,1.0
2023-01-27,BA,211.1699981689453,211.1699981689453,5237900.0,0.0,1.0
2023-01-27,BAC,35.45000076293945,32.25031280517578,29964900.0,0.0,1.0
2023-01-27,CAT,264.5400085449219,251.0100860595703,2783000.0,0.0,1.0
2023-01-27,COST,503.2900085449219,480.9219970703125,2034100.0,0.0,1.0
2023-01-27,CVX,179.4499969482422,153.90306091308594,19654700.0,0.0,1.0
2023-01-27,DIS,109.54000091552734,106.2059555053711,10249700.0,0.0,1.0
2023-01-27,GOOGL,99.37000274658205,98.43334197998048,33879800.0,0.0,1.0
2023-01-27,GS,353.70001220703125,323.2988586425781,2427400.0,0.0,1.0
2023-01-30,AAPL,143.0,140.49229431152344,64015300.0,0.0,1.0
2023-01-30,AMZN,100.5500030517578,100.5500030517578,70691900.0,0.0,1.0
2023-01-30,BA,209.6699981689453,209.6699981689453,6066800.0,0.0,1.0
2023-01-30,BAC,35.29999923706055,32.11384582519531,27353500.0,0.0,1.0
2023-01-30,CAT,261.5,248.12559509277344,3426900.0,0.0,1.0
2023-01-30,COST,503.2799987792969,480.91253662109375,1855900.0,0.0,1.0
2023-01-30,CVX,174.1999969482422,149.40045166015625,11476000.0,0.0,1.0
2023-01-30,DIS,107.58999633789062,104.31529235839844,8548500.0,0.0,1.0
2023-01-30,GOOGL,96.94000244140624,96.02623748779295,27226200.0,0.0,1.0
2023-01-30,GS,357.4599914550781,326.735595703125,3184500.0,0.0,1.0
2023-01-31,AAPL,144.2899932861328,141.75970458984375,65874500.0,0.0,1.0
2023-01-31,AMZN,103.12999725341795,103.12999725341795,66527300.0,0.0,1.0
2023-01-31,BA,213.0,213.0,5163000.0,0.0,1.0
2023-01-31,BAC,35.47999954223633,32.2775993347168,38917400.0,0.0,1.0
2023-01-31,CAT,252.2899932861328,239.38661193847656,10992100.0,0.0,1.0
2023-01-31,COST,511.1400146484375,488.4231262207031,1924100.0,0.0,1.0
2023-01-31,CVX,174.02000427246094,149.24609375,14481300.0,0.0,1.0
2023-01-31,DIS,108.48999786376952,105.18791198730467,8251700.0,0.0,1.0
2023-01-31,GOOGL,98.83999633789062,97.9083251953125,29870700.0,0.0,1.0
2023-01-31,GS,365.80999755859375,334.3679504394531,2311500.0,0.0,1.0
2023-02-01,AAPL,145.42999267578125,142.87969970703125,77663600.0,0.0,1.0
2023-02-01,AMZN,105.1500015258789,105.1500015258789,80450100.0,0.0,1.0
2023-02-01,BA,214.75,214.75,8462100.0,0.0,1.0
2023-02-01,BAC,35.91999816894531,32.67787551879883,44438700.0,0.0,1.0
2023-02-01,CAT,249.5399932861328,236.7772674560547,6022000.0,0.0,1.0
2023-02-01,COST,517.9099731445312,494.8923034667969,2080200.0,0.0,1.0
2023-02-01,CVX,171.36000061035156,146.96475219726562,11526400.0,0.0,1.0
2023-02-01,DIS,109.38999938964844,106.06051635742188,9975500.0,0.0,1.0
2023-02-01,GOOGL,100.43000030517578,99.48334503173828,35531100.0,0.0,1.0
2023-02-01,GS,365.7099914550781,334.27655029296875,2889400.0,0.0,1.0
2023-02-02,AAPL,150.82000732421875,148.1752166748047,118339000.0,0.0,1.0
2023-02-02,AMZN,112.91000366210938,112.91000366210938,158154200.0,0.0,1.0
2023-02-02,BA,209.33999633789065,209.33999633789065,6513400.0,0.0,1.0
2023-02-02,BAC,36.130001068115234,32.868934631347656,33729100.0,0.0,1.0
2023-02-02,CAT,244.8999938964844,232.3745574951172,6130300.0,0.0,1.0
2023-02-02,COST,523.4299926757812,501.0375671386719,2287400.0,0.9,1.0
2023-02-02,CVX,169.00999450683594,144.94927978515625,10463400.0,0.0,1.0
2023-02-02,DIS,113.20999908447266,109.76424407958984,13093200.0,0.0,1.0
2023-02-02,GOOGL,107.73999786376952,106.72444152832033,69883800.0,0.0,1.0
2023-02-02,GS,369.4700012207031,337.7134094238281,2619600.0,0.0,1.0
2023-02-03,AAPL,154.5,151.79066467285156,154357300.0,0.0,1.0
2023-02-03,AMZN,103.38999938964844,103.38999938964844,144374800.0,0.0,1.0
2023-02-03,BA,206.0099945068359,206.0099945068359,5400300.0,0.0,1.0
2023-02-03,BAC,36.43000030517578,33.14185333251953,37411700.0,0.0,1.0
2023-02-03,CAT,247.7599945068359,235.0883026123047,4134700.0,0.0,1.0
2023-02-03,COST,514.7999877929688,492.77679443359375,1844100.0,0.0,1.0
2023-02-03,CVX,169.4499969482422,145.32666015625,8404900.0,0.0,1.0
2023-02-03,DIS,110.70999908447266,107.34034729003906,12472500.0,0.0,1.0
2023-02-03,GOOGL,104.77999877929688,103.79235076904295,65309300.0,0.0,1.0
2023-02-03,GS,369.9500122070313,338.1521301269531,2243100.0,0.0,1.0
2023-02-06,AAPL,151.72999572753906,149.0692138671875,69858300.0,0.0,1.0
2023-02-06,AMZN,102.18000030517578,102.18000030517578,81945200.0,0.0,1.0
2023-02-06,BA,206.80999755859375,206.80999755859375,3903000.0,0.0,1.0
2023-02-06,BAC,36.369998931884766,33.08727264404297,29463200.0,0.0,1.0
2023-02-06,CAT,251.4199981689453,238.5611114501953,3528800.0,0.0,1.0
2023-02-06,COST,515.5900268554688,493.5330505371094,1740100.0,0.0,1.0
2023-02-06,CVX,169.63999938964844,145.48963928222656,7659500.0,0.0,1.0
2023-02-06,DIS,109.87000274658205,106.52591705322266,11956500.0,0.0,1.0
2023-02-06,GOOGL,102.9000015258789,101.9300765991211,31999600.0,0.0,1.0
2023-02-06,GS,370.7999877929687,338.9290466308594,1816200.0,0.0,1.0
2023-02-07,AAPL,154.64999389648438,151.93800354003906,83322600.0,0.0,1.0
2023-02-07,AMZN,102.11000061035156,102.11000061035156,119501300.0,0.0,1.0
2023-02-07,BA,214.7599945068359,214.7599945068359,7311200.0,0.0,1.0
2023-02-07,BAC,36.77000045776367,33.451171875,44100200.0,0.0,1.0
2023-02-07,CAT,249.66000366210935,236.89114379882812,3467900.0,0.0,1.0
2023-02-07,COST,516.530029296875,494.4328308105469,1927300.0,0.0,1.0
2023-02-07,CVX,174.08999633789062,149.30612182617188,10256500.0,0.0,1.0
2023-02-07,DIS,111.62999725341795,108.23233032226562,10844000.0,0.0,1.0
2023-02-07,GOOGL,107.63999938964844,106.6253890991211,49010200.0,0.0,1.0
2023-02-07,GS,374.3999938964844,342.2196044921875,2205500.0,0.0,1.0
2023-02-08,AAPL,151.9199981689453,149.25588989257812,64120100.0,0.0,1.0
2023-02-08,AMZN,100.0500030517578,100.0500030517578,75878300.0,0.0,1.0
2023-02-08,BA,213.5,213.5,4229800.0,0.0,1.0
2023-02-08,BAC,36.5,33.205535888671875,28032800.0,0.0,1.0
2023-02-08,CAT,248.8699951171875,236.14149475097656,2300300.0,0.0,1.0
2023-02-08,COST,503.80999755859375,482.2570190429687,2062900.0,0.0,1.0
2023-02-08,CVX,170.0,145.79840087890625,9784700.0,0.0,1.0
2023-02-08,DIS,111.77999877929688,108.37777709960938,27719900.0,0.0,1.0
2023-02-08,GOOGL,99.37000274658205,98.43334197998048,94743500.0,0.0,1.0
2023-02-08,GS,375.1000061035156,342.85943603515625,1893200.0,0.0,1.0
2023-02-09,AAPL,150.8699951171875,148.2243194580078,56007100.0,0.0,1.0
2023-02-09,AMZN,98.23999786376952,98.23999786376952,64622500.0,0.0,1.0
2023-02-09,BA,211.9900054931641,211.9900054931641,5018900.0,0.0,1.0
2023-02-09,BAC,35.720001220703125,32.49593734741211,35257100.0,0.0,1.0
2023-02-09,CAT,246.27999877929688,233.68397521972656,2464900.0,0.0,1.0
2023-02-09,COST,500.6300048828125,479.2130432128906,1517300.0,0.0,1.0
2023-02-09,CVX,168.44000244140625,144.46046447753906,10123400.0,0.0,1.0
2023-02-09,DIS,110.36000061035156,107.00098419189452,46137200.0,0.0,1.0
2023-02-09,GOOGL,95.01000213623048,94.11443328857422,119455000.0,0.0,1.0
2023-02-09,GS,367.989990234375,336.36053466796875,2052500.0,0.0,1.0
2023-02-10,AAPL,151.00999450683594,148.58836364746094,57450700.0,0.23,1.0
2023-02-10,AMZN,97.61000061035156,97.61000061035156,52740100.0,0.0,1.0
2023-02-10,BA,212.88999938964844,212.88999938964844,4862900.0,0.0,1.0
2023-02-10,BAC,35.58000183105469,32.36857604980469,32898900.0,0.0,1.0
2023-02-10,CAT,247.6699981689453,235.00286865234375,2820300.0,0.0,1.0
2023-02-10,COST,499.989990234375,478.6004028320313,1536800.0,0.0,1.0
2023-02-10,CVX,171.97000122070312,147.48794555664062,11602400.0,0.0,1.0
2023-02-10,DIS,108.05999755859376,104.77099609375,15566000.0,0.0,1.0
2023-02-10,GOOGL,94.56999969482422,93.67859649658205,54980700.0,0.0,1.0
2023-02-10,GS,371.2799987792969,339.3677673339844,1933400.0,0.0,1.0
2023-02-13,AAPL,153.85000610351562,151.38284301757812,62199000.0,0.0,1.0
2023-02-13,AMZN,99.54000091552734,99.54000091552734,52841500.0,0.0,1.0
2023-02-13,BA,215.6499938964844,215.6499938964844,5193300.0,0.0,1.0
2023-02-13,BAC,35.650001525878906,32.432254791259766,29163900.0,0.0,1.0
2023-02-13,CAT,248.1499938964844,235.45834350585935,3068100.0,0.0,1.0
2023-02-13,COST,506.4500122070313,484.7840270996094,1452600.0,0.0,1.0
2023-02-13,CVX,171.00999450683594,146.66456604003906,9442900.0,0.0,1.0
2023-02-13,DIS,107.66000366210938,104.3831787109375,12341500.0,0.0,1.0
2023-02-13,GOOGL,94.61000061035156,93.71820831298828,50076100.0,0.0,1.0
2023-02-13,GS,374.0199890136719,341.872314453125,1570600.0,0.0,1.0
2023-02-14,AAPL,153.1999969482422,150.74325561523438,61707600.0,0.0,1.0
2023-02-14,AMZN,99.6999969482422,99.6999969482422,56202900.0,0.0,1.0
2023-02-14,BA,218.4499969482422,218.4499969482422,10033100.0,0.0,1.0
2023-02-14,BAC,35.619998931884766,32.40496063232422,33625200.0,0.0,1.0
2023-02-14,CAT,244.36000061035156,231.8621826171875,2512900.0,0.0,1.0
2023-02-14,COST,503.2200012207031,481.6922302246094,1257300.0,0.0,1.0
2023-02-14,CVX,172.32000732421875,147.78810119628906,8077300.0,0.0,1.0
2023-02-14,DIS,107.66000366210938,104.3831787109375,10768100.0,0.0,1.0
2023-02-14,GOOGL,94.68000030517578,93.78754425048828,54726100.0,0.0,1.0
2023-02-14,GS,371.7799987792969,339.8248291015625,2155500.0,0.0,1.0
2023-02-15,AAPL,155.3300018310547,152.839111328125,65573800.0,0.0,1.0
2023-02-15,AMZN,101.16000366210938,101.16000366210938,47957600.0,0.0,1.0
2023-02-15,BA,217.44000244140625,217.44000244140625,4846800.0,0.0,1.0
2023-02-15,BAC,35.560001373291016,32.350379943847656,23500100.0,0.0,1.0
2023-02-15,CAT,248.6999969482422,235.9802093505859,2398200.0,0.0,1.0
2023-02-15,COST,511.2799987792969,489.4073791503906,1422600.0,0.0,1.0
2023-02-15,CVX,169.00999450683594,146.230712890625,8885700.0,1.51,1.0
2023-02-15,DIS,109.23999786376952,105.91507720947266,8156000.0,0.0,1.0
2023-02-15,GOOGL,96.94000244140624,96.02623748779295,50169000.0,0.0,1.0
2023-02-15,GS,374.3399963378906,342.164794921875,1687200.0,0.0,1.0
2023-02-16,AAPL,153.7100067138672,151.2450714111328,68167900.0,0.0,1.0
2023-02-16,AMZN,98.1500015258789,98.1500015258789,56339200.0,0.0,1.0
2023-02-16,BA,212.2100067138672,212.2100067138672,4388000.0,0.0,1.0
2023-02-16,BAC,35.279998779296875,32.09565353393555,22681100.0,0.0,1.0
2023-02-16,CAT,246.52000427246097,233.9117126464844,1934900.0,0.0,1.0
2023-02-16,COST,504.1000061035156,482.5345458984375,1456000.0,0.0,1.0
2023-02-16,CVX,166.57000732421875,144.1195526123047,6727500.0,0.0,1.0
2023-02-16,DIS,105.83000183105467,102.60887145996094,9479900.0,0.0,1.0
2023-02-16,GOOGL,95.51000213623048,94.60972595214844,42462600.0,0.0,1.0
2023-02-16,GS,370.2000122070313,338.380615234375,1947800.0,0.0,1.0
2023-02-17,AAPL,152.5500030517578,150.1036834716797,59144100.0,0.0,1.0
2023-02-17,AMZN,97.1999969482422,97.1999969482422,60029400.0,0.0,1.0
2023-02-17,BA,211.66000366210935,211.66000366210935,4985700.0,0.0,1.0
2023-02-17,BAC,35.349998474121094,32.159324645996094,28562700.0,0.0,1.0
2023-02-17,CAT,247.7899932861328,235.11676025390625,3759300.0,0.0,1.0
2023-02-17,COST,507.4800109863281,485.7699279785156,1340400.0,0.0,1.0
2023-02-17,CVX,162.85000610351562,140.90097045898438,9612100.0,0.0,1.0
2023-02-17,DIS,105.22000122070312,102.0174331665039,9492200.0,0.0,1.0
2023-02-17,GOOGL,94.3499984741211,93.46063995361328,34284100.0,0.0,1.0
2023-02-17,GS,368.5,336.8267517089844,1857300.0,0.0,1.0
2023-02-21,AAPL,148.47999572753906,146.0989532470703,58867200.0,0.0,1.0
2023-02-21,AMZN,94.58000183105467,94.58000183105467,56580400.0,0.0,1.0
2023-02-21,BA,205.52000427246097,205.52000427246097,4663800.0,0.0,1.0
2023-02-21,BAC,34.52000045776367,31.40425491333008,37068900.0,0.0,1.0
2023-02-21,CAT,240.7100067138672,228.3988800048828,3105900.0,0.0,1.0
2023-02-21,COST,501.739990234375,480.2755126953125,1811800.0,0.0,1.0
2023-02-21,CVX,161.0,139.30030822753906,7259700.0,0.0,1.0
2023-02-21,DIS,102.08999633789062,98.98269653320312,10648200.0,0.0,1.0
2023-02-21,GOOGL,91.79000091552734,90.92477416992188,33629300.0,0.0,1.0
2023-02-21,GS,361.1199951171875,330.0810546875,2403000.0,0.0,1.0
2023-02-22,AAPL,148.91000366210938,146.5220489501953,51011300.0,0.0,1.0
2023-02-22,AMZN,95.79000091552734,95.79000091552734,59534100.0,0.0,1.0
2023-02-22,BA,205.7599945068359,205.7599945068359,2920000.0,0.0,1.0
2023-02-22,BAC,34.290000915527344,31.19500732421875,38550400.0,0.0,1.0
2023-02-22,CAT,237.88999938964844,225.7230987548828,3145200.0,0.0,1.0
2023-02-22,COST,497.3900146484375,476.1116333007813,1332000.0,0.0,1.0
2023-02-22,CVX,160.35000610351562,138.73793029785156,6205900.0,0.0,1.0
2023-02-22,DIS,101.68000030517578,98.58518981933594,9885100.0,0.0,1.0
2023-02-22,GOOGL,91.6500015258789,90.78610229492188,30884000.0,0.0,1.0
2023-02-22,GS,360.8900146484375,329.8708190917969,2203800.0,0.0,1.0
2023-02-23,AAPL,149.39999389648438,147.0041961669922,48394200.0,0.0,1.0
2023-02-23,AMZN,95.81999969482422,95.81999969482422,48467000.0,0.0,1.0
2023-02-23,BA,208.1300048828125,208.1300048828125,4139400.0,0.0,1.0
2023-02-23,BAC,34.2599983215332,31.1677188873291,28488000.0,0.0,1.0
2023-02-23,CAT,237.9499969482422,225.7800750732422,3219000.0,0.0,1.0
2023-02-23,COST,493.1400146484375,472.04339599609375,1546300.0,0.0,1.0
2023-02-23,CVX,161.92999267578125,140.1049346923828,6445500.0,0.0,1.0
2023-02-23,DIS,101.7300033569336,98.63365936279295,10974800.0,0.0,1.0
2023-02-23,GOOGL,90.88999938964844,90.03327178955078,41206400.0,0.0,1.0
2023-02-23,GS,363.5400085449219,332.2930908203125,1931400.0,0.0,1.0
2023-02-24,AAPL,146.7100067138672,144.35733032226562,55469600.0,0.0,1.0
2023-02-24,AMZN,93.5,93.5,57053800.0,0.0,1.0
2023-02-24,BA,198.1499938964844,198.1499938964844,9658700.0,0.0,1.0
2023-02-24,BAC,34.209999084472656,31.12223243713379,27046600.0,0.0,1.0
2023-02-24,CAT,236.1699981689453,224.0910797119141,2105500.0,0.0,1.0
2023-02-24,COST,488.6099853515625,467.7072448730469,1587600.0,0.0,1.0
2023-02-24,CVX,162.41000366210938,140.52024841308594,5330200.0,0.0,1.0
2023-02-24,DIS,100.3000030517578,97.24718475341795,8523000.0,0.0,1.0
2023-02-24,GOOGL,89.12999725341797,88.28986358642578,36585100.0,0.0,1.0
2023-02-24,GS,363.8500061035156,332.5763854980469,2428600.0,0.0,1.0
2023-02-27,AAPL,147.9199981689453,145.54791259765625,44998500.0,0.0,1.0
2023-02-27,AMZN,93.76000213623048,93.76000213623048,47470300.0,0.0,1.0
2023-02-27,BA,200.4600067138672,200.4600067138672,4318900.0,0.0,1.0
2023-02-27,BAC,34.209999084472656,31.12223243713379,30137500.0,0.0,1.0
2023-02-27,CAT,239.97999572753903,227.70620727539065,1720900.0,0.0,1.0
2023-02-27,COST,487.0299987792969,466.1948547363281,1501700.0,0.0,1.0
2023-02-27,CVX,162.82000732421875,140.8750457763672,6386800.0,0.0,1.0
2023-02-27,DIS,100.4499969482422,97.39261627197266,6641200.0,0.0,1.0
2023-02-27,GOOGL,89.87000274658203,89.02289581298828,27502300.0,0.0,1.0
2023-02-27,GS,365.5299987792969,334.11199951171875,2842400.0,0.0,1.0
2023-02-28,AAPL,147.41000366210938,145.04611206054688,50547000.0,0.0,1.0
2023-02-28,AMZN,94.2300033569336,94.2300033569336,43959300.0,0.0,1.0
2023-02-28,BA,201.5500030517578,201.5500030517578,3589900.0,0.0,1.0
2023-02-28,BAC,34.29999923706055,31.204097747802734,32620600.0,0.0,1.0
2023-02-28,CAT,239.5500030517578,227.29818725585935,2647700.0,0.0,1.0
2023-02-28,COST,484.1799926757813,463.4667663574219,1918200.0,0.0,1.0
2023-02-28,CVX,160.77000427246094,139.10130310058594,10854200.0,0.0,1.0
2023-02-28,DIS,99.61000061035156,96.57819366455078,8233700.0,0.0,1.0
2023-02-28,GOOGL,90.05999755859375,89.21109771728516,30142000.0,0.0,1.0
2023-02-28,GS,351.6499938964844,321.425048828125,4945600.0,0.0,1.0
2023-03-01,AAPL,145.30999755859375,142.979736328125,55479000.0,0.0,1.0
2023-03-01,AMZN,92.16999816894533,92.16999816894533,52299500.0,0.0,1.0
2023-03-01,BA,204.5500030517578,204.5500030517578,4402300.0,0.0,1.0
2023-03-01,BAC,34.13999938964844,31.058544158935547,29281600.0,0.0,1.0
2023-03-01,CAT,248.6699981689453,235.95172119140625,4117700.0,0.0,1.0
2023-03-01,COST,478.6700134277344,458.19244384765625,1759300.0,0.0,1.0
2023-03-01,CVX,162.0500030517578,140.2087860107422,7470400.0,0.0,1.0
2023-03-01,DIS,98.54000091552734,95.54075622558594,7898300.0,0.0,1.0
2023-03-01,GOOGL,90.36000061035156,89.50827026367188,31111200.0,0.0,1.0
2023-03-01,GS,346.2300109863281,318.7369079589844,2717400.0,2.5,1.0
2023-03-02,AAPL,145.91000366210938,143.57017517089844,52238100.0,0.0,1.0
2023-03-02,AMZN,92.12999725341795,92.12999725341795,55509400.0,0.0,1.0
2023-03-02,BA,210.05999755859375,210.05999755859375,5451500.0,0.0,1.0
2023-03-02,BAC,33.4900016784668,30.66481590270996,44607200.0,0.22,1.0
2023-03-02,CAT,252.17999267578125,239.28219604492188,2676500.0,0.0,1.0
2023-03-02,COST,485.69000244140625,464.91217041015625,2379200.0,0.0,1.0
2023-03-02,CVX,162.55999755859375,140.65003967285156,5582000.0,0.0,1.0
2023-03-02,DIS,98.91999816894533,95.90918731689452,7776600.0,0.0,1.0
2023-03-02,GOOGL,92.0,91.13282012939452,32204400.0,0.0,1.0
2023-03-02,GS,349.1000061035156,321.3789978027344,3259800.0,0.0,1.0
2023-03-03,AAPL,151.02999877929688,148.60804748535156,70732300.0,0.0,1.0
2023-03-03,AMZN,94.9000015258789,94.9000015258789,55759600.0,0.0,1.0
2023-03-03,BA,215.11000061035156,215.11000061035156,7496800.0,0.0,1.0
2023-03-03,BAC,34.15999984741211,31.278301239013672,39109100.0,0.0,1.0
2023-03-03,CAT,255.30999755859375,242.25213623046875,2314700.0,0.0,1.0
2023-03-03,COST,475.260009765625,454.9283142089844,5354200.0,0.0,1.0
2023-03-03,CVX,164.9600067138672,142.72657775878906,6007500.0,0.0,1.0
2023-03-03,DIS,101.13999938964844,98.06161499023438,7434300.0,0.0,1.0
2023-03-03,GOOGL,93.6500015258789,92.76725006103516,35160100.0,0.0,1.0
2023-03-03,GS,357.0899963378906,328.7345275878906,2396200.0,0.0,1.0
2023-03-06,AAPL,153.8300018310547,151.3631591796875,87558000.0,0.0,1.0
2023-03-06,AMZN,93.75,93.75,52112400.0,0.0,1.0
2023-03-06,BA,211.9199981689453,211.9199981689453,7004400.0,0.0,1.0
2023-03-06,BAC,34.09000015258789,31.214202880859375,36646700.0,0.0,1.0
2023-03-06,CAT,253.97999572753903,240.9901580810547,2317100.0,0.0,1.0
2023-03-06,COST,483.0799865722656,462.4137573242187,3104700.0,0.0,1.0
2023-03-06,CVX,166.1699981689453,143.77346801757812,7703600.0,0.0,1.0
2023-03-06,DIS,100.66000366210938,97.59622955322266,6773300.0,0.0,1.0
2023-03-06,GOOGL,95.12999725341795,94.2332992553711,32639300.0,0.0,1.0
2023-03-06,GS,357.04998779296875,328.69769287109375,1614200.0,0.0,1.0
2023-03-07,AAPL,151.60000610351562,149.16891479492188,56182000.0,0.0,1.0
2023-03-07,AMZN,93.5500030517578,93.5500030517578,49100700.0,0.0,1.0
2023-03-07,BA,207.9199981689453,207.9199981689453,4619700.0,0.0,1.0
2023-03-07,BAC,33.0,30.216156005859375,52855300.0,0.0,1.0
2023-03-07,CAT,246.13999938964844,233.55113220214844,3018400.0,0.0,1.0
2023-03-07,COST,485.1499938964844,464.3952941894531,2659100.0,0.0,1.0
2023-03-07,CVX,164.02999877929688,141.92193603515625,7393000.0,0.0,1.0
2023-03-07,DIS,99.05999755859376,96.044921875,6951300.0,0.0,1.0
2023-03-07,GOOGL,93.86000061035156,92.97528076171876,27835500.0,0.0,1.0
2023-03-07,GS,346.0799865722656,318.5988464355469,2048500.0,0.0,1.0
2023-03-08,AAPL,152.8699951171875,150.41851806640625,47204800.0,0.0,1.0
2023-03-08,AMZN,93.91999816894533,93.91999816894533,44899100.0,0.0,1.0
2023-03-08,BA,207.1999969482422,207.1999969482422,2406900.0,0.0,1.0
2023-03-08,BAC,32.560001373291016,29.81327247619629,40045600.0,0.0,1.0
2023-03-08,CAT,248.72000122070312,235.9991912841797,2068600.0,0.0,1.0
2023-03-08,COST,486.0400085449219,465.2471618652344,1548500.0,0.0,1.0
2023-03-08,CVX,162.99000549316406,141.0220947265625,5435800.0,0.0,1.0
2023-03-08,DIS,99.3000030517578,96.27761840820312,5668700.0,0.0,1.0
2023-03-08,GOOGL,94.25,93.3615951538086,34103300.0,0.0,1.0
2023-03-08,GS,349.2900085449219,321.5538635253906,1584600.0,0.0,1.0
2023-03-09,AAPL,150.58999633789062,148.1750946044922,53833600.0,0.0,1.0
2023-03-09,AMZN,92.25,92.25,56218700.0,0.0,1.0
2023-03-09,BA,201.2400054931641,201.2400054931641,4284000.0,0.0,1.0
2023-03-09,BAC,30.540000915527344,27.963680267333984,112457900.0,0.0,1.0
2023-03-09,CAT,240.9600067138672,228.63609313964844,2518800.0,0.0,1.0
2023-03-09,COST,479.5199890136719,459.0060729980469,1629400.0,0.0,1.0
2023-03-09,CVX,160.50999450683594,138.87632751464844,6214700.0,0.0,1.0
2023-03-09,DIS,96.13999938964844,93.21379852294922,8275600.0,0.0,1.0
2023-03-09,GOOGL,92.31999969482422,91.44979095458984,28813500.0,0.0,1.0
2023-03-09,GS,342.0899963378906,314.9256591796875,3177800.0,0.0,1.0
2023-03-10,AAPL,148.5,146.11863708496094,68572400.0,0.0,1.0
2023-03-10,AMZN,90.7300033569336,90.7300033569336,69827500.0,0.0,1.0
2023-03-10,BA,203.07000732421875,203.07000732421875,8547100.0,0.0,1.0
2023-03-10,BAC,30.270000457763672,27.71645736694336,165330900.0,0.0,1.0
2023-03-10,CAT,227.0099945068359,215.3995361328125,5767500.0,0.0,1.0
2023-03-10,COST,471.1400146484375,450.984619140625,2123000.0,0.0,1.0
2023-03-10,CVX,159.6699981689453,138.14955139160156,7385800.0,0.0,1.0
2023-03-10,DIS,93.56999969482422,90.7220230102539,13978800.0,0.0,1.0
2023-03-10,GOOGL,90.62999725341795,89.77571868896484,35941000.0,0.0,1.0
2023-03-10,GS,327.6700134277344,301.6507263183594,4559700.0,0.0,1.0
2023-03-13,AAPL,150.47000122070312,148.05702209472656,84457100.0,0.0,1.0
2023-03-13,AMZN,92.43000030517578,92.43000030517578,72397100.0,0.0,1.0
2023-03-13,BA,203.3699951171875,203.3699951171875,6671200.0,0.0,1.0
2023-03-13,BAC,28.510000228881836,26.104930877685547,218403300.0,0.0,1.0
2023-03-13,CAT,224.6999969482422,213.2077178955078,4885100.0,0.0,1.0
2023-03-13,COST,472.0,451.8078308105469,1799600.0,0.0,1.0
2023-03-13,CVX,158.7100067138672,137.31895446777344,10106100.0,0.0,1.0
2023-03-13,DIS,92.5999984741211,89.78154754638672,11915300.0,0.0,1.0
2023-03-13,GOOGL,91.11000061035156,90.25120544433594,37335600.0,0.0,1.0
2023-03-13,GS,315.510009765625,290.456298828125,5660700.0,0.0,1.0
2023-03-14,AAPL,152.58999633789062,150.14300537109375,73695900.0,0.0,1.0
2023-03-14,AMZN,94.87999725341795,94.87999725341795,60912700.0,0.0,1.0
2023-03-14,BA,207.27999877929688,207.27999877929688,8245700.0,0.0,1.0
2023-03-14,BAC,28.760000228881836,26.333839416503903,154255800.0,0.0,1.0
2023-03-14,CAT,225.6699981689453,214.12806701660156,3754900.0,0.0,1.0
2023-03-14,COST,481.9200134277344,461.3034057617187,2422900.0,0.0,1.0
2023-03-14,CVX,160.75999450683594,139.09263610839844,10035200.0,0.0,1.0
2023-03-14,DIS,93.36000061035156,90.51841735839844,10323600.0,0.0,1.0
2023-03-14,GOOGL,93.97000122070312,93.08423614501952,36050200.0,0.0,1.0
2023-03-14,GS,322.1499938964844,296.56903076171875,3785900.0,0.0,1.0
2023-03-15,AAPL,152.99000549316406,150.53663635253906,77167900.0,0.0,1.0
2023-03-15,AMZN,96.1999969482422,96.1999969482422,70731800.0,0.0,1.0
2023-03-15,BA,198.2100067138672,198.2100067138672,10894200.0,0.0,1.0
2023-03-15,BAC,28.489999771118164,26.086612701416016,131104400.0,0.0,1.0
2023-03-15,CAT,217.2599945068359,206.148193359375,5471700.0,0.0,1.0
2023-03-15,COST,485.6600036621094,464.8834533691406,2226300.0,0.0,1.0
2023-03-15,CVX,153.8000030517578,133.07073974609375,14063100.0,0.0,1.0
2023-03-15,DIS,93.0999984741211,90.26632690429688,9543800.0,0.0,1.0
2023-03-15,GOOGL,96.11000061035156,95.20406341552734,50622100.0,0.0,1.0
2023-03-15,GS,312.19000244140625,287.39990234375,6596700.0,0.0,1.0
2023-03-16,AAPL,155.85000610351562,153.3507537841797,76161100.0,0.0,1.0
2023-03-16,AMZN,100.04000091552734,100.04000091552734,84446900.0,0.0,1.0
2023-03-16,BA,203.19000244140625,203.19000244140625,6747300.0,0.0,1.0
2023-03-16,BAC,28.969999313354492,26.526119232177734,108348800.0,0.0,1.0
2023-03-16,CAT,218.7100067138672,207.52403259277344,3555000.0,0.0,1.0
2023-03-16,COST,487.260009765625,466.4150085449219,1979600.0,0.0,1.0
2023-03-16,CVX,154.2899932861328,133.4946746826172,12849600.0,0.0,1.0
2023-03-16,DIS,94.29000091552734,91.42011260986328,9931700.0,0.0,1.0
2023-03-16,GOOGL,100.31999969482422,99.37438201904295,65492000.0,0.0,1.0
2023-03-16,GS,315.0899963378906,290.06964111328125,4399100.0,0.0,1.0
2023-03-17,AAPL,155.0,152.51441955566406,98944600.0,0.0,1.0
2023-03-17,AMZN,98.9499969482422,98.9499969482422,87300200.0,0.0,1.0
2023-03-17,BA,201.0500030517578,201.0500030517578,9858900.0,0.0,1.0
2023-03-17,BAC,27.81999969482422,25.473133087158203,130665500.0,0.0,1.0
2023-03-17,CAT,215.0099945068359,204.01329040527344,7203000.0,0.0,1.0
2023-03-17,COST,487.0499877929687,466.2139587402344,3959300.0,0.0,1.0
2023-03-17,CVX,152.33999633789062,131.8074951171875,33161800.0,0.0,1.0
2023-03-17,DIS,93.1999969482422,90.36328125,12943200.0,0.0,1.0
2023-03-17,GOOGL,101.62000274658205,100.66212463378906,61028500.0,0.0,1.0
2023-03-17,GS,303.5400085449219,279.4367980957031,6369800.0,0.0,1.0
2023-03-20,AAPL,157.39999389648438,154.8759002685547,73641400.0,0.0,1.0
2023-03-20,AMZN,97.70999908447266,97.70999908447266,62388900.0,0.0,1.0
2023-03-20,BA,204.77000427246097,204.77000427246097,4764000.0,0.0,1.0
2023-03-20,BAC,27.75,25.409038543701172,81441200.0,0.0,1.0
2023-03-20,CAT,220.30999755859375,209.04220581054688,3464200.0,0.0,1.0
2023-03-20,COST,489.2900085449219,468.358154296875,1623800.0,0.0,1.0
2023-03-20,CVX,154.5800018310547,133.74559020996094,8469200.0,0.0,1.0
2023-03-20,DIS,94.22000122070312,91.35224151611328,6657200.0,0.0,1.0
2023-03-20,GOOGL,101.22000122070312,100.2658920288086,32960400.0,0.0,1.0
2023-03-20,GS,309.5299987792969,284.95111083984375,3963700.0,0.0,1.0
2023-03-21,AAPL,159.27999877929688,156.72573852539062,73938300.0,0.0,1.0
2023-03-21,AMZN,100.61000061035156,100.61000061035156,58597300.0,0.0,1.0
2023-03-21,BA,204.6999969482422,204.6999969482422,4673300.0,0.0,1.0
2023-03-21,BAC,28.59000015258789,26.178178787231445,84854800.0,0.0,1.0
2023-03-21,CAT,224.9199981689453,213.4164581298828,3074600.0,0.0,1.0
2023-03-21,COST,490.8500061035156,469.8514099121094,1664000.0,0.0,1.0
2023-03-21,CVX,159.30999755859375,137.83807373046875,9753500.0,0.0,1.0
2023-03-21,DIS,96.54000091552734,93.60162353515624,7285800.0,0.0,1.0
2023-03-21,GOOGL,104.91999816894533,103.9310302734375,42110300.0,0.0,1.0
2023-03-21,GS,317.2799987792969,292.0857238769531,3242400.0,0.0,1.0
2023-03-22,AAPL,157.8300018310547,155.2989959716797,75701800.0,0.0,1.0
2023-03-22,AMZN,98.6999969482422,98.6999969482422,57475400.0,0.0,1.0
2023-03-22,BA,196.16000366210935,196.16000366210935,7311600.0,0.0,1.0
2023-03-22,BAC,27.63999938964844,25.308319091796875,76925900.0,0.0,1.0
2023-03-22,CAT,219.9499969482422,208.7006378173828,2930200.0,0.0,1.0
2023-03-22,COST,487.5199890136719,466.6638488769531,1299700.0,0.0,1.0
2023-03-22,CVX,156.07000732421875,135.03475952148438,6315000.0,0.0,1.0
2023-03-22,DIS,94.9000015258789,92.01155090332033,8811100.0,0.0,1.0
2023-03-22,GOOGL,103.37000274658205,102.3956298828125,43427400.0,0.0,1.0
2023-03-22,GS,313.6700134277344,288.762451171875,2505900.0,0.0,1.0
2023-03-23,AAPL,158.92999267578125,156.38134765625,67622100.0,0.0,1.0
2023-03-23,AMZN,98.70999908447266,98.70999908447266,57559300.0,0.0,1.0
2023-03-23,BA,197.8999938964844,197.8999938964844,6266900.0,0.0,1.0
2023-03-23,BAC,26.969999313354492,24.694841384887695,105335900.0,0.0,1.0
2023-03-23,CAT,219.44000244140625,208.21673583984375,2957400.0,0.0,1.0
2023-03-23,COST,487.760009765625,466.89361572265625,1565900.0,0.0,1.0
2023-03-23,CVX,154.52000427246094,133.6936798095703,7859400.0,0.0,1.0
2023-03-23,DIS,95.83000183105467,92.91324615478516,9527000.0,0.0,1.0
2023-03-23,GOOGL,105.5999984741211,104.60462188720705,40797800.0,0.0,1.0
2023-03-23,GS,314.8500061035156,289.84869384765625,2585900.0,0.0,1.0
2023-03-24,AAPL,160.25,157.68020629882812,59196500.0,0.0,1.0
2023-03-24,AMZN,98.12999725341795,98.12999725341795,56095400.0,0.0,1.0
2023-03-24,BA,197.52999877929688,197.52999877929688,4511600.0,0.0,1.0
2023-03-24,BAC,27.13999938964844,24.850500106811523,96872700.0,0.0,1.0
2023-03-24,CAT,217.0099945068359,205.91098022460935,2976800.0,0.0,1.0
2023-03-24,COST,495.2699890136719,474.0823364257813,1635200.0,0.0,1.0
2023-03-24,CVX,156.05999755859375,135.02610778808594,6600100.0,0.0,1.0
2023-03-24,DIS,94.08000183105467,91.21649932861328,9534600.0,0.0,1.0
2023-03-24,GOOGL,105.44000244140624,104.44612121582033,30393300.0,0.0,1.0
2023-03-24,GS,312.57000732421875,287.749755859375,2456700.0,0.0,1.0
2023-03-27,AAPL,158.27999877929688,155.74179077148438,52390300.0,0.0,1.0
2023-03-27,AMZN,98.04000091552734,98.04000091552734,46721300.0,0.0,1.0
2023-03-27,BA,200.57000732421875,200.57000732421875,3891700.0,0.0,1.0
2023-03-27,BAC,28.489999771118164,26.086612701416016,102469800.0,0.0,1.0
2023-03-27,CAT,218.0,206.8503875732422,3209500.0,0.0,1.0
2023-03-27,COST,493.2200012207031,472.12005615234375,1452100.0,0.0,1.0
2023-03-27,CVX,157.64999389648438,136.4018096923828,7006800.0,0.0,1.0
2023-03-27,DIS,95.62000274658205,92.70963287353516,7487900.0,0.0,1.0
2023-03-27,GOOGL,102.45999908447266,101.49420166015624,31120900.0,0.0,1.0
2023-03-27,GS,318.5299987792969,293.2364196777344,2300600.0,0.0,1.0
2023-03-28,AAPL,157.64999389648438,155.12191772460938,45992200.0,0.0,1.0
2023-03-28,AMZN,97.23999786376952,97.23999786376952,38720100.0,0.0,1.0
2023-03-28,BA,204.9600067138672,204.9600067138672,5460600.0,0.0,1.0
2023-03-28,BAC,28.1200008392334,25.747827529907227,63416500.0,0.0,1.0
2023-03-28,CAT,220.16000366210935,208.89988708496097,1802000.0,0.0,1.0
2023-03-28,COST,486.7699890136719,465.9459228515625,1407800.0,0.0,1.0
2023-03-28,CVX,159.49000549316406,137.99380493164062,5605400.0,0.0,1.0
2023-03-28,DIS,94.81999969482422,91.9339828491211,5426100.0,0.0,1.0
2023-03-28,GOOGL,101.02999877929688,100.07769012451172,32057900.0,0.0,1.0
2023-03-28,GS,318.44000244140625,293.15362548828125,1224300.0,0.0,1.0
2023-03-29,AAPL,160.77000427246094,158.19186401367188,51305700.0,0.0,1.0
2023-03-29,AMZN,100.25,100.25,49783300.0,0.0,1.0
2023-03-29,BA,207.97000122070312,207.97000122070312,3572200.0,0.0,1.0
2023-03-29,BAC,28.670000076293945,26.251428604125977,62666400.0,0.0,1.0
2023-03-29,CAT,223.0,211.5946502685547,1857300.0,0.0,1.0
2023-03-29,COST,490.8699951171875,469.87054443359375,1643000.0,0.0,1.0
2023-03-29,CVX,160.86000061035156,139.17918395996094,7569700.0,0.0,1.0
2023-03-29,DIS,96.87000274658205,93.92159271240234,5889100.0,0.0,1.0
2023-03-29,GOOGL,101.38999938964844,100.43429565429688,28779600.0,0.0,1.0
2023-03-29,GS,320.7200012207031,295.2525939941406,1475900.0,0.0,1.0
2023-03-30,AAPL,162.36000061035156,159.75636291503906,49501700.0,0.0,1.0
2023-03-30,AMZN,102.0,102.0,53633400.0,0.0,1.0
2023-03-30,BA,211.0399932861328,211.0399932861328,6583400.0,0.0,1.0
2023-03-30,BAC,28.299999237060547,25.912643432617188,67427100.0,0.0,1.0
2023-03-30,CAT,224.5399932861328,213.05587768554688,1921100.0,0.0,1.0
2023-03-30,COST,491.4800109863281,470.4544982910156,1545500.0,0.0,1.0
2023-03-30,CVX,162.38999938964844,140.50296020507812,6322400.0,0.0,1.0
2023-03-30,DIS,98.0999984741211,95.11414337158205,7669500.0,0.0,1.0
2023-03-30,GOOGL,100.88999938964844,99.9390106201172,33086200.0,0.0,1.0
2023-03-30,GS,321.1400146484375,295.6391906738281,1456300.0,0.0,1.0
2023-03-31,AAPL,164.89999389648438,162.25563049316406,68749800.0,0.0,1.0
2023-03-31,AMZN,103.29000091552734,103.29000091552734,56750300.0,0.0,1.0
2023-03-31,BA,212.42999267578125,212.42999267578125,5147500.0,0.0,1.0
2023-03-31,BAC,28.600000381469727,26.187334060668945,56482100.0,0.0,1.0
2023-03-31,CAT,228.83999633789065,217.135986328125,2746700.0,0.0,1.0
2023-03-31,COST,496.8699951171875,475.61383056640625,2082000.0,0.0,1.0
2023-03-31,CVX,163.16000366210938,141.16917419433594,7041400.0,0.0,1.0
2023-03-31,DIS,100.12999725341795,97.08235931396484,8920000.0,0.0,1.0
2023-03-31,GOOGL,103.7300033569336,102.75225067138672,36863400.0,0.0,1.0
2023-03-31,GS,327.1099853515625,301.1351318359375,2281100.0,0.0,1.0
2023-04-03,AAPL,166.1699981689453,163.50526428222656,56976200.0,0.0,1.0
2023-04-03,AMZN,102.41000366210938,102.41000366210938,41135700.0,0.0,1.0
2023-04-03,BA,215.38999938964844,215.38999938964844,6085900.0,0.0,1.0
2023-04-03,BAC,28.59000015258789,26.178178787231445,51996800.0,0.0,1.0
2023-04-03,CAT,229.8699951171875,218.11325073242188,2242500.0,0.0,1.0
2023-04-03,COST,497.0299987792969,475.7669982910156,1804700.0,0.0,1.0
2023-04-03,CVX,169.9499969482422,147.0439910888672,12868200.0,0.0,1.0
2023-04-03,DIS,99.76000213623048,96.72362518310548,7313200.0,0.0,1.0
2023-04-03,GOOGL,104.36000061035156,103.37631225585938,25035400.0,0.0,1.0
2023-04-03,GS,326.5199890136719,300.59197998046875,1808800.0,0.0,1.0
2023-04-04,AAPL,165.6300048828125,162.9739532470703,46278300.0,0.0,1.0
2023-04-04,AMZN,103.9499969482422,103.9499969482422,48662500.0,0.0,1.0
2023-04-04,BA,213.8999938964844,213.8999938964844,6192300.0,0.0,1.0
2023-04-04,BAC,27.979999542236328,25.619638442993164,56233300.0,0.0,1.0
2023-04-04,CAT,217.4499969482422,206.32847595214844,4282100.0,0.0,1.0
2023-04-04,COST,497.7300109863281,476.4370422363281,1913300.0,0.0,1.0
2023-04-04,CVX,169.0399932861328,146.25665283203125,7521400.0,0.0,1.0
2023-04-04,DIS,99.56999969482422,96.5394058227539,6794200.0,0.0,1.0
2023-04-04,GOOGL,104.72000122070312,103.73291015625,24420100.0,0.0,1.0
2023-04-04,GS,322.6499938964844,297.029296875,1536800.0,0.0,1.0
2023-04-05,AAPL,163.75999450683594,161.13392639160156,51511700.0,0.0,1.0
2023-04-05,AMZN,101.0999984741211,101.0999984741211,45175400.0,0.0,1.0
2023-04-05,BA,210.0,210.0,4138400.0,0.0,1.0
2023-04-05,BAC,27.63999938964844,25.308319091796875,47799400.0,0.0,1.0
2023-04-05,CAT,213.52999877929688,202.6089782714844,4265300.0,0.0,1.0
2023-04-05,COST,497.1300048828125,475.8627624511719,1941500.0,0.0,1.0
2023-04-05,CVX,169.8800048828125,146.9834442138672,6478100.0,0.0,1.0
2023-04-05,DIS,99.91000366210938,96.86905670166016,7747200.0,0.0,1.0
2023-04-05,GOOGL,104.47000122070312,103.48527526855467,28290500.0,0.0,1.0
2023-04-05,GS,321.5299987792969,295.9982604980469,1329300.0,0.0,1.0
2023-04-06,AAPL,164.66000366210938,162.0194854736328,45390100.0,0.0,1.0
2023-04-06,AMZN,102.05999755859376,102.05999755859376,43808000.0,0.0,1.0
2023-04-06,BA,211.3699951171875,211.3699951171875,5618100.0,0.0,1.0
2023-04-06,BAC,27.84000015258789,25.4914493560791,41216600.0,0.0,1.0
2023-04-06,CAT,209.1699981689453,198.47198486328125,4180100.0,0.0,1.0
2023-04-06,COST,485.9800109863281,465.1897583007813,4114700.0,0.0,1.0
2023-04-06,CVX,167.64999389648438,145.05398559570312,5803200.0,0.0,1.0
2023-04-06,DIS,99.97000122070312,96.92723083496094,7042500.0,0.0,1.0
2023-04-06,GOOGL,108.41999816894533,107.39803314208984,48711500.0,0.0,1.0
2023-04-06,GS,322.3999938964844,296.7991943359375,1311000.0,0.0,1.0
2023-04-10,AAPL,162.02999877929688,159.43167114257812,47716900.0,0.0,1.0
2023-04-10,AMZN,102.16999816894533,102.16999816894533,37261200.0,0.0,1.0
2023-04-10,BA,210.77999877929688,210.77999877929688,3729300.0,0.0,1.0
2023-04-10,BAC,27.940000534057617,25.5830135345459,40572700.0,0.0,1.0
2023-04-10,CAT,215.52999877929688,204.50669860839844,3839000.0,0.0,1.0
2023-04-10,COST,493.8299865722656,472.7039489746094,1653600.0,0.0,1.0
2023-04-10,CVX,168.2899932861328,145.6077423095703,5923500.0,0.0,1.0
2023-04-10,DIS,100.80999755859376,97.74166107177734,8016600.0,0.0,1.0
2023-04-10,GOOGL,106.44000244140624,105.43669891357422,27067400.0,0.0,1.0
2023-04-10,GS,324.9599914550781,299.1558837890625,1114400.0,0.0,1.0
2023-04-11,AAPL,160.8000030517578,158.22140502929688,47644200.0,0.0,1.0
2023-04-11,AMZN,99.91999816894533,99.91999816894533,60417800.0,0.0,1.0
2023-04-11,BA,212.32000732421875,212.32000732421875,5277500.0,0.0,1.0
2023-04-11,BAC,28.709999084472656,26.288055419921875,58761200.0,0.0,1.0
2023-04-11,CAT,220.6000061035156,209.31739807128903,3882000.0,0.0,1.0
2023-04-11,COST,498.6499938964844,477.3177795410156,1547400.0,0.0,1.0
2023-04-11,CVX,169.22000122070312,146.4123992919922,5469600.0,0.0,1.0
2023-04-11,DIS,100.41999816894533,97.363525390625,7504600.0,0.0,1.0
2023-04-11,GOOGL,105.3499984741211,104.35697174072266,26311800.0,0.0,1.0
2023-04-11,GS,327.3699951171875,301.37451171875,1559600.0,0.0,1.0
2023-04-12,AAPL,160.10000610351562,157.5325927734375,50133100.0,0.0,1.0
2023-04-12,AMZN,97.83000183105467,97.83000183105467,56735000.0,0.0,1.0
2023-04-12,BA,212.33999633789065,212.33999633789065,4600300.0,0.0,1.0
2023-04-12,BAC,28.479999542236328,26.077457427978516,44313300.0,0.0,1.0
2023-04-12,CAT,220.5,209.22250366210935,2385100.0,0.0,1.0
2023-04-12,COST,489.3500061035156,468.41558837890625,2063700.0,0.0,1.0
2023-04-12,CVX,169.82000732421875,146.93153381347656,6157900.0,0.0,1.0
2023-04-12,DIS,97.94000244140624,94.95902252197266,9289200.0,0.0,1.0
2023-04-12,GOOGL,104.63999938964844,103.6536636352539,24370300.0,0.0,1.0
2023-04-12,GS,330.239990234375,304.0166015625,1862400.0,0.0,1.0
2023-04-13,AAPL,165.55999755859375,162.90509033203125,68445600.0,0.0,1.0
2023-04-13,AMZN,102.4000015258789,102.4000015258789,67925100.0,0.0,1.0
2023-04-13,BA,213.58999633789065,213.58999633789065,4501600.0,0.0,1.0
2023-04-13,BAC,28.559999465942383,26.150711059570312,52261400.0,0.0,1.0
2023-04-13,CAT,221.6699981689453,210.33265686035156,2909100.0,0.0,1.0
2023-04-13,COST,497.8900146484375,476.5902099609375,1600500.0,0.0,1.0
2023-04-13,CVX,172.08999633789062,148.8955841064453,6856600.0,0.0,1.0
2023-04-13,DIS,100.83999633789062,97.77073669433594,8745000.0,0.0,1.0
2023-04-13,GOOGL,107.43000030517578,106.4173583984375,24843600.0,0.0,1.0
2023-04-13,GS,332.1300048828125,305.7565002441406,1765500.0,0.0,1.0
2023-04-14,AAPL,165.2100067138672,162.5606689453125,49386500.0,0.0,1.0
2023-04-14,AMZN,102.51000213623048,102.51000213623048,51450500.0,0.0,1.0
2023-04-14,BA,201.7100067138672,201.7100067138672,19066500.0,0.0,1.0
2023-04-14,BAC,29.520000457763672,27.02972412109375,81110800.0,0.0,1.0
2023-04-14,CAT,223.67999267578125,212.2398681640625,2246900.0,0.0,1.0
2023-04-14,COST,491.2999877929687,470.2821044921875,1675300.0,0.0,1.0
2023-04-14,CVX,172.44000244140625,149.19842529296875,4930700.0,0.0,1.0
2023-04-14,DIS,99.9000015258789,96.85935974121094,7337300.0,0.0,1.0
2023-04-14,GOOGL,108.87000274658205,107.84378814697266,26578000.0,0.0,1.0
2023-04-14,GS,336.9200134277344,310.1661682128906,2275700.0,0.0,1.0
2023-04-17,AAPL,165.22999572753906,162.580322265625,41516200.0,0.0,1.0
2023-04-17,AMZN,102.73999786376952,102.73999786376952,39919500.0,0.0,1.0
2023-04-17,BA,205.02999877929688,205.02999877929688,6306800.0,0.0,1.0
2023-04-17,BAC,30.3700008392334,27.808019638061523,83704400.0,0.0,1.0
2023-04-17,CAT,225.2400054931641,213.72006225585935,1751800.0,0.0,1.0
2023-04-17,COST,493.94000244140625,472.8091735839844,1411800.0,0.0,1.0
2023-04-17,CVX,170.9199981689453,147.88328552246094,7006000.0,0.0,1.0
2023-04-17,DIS,100.3000030517578,97.24718475341795,6705300.0,0.0,1.0
2023-04-17,GOOGL,105.97000122070312,104.97115325927734,37571200.0,0.0,1.0
2023-04-17,GS,339.67999267578125,312.7070617675781,3012100.0,0.0,1.0
2023-04-18,AAPL,166.47000122070312,163.8004608154297,49923000.0,0.0,1.0
2023-04-18,AMZN,102.3000030517578,102.3000030517578,39790500.0,0.0,1.0
2023-04-18,BA,208.3699951171875,208.3699951171875,7445800.0,0.0,1.0
2023-04-18,BAC,30.559999465942383,27.98198890686035,114498800.0,0.0,1.0
2023-04-18,CAT,225.1999969482422,213.68209838867188,2567100.0,0.0,1.0
2023-04-18,COST,496.8999938964844,475.6425476074219,1339600.0,0.0,1.0
2023-04-18,CVX,170.52000427246094,147.5371856689453,8045600.0,0.0,1.0
2023-04-18,DIS,100.93000030517578,97.8580093383789,8180100.0,0.0,1.0
2023-04-18,GOOGL,104.5,103.51497650146484,26596400.0,0.0,1.0
2023-04-18,GS,333.9100036621094,307.39520263671875,7549500.0,0.0,1.0
2023-04-19,AAPL,167.6300048828125,164.94186401367188,47720200.0,0.0,1.0
2023-04-19,AMZN,104.3000030517578,104.3000030517578,58398900.0,0.0,1.0
2023-04-19,BA,208.7100067138672,208.7100067138672,4757400.0,0.0,1.0
2023-04-19,BAC,30.059999465942383,27.524173736572266,65594200.0,0.0,1.0
2023-04-19,CAT,224.6499938964844,213.16026306152344,2078400.0,0.0,1.0
2023-04-19,COST,496.0299987792969,474.8097839355469,1098800.0,0.0,1.0
2023-04-19,CVX,170.67999267578125,147.67559814453125,5506800.0,0.0,1.0
2023-04-19,DIS,98.75,95.74435424804688,11523300.0,0.0,1.0
2023-04-19,GOOGL,104.18000030517578,103.197998046875,20905700.0,0.0,1.0
2023-04-19,GS,336.8900146484375,310.1385803222656,2625400.0,0.0,1.0
2023-04-20,AAPL,166.64999389648438,163.97756958007812,52456400.0,0.0,1.0
2023-04-20,AMZN,103.80999755859376,103.80999755859376,57696900.0,0.0,1.0
2023-04-20,BA,207.22999572753903,207.22999572753903,3322900.0,0.0,1.0
2023-04-20,BAC,29.899999618530273,27.37767219543457,43193800.0,0.0,1.0
2023-04-20,CAT,222.27000427246097,210.9019775390625,2826800.0,0.0,1.0
2023-04-20,COST,505.5799865722656,483.9512023925781,2936500.0,0.0,1.0
2023-04-20,CVX,169.85000610351562,146.95748901367188,5851100.0,0.0,1.0
2023-04-20,DIS,98.06999969482422,95.0850601196289,7762700.0,0.0,1.0
2023-04-20,GOOGL,105.29000091552734,104.29753112792967,27820800.0,0.0,1.0
2023-04-20,GS,338.7099914550781,311.8139953613281,2217900.0,0.0,1.0
2023-04-21,AAPL,165.02000427246094,162.37371826171875,58337300.0,0.0,1.0
2023-04-21,AMZN,106.95999908447266,106.95999908447266,86774200.0,0.0,1.0
2023-04-21,BA,205.1499938964844,205.1499938964844,3432300.0,0.0,1.0
2023-04-21,BAC,29.8700008392334,27.350202560424805,44759000.0,0.0,1.0
2023-04-21,CAT,220.27000427246097,210.1387481689453,2712500.0,1.2,1.0
2023-04-21,COST,506.3500061035156,484.6883239746094,1508600.0,0.0,1.0
2023-04-21,CVX,169.1199951171875,146.32586669921875,7179000.0,0.0,1.0
2023-04-21,DIS,99.56999969482422,96.5394058227539,9468000.0,0.0,1.0
2023-04-21,GOOGL,105.41000366210938,104.41641235351562,25800100.0,0.0,1.0
2023-04-21,GS,341.6600036621094,314.5298156738281,2278900.0,0.0,1.0
2023-04-24,AAPL,165.3300018310547,162.6787567138672,41949600.0,0.0,1.0
2023-04-24,AMZN,106.20999908447266,106.20999908447266,69575600.0,0.0,1.0
2023-04-24,BA,205.77000427246097,205.77000427246097,3058900.0,0.0,1.0
2023-04-24,BAC,29.760000228881836,27.24947929382324,28020300.0,0.0,1.0
2023-04-24,CAT,223.42999267578125,213.1534118652344,2790700.0,0.0,1.0
2023-04-24,COST,511.4200134277344,489.5414733886719,1374100.0,0.0,1.0
2023-04-24,CVX,171.47999572753906,148.36781311035156,7177600.0,0.0,1.0
2023-04-24,DIS,99.68000030517578,96.64604949951172,8540600.0,0.0,1.0
2023-04-24,GOOGL,105.97000122070312,104.97115325927734,23542800.0,0.0,1.0
2023-04-24,GS,343.9599914550781,316.6471862792969,1966300.0,0.0,1.0
2023-04-25,AAPL,163.77000427246094,161.1437530517578,48714100.0,0.0,1.0
2023-04-25,AMZN,102.56999969482422,102.56999969482422,65026800.0,0.0,1.0
2023-04-25,BA,202.19000244140625,202.19000244140625,4699500.0,0.0,1.0
2023-04-25,BAC,28.84000015258789,26.407093048095703,49718800.0,0.0,1.0
2023-04-25,CAT,218.6300048828125,208.57420349121097,2505600.0,0.0,1.0
2023-04-25,COST,503.1700134277344,481.6444091796875,1789900.0,0.0,1.0
2023-04-25,CVX,168.99000549316406,146.21339416503906,5807200.0,0.0,1.0
2023-04-25,DIS,98.01000213623048,95.02688598632812,6511400.0,0.0,1.0
2023-04-25,GOOGL,103.8499984741211,102.8711166381836,46664100.0,0.0,1.0
2023-04-25,GS,339.4800109863281,312.52288818359375,2138200.0,0.0,1.0
2023-04-26,AAPL,163.75999450683594,161.13392639160156,45498800.0,0.0,1.0
2023-04-26,AMZN,104.9800033569336,104.9800033569336,73803800.0,0.0,1.0
2023-04-26,BA,203.02999877929688,203.02999877929688,9137200.0,0.0,1.0
2023-04-26,BAC,28.440000534057617,26.040836334228516,45848400.0,0.0,1.0
2023-04-26,CAT,216.19000244140625,206.2464141845703,3254700.0,0.0,1.0
2023-04-26,COST,494.6600036621094,473.4984130859375,1441900.0,0.0,1.0
2023-04-26,CVX,165.97999572753906,143.60906982421875,5927400.0,0.0,1.0
2023-04-26,DIS,96.61000061035156,93.66950225830078,8634500.0,0.0,1.0
2023-04-26,GOOGL,103.70999908447266,102.73241424560548,53347600.0,0.0,1.0
2023-04-26,GS,336.55999755859375,309.834716796875,2041900.0,0.0,1.0
2023-04-27,AAPL,168.41000366210938,165.7093505859375,64902300.0,0.0,1.0
2023-04-27,AMZN,109.81999969482422,109.81999969482422,149961200.0,0.0,1.0
2023-04-27,BA,206.0399932861328,206.0399932861328,5105200.0,0.0,1.0
2023-04-27,BAC,28.88999938964844,26.45286750793457,33060100.0,0.0,1.0
2023-04-27,CAT,214.3300018310547,204.47198486328125,7711100.0,0.0,1.0
2023-04-27,COST,501.2699890136719,479.82562255859375,1361600.0,0.0,1.0
2023-04-27,CVX,166.9499969482422,144.44834899902344,6417200.0,0.0,1.0
2023-04-27,DIS,99.93000030517578,96.88844299316406,8166500.0,0.0,1.0
2023-04-27,GOOGL,107.58999633789062,106.57585906982422,50089200.0,0.0,1.0
2023-04-27,GS,341.6000061035156,314.4745788574219,1768200.0,0.0,1.0
2023-04-28,AAPL,169.67999267578125,166.95895385742188,55275900.0,0.0,1.0
2023-04-28,AMZN,105.4499969482422,105.4499969482422,130715900.0,0.0,1.0
2023-04-28,BA,206.77999877929688,206.77999877929688,3716100.0,0.0,1.0
2023-04-28,BAC,29.280000686645508,26.809974670410156,45592500.0,0.0,1.0
2023-04-28,CAT,218.8000030517578,208.7364044189453,4669500.0,0.0,1.0
2023-04-28,COST,503.2200012207031,481.6922302246094,1170200.0,0.0,1.0
2023-04-28,CVX,168.5800018310547,145.85865783691406,10036300.0,0.0,1.0
2023-04-28,DIS,102.5,99.38023376464844,11329700.0,0.0,1.0
2023-04-28,GOOGL,107.33999633789062,106.32820892333984,36139800.0,0.0,1.0
2023-04-28,GS,343.44000244140625,316.1684875488281,1714100.0,0.0,1.0
2023-05-01,AAPL,169.58999633789062,166.87042236328125,52472900.0,0.0,1.0
2023-05-01,AMZN,102.0500030517578,102.0500030517578,74728100.0,0.0,1.0
2023-05-01,BA,203.8699951171875,203.8699951171875,3776800.0,0.0,1.0
2023-05-01,BAC,29.040000915527344,26.59022331237793,34076800.0,0.0,1.0
2023-05-01,CAT,217.27000427246097,207.2767639160156,2876400.0,0.0,1.0
2023-05-01,COST,493.5899963378906,472.4741516113281,2203200.0,0.0,1.0
2023-05-01,CVX,167.24000549316406,144.6992645263672,6099800.0,0.0,1.0
2023-05-01,DIS,102.20999908447266,99.09904479980467,6909500.0,0.0,1.0
2023-05-01,GOOGL,107.1999969482422,106.18952941894533,26681700.0,0.0,1.0
2023-05-01,GS,340.57000732421875,313.5263366699219,1375000.0,0.0,1.0
2023-05-02,AAPL,168.5399932861328,165.83724975585938,48425700.0,0.0,1.0
2023-05-02,AMZN,103.62999725341795,103.62999725341795,73469400.0,0.0,1.0
2023-05-02,BA,203.25,203.25,3970800.0,0.0,1.0
2023-05-02,BAC,28.15999984741211,25.784454345703125,70797700.0,0.0,1.0
2023-05-02,CAT,215.1499938964844,205.2542724609375,2858000.0,0.0,1.0
2023-05-02,COST,494.80999755859375,473.6419982910156,1940800.0,0.0,1.0
2023-05-02,CVX,160.0399932861328,138.46966552734375,10701700.0,0.0,1.0
2023-05-02,DIS,100.5999984741211,97.53805541992188,6955900.0,0.0,1.0
2023-05-02,GOOGL,105.31999969482422,104.32725524902344,30997200.0,0.0,1.0
2023-05-02,GS,333.3699951171875,306.8980712890625,2397600.0,0.0,1.0
2023-05-03,AAPL,167.4499969482422,164.7647247314453,65136000.0,0.0,1.0
2023-05-03,AMZN,103.6500015258789,103.6500015258789,65051900.0,0.0,1.0
2023-05-03,BA,200.92999267578125,200.92999267578125,4537900.0,0.0,1.0
2023-05-03,BAC,27.86000061035156,25.5097599029541,51139500.0,0.0,1.0
2023-05-03,CAT,215.63999938964844,205.7217559814453,2635100.0,0.0,1.0
2023-05-03,COST,490.05999755859375,469.09515380859375,1426400.0,0.0,1.0
2023-05-03,CVX,156.8300018310547,135.6923370361328,7538100.0,0.0,1.0
2023-05-03,DIS,100.86000061035156,97.7901382446289,7772100.0,0.0,1.0
2023-05-03,GOOGL,105.41000366210938,104.41641235351562,21795400.0,0.0,1.0
2023-05-03,GS,328.6499938964844,302.5528869628906,1825400.0,0.0,1.0
2023-05-04,AAPL,165.7899932861328,163.13133239746094,81235400.0,0.0,1.0
2023-05-04,AMZN,104.0,104.0,45345500.0,0.0,1.0
2023-05-04,BA,197.0500030517578,197.0500030517578,6934100.0,0.0,1.0
2023-05-04,BAC,26.989999771118164,24.713150024414062,82173800.0,0.0,1.0
2023-05-04,CAT,210.3800048828125,200.70367431640625,3211000.0,0.0,1.0
2023-05-04,COST,490.3399963378906,470.3421630859375,1487000.0,1.02,1.0
2023-05-04,CVX,156.22000122070312,135.16455078125,7500400.0,0.0,1.0
2023-05-04,DIS,97.4499969482422,94.4839324951172,13260700.0,0.0,1.0
2023-05-04,GOOGL,104.69000244140624,103.70318603515624,23419500.0,0.0,1.0
2023-05-04,GS,321.260009765625,295.7497253417969,2965100.0,0.0,1.0
2023-05-05,AAPL,173.57000732421875,170.78662109375,113453200.0,0.0,1.0
2023-05-05,AMZN,105.66000366210938,105.66000366210938,56951700.0,0.0,1.0
2023-05-05,BA,198.33999633789065,198.33999633789065,3872200.0,0.0,1.0
2023-05-05,BAC,27.709999084472656,25.372411727905273,50087100.0,0.0,1.0
2023-05-05,CAT,215.08999633789065,205.19699096679688,2716600.0,0.0,1.0
2023-05-05,COST,499.05999755859375,478.70654296875,1709200.0,0.0,1.0
2023-05-05,CVX,160.2100067138672,138.6167755126953,5802000.0,0.0,1.0
2023-05-05,DIS,100.5199966430664,97.46048736572266,9300100.0,0.0,1.0
2023-05-05,GOOGL,105.56999969482422,104.57489013671876,26639300.0,0.0,1.0
2023-05-05,GS,327.0199890136719,301.0522766113281,2413400.0,0.0,1.0
2023-05-08,AAPL,173.5,170.71771240234375,55962800.0,0.0,1.0
2023-05-08,AMZN,105.83000183105467,105.83000183105467,49430900.0,0.0,1.0
2023-05-08,BA,197.2599945068359,197.2599945068359,4677400.0,0.0,1.0
2023-05-08,BAC,27.690000534057617,25.354103088378903,34245500.0,0.0,1.0
2023-05-08,CAT,214.7899932861328,204.91078186035156,2414100.0,0.0,1.0
2023-05-08,COST,499.05999755859375,478.70654296875,1015000.0,0.0,1.0
2023-05-08,CVX,159.5800018310547,138.07167053222656,5028200.0,0.0,1.0
2023-05-08,DIS,102.97000122070312,99.8359146118164,10810100.0,0.0,1.0
2023-05-08,GOOGL,107.7699966430664,106.75416564941406,26511400.0,0.0,1.0
2023-05-08,GS,326.510009765625,300.5827941894531,1607300.0,0.0,1.0
2023-05-09,AAPL,171.77000427246094,169.01548767089844,45326900.0,0.0,1.0
2023-05-09,AMZN,106.62000274658205,106.62000274658205,44089400.0,0.0,1.0
2023-05-09,BA,201.8800048828125,201.8800048828125,9329500.0,0.0,1.0
2023-05-09,BAC,27.65999984741211,25.326631546020508,32188800.0,0.0,1.0
2023-05-09,CAT,213.4900054931641,203.6706390380859,4111900.0,0.0,1.0
2023-05-09,COST,500.7900085449219,480.3660278320313,1571800.0,0.0,1.0
2023-05-09,CVX,159.1199951171875,137.6736602783203,5019800.0,0.0,1.0
2023-05-09,DIS,102.18000030517578,99.0699691772461,6829900.0,0.0,1.0
2023-05-09,GOOGL,107.3499984741211,106.3381118774414,36360100.0,0.0,1.0
2023-05-09,GS,324.7699890136719,298.98095703125,1253300.0,0.0,1.0
2023-05-10,AAPL,173.55999755859375,170.77676391601562,53724500.0,0.0,1.0
2023-05-10,AMZN,110.19000244140624,110.19000244140624,78627600.0,0.0,1.0
2023-05-10,BA,200.83999633789065,200.83999633789065,3923700.0,0.0,1.0
2023-05-10,BAC,27.31999969482422,25.015308380126953,44446400.0,0.0,1.0
2023-05-10,CAT,213.1699981689453,203.3653259277344,2446100.0,0.0,1.0
2023-05-10,COST,499.6600036621094,479.2820739746094,1257600.0,0.0,1.0
2023-05-10,CVX,157.08999633789062,135.9172821044922,6161200.0,0.0,1.0
2023-05-10,DIS,101.13999938964844,98.06161499023438,19525200.0,0.0,1.0
2023-05-10,GOOGL,111.75,110.69664001464844,63153400.0,0.0,1.0
2023-05-10,GS,322.54998779296875,296.937255859375,1752200.0,0.0,1.0
2023-05-11,AAPL,173.75,170.96372985839844,49514700.0,0.0,1.0
2023-05-11,AMZN,112.18000030517578,112.18000030517578,74924800.0,0.0,1.0
2023-05-11,BA,201.83999633789065,201.83999633789065,3322000.0,0.0,1.0
2023-05-11,BAC,27.38999938964844,25.079408645629883,34897300.0,0.0,1.0
2023-05-11,CAT,210.02999877929688,200.3697509765625,3263300.0,0.0,1.0
2023-05-11,COST,501.8900146484375,481.421142578125,1046700.0,0.0,1.0
2023-05-11,CVX,156.22000122070312,135.16455078125,6666100.0,0.0,1.0
2023-05-11,DIS,92.30999755859376,89.50037384033203,57127200.0,0.0,1.0
2023-05-11,GOOGL,116.56999969482422,115.47120666503906,78900000.0,0.0,1.0
2023-05-11,GS,320.7200012207031,295.2525939941406,1515200.0,0.0,1.0
2023-05-12,AAPL,172.57000732421875,170.03749084472656,45533100.0,0.24,1.0
2023-05-12,AMZN,110.26000213623048,110.26000213623048,49852700.0,0.0,1.0
2023-05-12,BA,200.6999969482422,200.6999969482422,3169800.0,0.0,1.0
2023-05-12,BAC,27.09000015258789,24.80471992492676,38142000.0,0.0,1.0
2023-05-12,CAT,209.5399932861328,199.9022674560547,2172600.0,0.0,1.0
2023-05-12,COST,504.0700073242187,483.5122375488281,1472800.0,0.0,1.0
2023-05-12,CVX,156.6199951171875,135.51065063476562,4898900.0,0.0,1.0
2023-05-12,DIS,91.98999786376952,89.19010925292969,21837500.0,0.0,1.0
2023-05-12,GOOGL,117.51000213623048,116.40235137939452,41102300.0,0.0,1.0
2023-05-12,GS,319.5,294.12945556640625,1099100.0,0.0,1.0
2023-05-15,AAPL,172.07000732421875,169.54486083984375,37266700.0,0.0,1.0
2023-05-15,AMZN,111.1999969482422,111.1999969482422,53011100.0,0.0,1.0
2023-05-15,BA,202.77000427246097,202.77000427246097,2842700.0,0.0,1.0
2023-05-15,BAC,27.649999618530273,25.317474365234375,38722800.0,0.0,1.0
2023-05-15,CAT,211.2899932861328,201.57179260253903,1925600.0,0.0,1.0
2023-05-15,COST,502.0400085449219,481.5650634765625,1135700.0,0.0,1.0
2023-05-15,CVX,157.1999969482422,136.01246643066406,5096700.0,0.0,1.0
2023-05-15,DIS,92.86000061035156,90.03363800048828,16792000.0,0.0,1.0
2023-05-15,GOOGL,116.51000213623048,115.41178131103516,36266800.0,0.0,1.0
2023-05-15,GS,322.07000732421875,296.4953918457031,1178200.0,0.0,1.0
2023-05-16,AAPL,172.07000732421875,169.54486083984375,42110300.0,0.0,1.0
2023-05-16,AMZN,113.4000015258789,113.4000015258789,71472900.0,0.0,1.0
2023-05-16,BA,200.8699951171875,200.8699951171875,3012100.0,0.0,1.0
2023-05-16,BAC,27.36000061035156,25.051939010620117,33347500.0,0.0,1.0
2023-05-16,CAT,207.1999969482422,197.66990661621097,2771500.0,0.0,1.0
2023-05-16,COST,496.1499938964844,475.9152221679687,1229300.0,0.0,1.0
2023-05-16,CVX,153.50999450683594,132.81980895996094,7007700.0,0.0,1.0
2023-05-16,DIS,90.9800033569336,88.21086883544922,17013300.0,0.0,1.0
2023-05-16,GOOGL,119.51000213623048,118.38349151611328,45035600.0,0.0,1.0
2023-05-16,GS,320.80999755859375,295.3354187011719,1618900.0,0.0,1.0
2023-05-17,AAPL,172.69000244140625,170.15573120117188,57951600.0,0.0,1.0
2023-05-17,AMZN,115.5,115.5,65655200.0,0.0,1.0
2023-05-17,BA,206.8699951171875,206.8699951171875,6641900.0,0.0,1.0
2023-05-17,BAC,28.56999969482422,26.159862518310547,61750400.0,0.0,1.0
2023-05-17,CAT,212.1000061035156,202.3445281982422,2897400.0,0.0,1.0
2023-05-17,COST,495.0,474.8121643066406,2069500.0,0.0,1.0
2023-05-17,CVX,155.7100067138672,134.7233123779297,6169600.0,0.0,1.0
2023-05-17,DIS,92.7699966430664,89.94638061523438,12461600.0,0.0,1.0
2023-05-17,GOOGL,120.83999633789062,119.7009506225586,33323600.0,0.0,1.0
2023-05-17,GS,330.17999267578125,303.96136474609375,2098100.0,0.0,1.0
2023-05-18,AAPL,175.0500030517578,172.4810791015625,65496700.0,0.0,1.0
2023-05-18,AMZN,118.1500015258789,118.1500015258789,73174100.0,0.0,1.0
2023-05-18,BA,207.2400054931641,207.2400054931641,4349700.0,0.0,1.0
2023-05-18,BAC,28.469999313354492,26.068300247192383,51146100.0,0.0,1.0
2023-05-18,CAT,214.72000122070312,204.84402465820312,2643600.0,0.0,1.0
2023-05-18,COST,498.1000061035156,477.7856750488281,2298900.0,0.0,1.0
2023-05-18,CVX,154.00999450683594,134.5572967529297,7477700.0,1.51,1.0
2023-05-18,DIS,93.76000213623048,90.90625,15014800.0,0.0,1.0
2023-05-18,GOOGL,122.83000183105467,121.6722183227539,35234200.0,0.0,1.0
2023-05-18,GS,329.5799865722656,303.4090270996094,1645400.0,0.0,1.0
2023-05-19,AAPL,175.16000366210938,172.58950805664062,55809500.0,0.0,1.0
2023-05-19,AMZN,116.25,116.25,55056300.0,0.0,1.0
2023-05-19,BA,205.4900054931641,205.4900054931641,3896200.0,0.0,1.0
2023-05-19,BAC,28.11000061035156,25.738672256469727,50062500.0,0.0,1.0
2023-05-19,CAT,214.77999877929688,204.90126037597656,4402100.0,0.0,1.0
2023-05-19,COST,496.5199890136719,476.2701416015625,1635000.0,0.0,1.0
2023-05-19,CVX,155.22999572753906,135.62318420410156,8100900.0,0.0,1.0
2023-05-19,DIS,91.3499984741211,88.56959533691406,16429000.0,0.0,1.0
2023-05-19,GOOGL,122.76000213623048,121.60285949707033,41353400.0,0.0,1.0
2023-05-19,GS,326.1499938964844,300.2513427734375,1546100.0,0.0,1.0
2023-05-22,AAPL,174.1999969482422,171.6435546875,43570900.0,0.0,1.0
2023-05-22,AMZN,115.01000213623048,115.01000213623048,70741100.0,0.0,1.0
2023-05-22,BA,205.91000366210935,205.91000366210935,3094300.0,0.0,1.0
2023-05-22,BAC,28.34000015258789,25.94927024841309,36473700.0,0.0,1.0
2023-05-22,CAT,214.2599945068359,204.40516662597656,2540600.0,0.0,1.0
2023-05-22,COST,491.8699951171875,471.8097534179687,1943800.0,0.0,1.0
2023-05-22,CVX,152.44000244140625,133.18560791015625,11661000.0,0.0,1.0
2023-05-22,DIS,91.81999969482422,89.0252914428711,14150600.0,0.0,1.0
2023-05-22,GOOGL,125.0500030517578,123.87127685546876,35253000.0,0.0,1.0
2023-05-22,GS,324.9200134277344,299.11907958984375,1498900.0,0.0,1.0
2023-05-23,AAPL,171.55999755859375,169.0423126220703,50747300.0,0.0,1.0
2023-05-23,AMZN,114.98999786376952,114.98999786376952,67576300.0,0.0,1.0
2023-05-23,BA,202.6000061035156,202.6000061035156,4011100.0,0.0,1.0
2023-05-23,BAC,28.579999923706055,26.16902732849121,51400400.0,0.0,1.0
2023-05-23,CAT,212.7100067138672,202.9264984130859,2298300.0,0.0,1.0
2023-05-23,COST,484.8699951171875,465.0953063964844,1800200.0,0.0,1.0
2023-05-23,CVX,156.85000610351562,137.03858947753906,10436200.0,0.0,1.0
2023-05-23,DIS,89.81999969482422,87.08616638183594,14778700.0,0.0,1.0
2023-05-23,GOOGL,122.55999755859376,121.4047393798828,34046300.0,0.0,1.0
2023-05-23,GS,323.57000732421875,297.8763122558594,1550900.0,0.0,1.0
2023-05-24,AAPL,171.83999633789062,169.31820678710938,45143500.0,0.0,1.0
2023-05-24,AMZN,116.75,116.75,63487900.0,0.0,1.0
2023-05-24,BA,199.27000427246097,199.27000427246097,4371600.0,0.0,1.0
2023-05-24,BAC,28.100000381469727,25.729516983032227,50606900.0,0.0,1.0
2023-05-24,CAT,209.6999969482422,200.05496215820312,2964000.0,0.0,1.0
2023-05-24,COST,482.760009765625,463.0712890625,1600600.0,0.0,1.0
2023-05-24,CVX,157.27000427246094,137.40550231933594,7064000.0,0.0,1.0
2023-05-24,DIS,89.06999969482422,86.3589859008789,15350800.0,0.0,1.0
2023-05-24,GOOGL,120.9000015258789,119.76039123535156,34182600.0,0.0,1.0
2023-05-24,GS,319.80999755859375,294.4148864746094,1439100.0,0.0,1.0
2023-05-25,AAPL,172.99000549316406,170.4513397216797,56058300.0,0.0,1.0
2023-05-25,AMZN,115.0,115.0,66496700.0,0.0,1.0
2023-05-25,BA,200.8699951171875,200.8699951171875,3909200.0,0.0,1.0
2023-05-25,BAC,28.170000076293945,25.793609619140625,40517800.0,0.0,1.0
2023-05-25,CAT,209.97999572753903,200.3220367431641,2243600.0,0.0,1.0
2023-05-25,COST,486.5499877929687,466.7066955566406,3421900.0,0.0,1.0
2023-05-25,CVX,154.55999755859375,135.03781127929688,7037700.0,0.0,1.0
2023-05-25,DIS,88.13999938964844,85.45730590820312,13605800.0,0.0,1.0
2023-05-25,GOOGL,123.4800033569336,122.31607818603516,42317000.0,0.0,1.0
2023-05-25,GS,323.8800048828125,298.1615905761719,1618500.0,0.0,1.0
2023-05-26,AAPL,175.42999267578125,172.85552978515625,54835000.0,0.0,1.0
2023-05-26,AMZN,120.11000061035156,120.11000061035156,96779900.0,0.0,1.0
2023-05-26,BA,203.6300048828125,203.6300048828125,3820300.0,0.0,1.0
2023-05-26,BAC,28.309999465942383,25.921796798706055,57879100.0,0.0,1.0
2023-05-26,CAT,211.8000030517578,202.058349609375,1973900.0,0.0,1.0
2023-05-26,COST,507.260009765625,486.5721740722656,5302600.0,0.0,1.0
2023-05-26,CVX,154.0800018310547,134.61843872070312,7736200.0,0.0,1.0
2023-05-26,DIS,88.29000091552734,85.60273742675781,12892700.0,0.0,1.0
2023-05-26,GOOGL,124.61000061035156,123.43543243408205,35635900.0,0.0,1.0
2023-05-26,GS,332.010009765625,305.6460266113281,2718700.0,0.0,1.0
2023-05-30,AAPL,177.3000030517578,174.6981201171875,55964400.0,0.0,1.0
2023-05-30,AMZN,121.66000366210938,121.66000366210938,64314800.0,0.0,1.0
2023-05-30,BA,204.69000244140625,204.69000244140625,3978200.0,0.0,1.0
2023-05-30,BAC,28.260000228881836,25.876020431518555,41819600.0,0.0,1.0
2023-05-30,CAT,209.8999938964844,200.2457275390625,2885900.0,0.0,1.0
2023-05-30,COST,508.0299987792969,487.3107299804687,2544800.0,0.0,1.0
2023-05-30,CVX,153.1199951171875,133.7797088623047,7814800.0,0.0,1.0
2023-05-30,DIS,87.81999969482422,85.14703369140625,14800700.0,0.0,1.0
2023-05-30,GOOGL,123.66999816894533,122.50428771972656,35076700.0,0.0,1.0
2023-05-30,GS,330.8299865722656,304.5597229003906,1998600.0,0.0,1.0
2023-05-31,AAPL,177.25,174.64886474609375,99625300.0,0.0,1.0
2023-05-31,AMZN,120.58000183105467,120.58000183105467,72800800.0,0.0,1.0
2023-05-31,BA,205.6999969482422,205.6999969482422,5461600.0,0.0,1.0
2023-05-31,BAC,27.790000915527344,25.445667266845703,61905200.0,0.0,1.0
2023-05-31,CAT,205.75,196.28660583496097,5937000.0,0.0,1.0
2023-05-31,COST,511.55999755859375,490.6968078613281,3320800.0,0.0,1.0
2023-05-31,CVX,150.6199951171875,131.595458984375,13346400.0,0.0,1.0
2023-05-31,DIS,87.95999908447266,85.28277587890625,11440600.0,0.0,1.0
2023-05-31,GOOGL,122.87000274658205,121.71183013916016,37325800.0,0.0,1.0
2023-05-31,GS,323.8999938964844,300.45050048828125,2938000.0,2.5,1.0
2023-06-01,AAPL,180.08999633789062,177.44717407226562,68901800.0,0.0,1.0
2023-06-01,AMZN,122.7699966430664,122.7699966430664,54375100.0,0.0,1.0
2023-06-01,BA,207.9600067138672,207.9600067138672,5125100.0,0.0,1.0
2023-06-01,BAC,27.780000686645508,25.63948631286621,57426100.0,0.22,1.0
2023-06-01,CAT,209.07000732421875,199.45391845703125,2989100.0,0.0,1.0
2023-06-01,COST,512.5999755859375,491.6943054199219,2407700.0,0.0,1.0
2023-06-01,CVX,152.16000366210938,132.94094848632812,9887700.0,0.0,1.0
2023-06-01,DIS,88.58999633789062,85.89360046386719,11993200.0,0.0,1.0
2023-06-01,GOOGL,123.72000122070312,122.55381774902344,30772700.0,0.0,1.0
2023-06-01,GS,316.3999938964844,293.4934387207031,3339700.0,0.0,1.0
2023-06-02,AAPL,180.9499969482422,178.2945098876953,61996900.0,0.0,1.0
2023-06-02,AMZN,124.25,124.25,61264400.0,0.0,1.0
2023-06-02,BA,213.32000732421875,213.32000732421875,7486300.0,0.0,1.0
2023-06-02,BAC,28.709999084472656,26.497825622558594,66578100.0,0.0,1.0
2023-06-02,CAT,226.6300048828125,216.20623779296875,8358200.0,0.0,1.0
2023-06-02,COST,512.5900268554688,491.684814453125,2284800.0,0.0,1.0
2023-06-02,CVX,156.25999450683594,136.52308654785156,9464300.0,0.0,1.0
2023-06-02,DIS,90.7699966430664,88.00724029541016,14350200.0,0.0,1.0
2023-06-02,GOOGL,124.66999816894533,123.49486541748048,26980100.0,0.0,1.0
2023-06-02,GS,323.6499938964844,300.2186279296875,3987700.0,0.0,1.0
2023-06-05,AAPL,179.5800018310547,176.9446258544922,121946500.0,0.0,1.0
2023-06-05,AMZN,125.3000030517578,125.3000030517578,47950100.0,0.0,1.0
2023-06-05,BA,208.77999877929688,208.77999877929688,4996800.0,0.0,1.0
2023-06-05,BAC,28.540000915527344,26.34092712402344,34757800.0,0.0,1.0
2023-06-05,CAT,222.47000122070312,212.23760986328125,3438400.0,0.0,1.0
2023-06-05,COST,518.25,497.1138916015625,2023500.0,0.0,1.0
2023-06-05,CVX,155.50999450683594,135.8677978515625,6443800.0,0.0,1.0
2023-06-05,DIS,91.0,88.2302474975586,18506700.0,0.0,1.0
2023-06-05,GOOGL,126.01000213623048,124.82223510742188,32305500.0,0.0,1.0
2023-06-05,GS,321.80999755859375,298.5118408203125,1462900.0,0.0,1.0
2023-06-06,AAPL,179.2100067138672,176.580078125,64848400.0,0.0,1.0
2023-06-06,AMZN,126.61000061035156,126.61000061035156,45695200.0,0.0,1.0
2023-06-06,BA,207.2899932861328,207.2899932861328,10957200.0,0.0,1.0
2023-06-06,BAC,29.229999542236328,26.977754592895508,46297900.0,0.0,1.0
2023-06-06,CAT,226.67999267578125,216.2539520263672,3230100.0,0.0,1.0
2023-06-06,COST,516.260009765625,495.2049865722656,1410300.0,0.0,1.0
2023-06-06,CVX,155.7899932861328,136.11245727539062,6176400.0,0.0,1.0
2023-06-06,DIS,92.16000366210938,89.35494232177734,12109100.0,0.0,1.0
2023-06-06,GOOGL,127.30999755859376,126.10997772216795,26638300.0,0.0,1.0
2023-06-06,GS,326.79998779296875,303.1405029296875,1495600.0,0.0,1.0
2023-06-07,AAPL,177.82000732421875,175.21046447753906,61944600.0,0.0,1.0
2023-06-07,AMZN,121.2300033569336,121.2300033569336,95663300.0,0.0,1.0
2023-06-07,BA,211.92999267578125,211.92999267578125,6462400.0,0.0,1.0
2023-06-07,BAC,29.479999542236328,27.208498001098633,44502600.0,0.0,1.0
2023-06-07,CAT,235.5500030517578,224.7160186767578,5586400.0,0.0,1.0
2023-06-07,COST,511.2300109863281,490.3802185058594,1784700.0,0.0,1.0
2023-06-07,CVX,159.8300018310547,139.64218139648438,9900000.0,0.0,1.0
2023-06-07,DIS,92.5199966430664,89.7039794921875,11082400.0,0.0,1.0
2023-06-07,GOOGL,122.5,121.34529876708984,52539000.0,0.0,1.0
2023-06-07,GS,335.75,311.4425354003906,3382700.0,0.0,1.0
2023-06-08,AAPL,180.57000732421875,177.9200897216797,50214900.0,0.0,1.0
2023-06-08,AMZN,124.25,124.25,62159300.0,0.0,1.0
2023-06-08,BA,218.11000061035156,218.11000061035156,9359300.0,0.0,1.0
2023-06-08,BAC,29.229999542236328,26.977754592895508,41483100.0,0.0,1.0
2023-06-08,CAT,234.4499969482422,223.66656494140625,3546800.0,0.0,1.0
2023-06-08,COST,520.0900268554688,498.8788146972656,1530400.0,0.0,1.0
2023-06-08,CVX,159.24000549316406,139.126708984375,7142200.0,0.0,1.0
2023-06-08,DIS,92.52999877929688,89.71367645263672,9030200.0,0.0,1.0
2023-06-08,GOOGL,122.13999938964844,120.98870086669922,29389200.0,0.0,1.0
2023-06-08,GS,335.4700012207031,311.182861328125,2009500.0,0.0,1.0
2023-06-09,AAPL,180.9600067138672,178.30438232421875,48900000.0,0.0,1.0
2023-06-09,AMZN,123.43000030517578,123.43000030517578,51396000.0,0.0,1.0
2023-06-09,BA,217.30999755859375,217.30999755859375,5297800.0,0.0,1.0
2023-06-09,BAC,29.270000457763672,27.014677047729492,32692000.0,0.0,1.0
2023-06-09,CAT,235.02999877929688,224.21986389160156,2488500.0,0.0,1.0
2023-06-09,COST,517.280029296875,496.18353271484375,1287300.0,0.0,1.0
2023-06-09,CVX,158.86000061035156,138.79469299316406,6669500.0,0.0,1.0
2023-06-09,DIS,91.93000030517578,89.13194274902344,9625400.0,0.0,1.0
2023-06-09,GOOGL,122.2300033569336,121.07786560058594,23778300.0,0.0,1.0
2023-06-09,GS,336.0199890136719,311.69305419921875,1702100.0,0.0,1.0
2023-06-12,AAPL,183.7899932861328,181.09283447265625,54274900.0,0.0,1.0
2023-06-12,AMZN,126.56999969482422,126.56999969482422,51338000.0,0.0,1.0
2023-06-12,BA,221.55999755859375,221.55999755859375,8065400.0,0.0,1.0
2023-06-12,BAC,29.1299991607666,26.885467529296875,41011300.0,0.0,1.0
2023-06-12,CAT,237.8999938964844,226.95787048339844,3644200.0,0.0,1.0
2023-06-12,COST,520.969970703125,499.7229919433594,1404500.0,0.0,1.0
2023-06-12,CVX,157.3300018310547,137.4579315185547,7159600.0,0.0,1.0
2023-06-12,DIS,93.13999938964844,90.30511474609376,12341600.0,0.0,1.0
2023-06-12,GOOGL,123.63999938964844,122.47457885742188,28306400.0,0.0,1.0
2023-06-12,GS,339.489990234375,314.91180419921875,2290800.0,0.0,1.0
2023-06-13,AAPL,183.30999755859375,180.6198577880859,54929100.0,0.0,1.0
2023-06-13,AMZN,126.66000366210938,126.66000366210938,50564800.0,0.0,1.0
2023-06-13,BA,220.3800048828125,220.3800048828125,5881000.0,0.0,1.0
2023-06-13,BAC,29.399999618530273,27.134662628173828,42718800.0,0.0,1.0
2023-06-13,CAT,245.44000244140625,234.15109252929688,4335100.0,0.0,1.0
2023-06-13,COST,522.02001953125,500.7301025390625,1204700.0,0.0,1.0
2023-06-13,CVX,158.50999450683594,138.48887634277344,7660800.0,0.0,1.0
2023-06-13,DIS,93.8499984741211,90.99349975585938,12964400.0,0.0,1.0
2023-06-13,GOOGL,123.83000183105467,122.66277313232422,22278300.0,0.0,1.0
2023-06-13,GS,342.5,317.70391845703125,1772400.0,0.0,1.0
2023-06-14,AAPL,183.9499969482422,181.25050354003903,57462900.0,0.0,1.0
2023-06-14,AMZN,126.41999816894533,126.41999816894533,52422500.0,0.0,1.0
2023-06-14,BA,216.8999938964844,216.8999938964844,5629100.0,0.0,1.0
2023-06-14,BAC,29.1200008392334,26.876232147216797,38322800.0,0.0,1.0
2023-06-14,CAT,243.32000732421875,232.1286163330078,3122400.0,0.0,1.0
2023-06-14,COST,527.2000122070312,505.6987609863281,1841400.0,0.0,1.0
2023-06-14,CVX,157.08999633789062,137.2482452392578,7721100.0,0.0,1.0
2023-06-14,DIS,92.4499969482422,89.6361083984375,15877400.0,0.0,1.0
2023-06-14,GOOGL,123.66999816894533,122.50428771972656,30592300.0,0.0,1.0
2023-06-14,GS,338.4200134277344,313.9193115234375,1819400.0,0.0,1.0
2023-06-15,AAPL,186.0099945068359,183.28025817871097,65433200.0,0.0,1.0
2023-06-15,AMZN,127.11000061035156,127.11000061035156,60458500.0,0.0,1.0
2023-06-15,BA,219.41000366210935,219.41000366210935,5001400.0,0.0,1.0
2023-06-15,BAC,29.3700008392334,27.10697364807129,42044900.0,0.0,1.0
2023-06-15,CAT,247.6699981689453,236.27850341796875,2743900.0,0.0,1.0
2023-06-15,COST,529.1799926757812,507.59814453125,1871600.0,0.0,1.0
2023-06-15,CVX,158.27999877929688,138.28794860839844,7705400.0,0.0,1.0
2023-06-15,DIS,92.94000244140624,90.1112060546875,13354600.0,0.0,1.0
2023-06-15,GOOGL,125.08999633789062,123.91090393066406,35246300.0,0.0,1.0
2023-06-15,GS,339.739990234375,315.1437072753906,3322700.0,0.0,1.0
2023-06-16,AAPL,184.9199981689453,182.20626831054688,101256200.0,0.0,1.0
2023-06-16,AMZN,125.48999786376952,125.48999786376952,84247100.0,0.0,1.0
2023-06-16,BA,219.9900054931641,219.9900054931641,7803900.0,0.0,1.0
2023-06-16,BAC,29.190000534057617,26.940837860107425,53050200.0,0.0,1.0
2023-06-16,CAT,245.27000427246097,233.98890686035156,5261200.0,0.0,1.0
2023-06-16,COST,523.6500244140625,502.2937927246094,3147800.0,0.0,1.0
2023-06-16,CVX,157.25999450683594,137.39675903320312,22908100.0,0.0,1.0
2023-06-16,DIS,91.31999969482422,88.54051208496094,22683400.0,0.0,1.0
2023-06-16,GOOGL,123.52999877929688,122.3656005859375,45535600.0,0.0,1.0
2023-06-16,GS,338.30999755859375,313.8172302246094,4544900.0,0.0,1.0
2023-06-20,AAPL,185.0099945068359,182.29493713378903,49799100.0,0.0,1.0
2023-06-20,AMZN,125.77999877929688,125.77999877929688,56930100.0,0.0,1.0
2023-06-20,BA,212.3699951171875,212.3699951171875,8226400.0,0.0,1.0
2023-06-20,BAC,28.8700008392334,26.6455020904541,39040900.0,0.0,1.0
2023-06-20,CAT,241.1499938964844,230.0583953857422,2979800.0,0.0,1.0
2023-06-20,COST,519.7000122070312,498.5047912597656,1684400.0,0.0,1.0
2023-06-20,CVX,153.67999267578125,134.2689666748047,10438700.0,0.0,1.0
2023-06-20,DIS,89.75,87.0182876586914,14939200.0,0.0,1.0
2023-06-20,GOOGL,123.0999984741211,121.9396514892578,26097500.0,0.0,1.0
2023-06-20,GS,330.7200012207031,306.77667236328125,3208100.0,0.0,1.0
2023-06-21,AAPL,183.9600067138672,181.2603759765625,49515700.0,0.0,1.0
2023-06-21,AMZN,124.83000183105467,124.83000183105467,52137700.0,0.0,1.0
2023-06-21,BA,212.0800018310547,212.0800018310547,5356400.0,0.0,1.0
2023-06-21,BAC,28.56999969482422,26.36861038208008,39553400.0,0.0,1.0
2023-06-21,CAT,241.47999572753903,230.37319946289065,2892500.0,0.0,1.0
2023-06-21,COST,519.6199951171875,498.4281005859375,1273600.0,0.0,1.0
2023-06-21,CVX,154.8800048828125,135.31739807128906,7328200.0,0.0,1.0
2023-06-21,DIS,88.63999938964844,85.94208526611328,17873000.0,0.0,1.0
2023-06-21,GOOGL,120.5500030517578,119.41370391845705,30306300.0,0.0,1.0
2023-06-21,GS,325.07000732421875,301.5357971191406,2158700.0,0.0,1.0
2023-06-22,AAPL,187.0,184.2557373046875,51245300.0,0.0,1.0
2023-06-22,AMZN,130.14999389648438,130.14999389648438,90354600.0,0.0,1.0
2023-06-22,BA,205.61000061035156,205.61000061035156,7057500.0,0.0,1.0
2023-06-22,BAC,27.959999084472656,25.80561637878418,50742900.0,0.0,1.0
2023-06-22,CAT,237.33999633789065,226.42364501953125,2421600.0,0.0,1.0
2023-06-22,COST,524.2000122070312,502.8212890625,1114000.0,0.0,1.0
2023-06-22,CVX,152.63999938964844,133.36032104492188,7088600.0,0.0,1.0
2023-06-22,DIS,88.48999786376953,85.79664611816406,10915300.0,0.0,1.0
2023-06-22,GOOGL,123.1500015258789,121.98919677734376,26952200.0,0.0,1.0
2023-06-22,GS,319.5799865722656,296.4432373046875,2409100.0,0.0,1.0
2023-06-23,AAPL,186.67999267578125,183.9404296875,53117000.0,0.0,1.0
2023-06-23,AMZN,129.3300018310547,129.3300018310547,71927800.0,0.0,1.0
2023-06-23,BA,205.41000366210935,205.41000366210935,6338200.0,0.0,1.0
2023-06-23,BAC,27.75,25.611793518066406,55181100.0,0.0,1.0
2023-06-23,CAT,234.44000244140625,223.65704345703125,3354000.0,0.0,1.0
2023-06-23,COST,524.4400024414062,503.05133056640625,1434300.0,0.0,1.0
2023-06-23,CVX,151.35000610351562,132.23326110839844,15172700.0,0.0,1.0
2023-06-23,DIS,88.0999984741211,85.41851806640625,13538000.0,0.0,1.0
2023-06-23,GOOGL,122.33999633789062,121.18682098388672,34913600.0,0.0,1.0
2023-06-23,GS,314.7099914550781,291.9258117675781,2612000.0,0.0,1.0
2023-06-26,AAPL,185.27000427246097,182.5511016845703,48088700.0,0.0,1.0
2023-06-26,AMZN,127.33000183105467,127.33000183105467,59989300.0,0.0,1.0
2023-06-26,BA,205.5800018310547,205.5800018310547,3444900.0,0.0,1.0
2023-06-26,BAC,28.09000015258789,25.92559814453125,47519300.0,0.0,1.0
2023-06-26,CAT,236.9499969482422,226.05160522460935,1748300.0,0.0,1.0
2023-06-26,COST,523.4199829101562,502.0730285644531,1278500.0,0.0,1.0
2023-06-26,CVX,154.00999450683594,134.5572967529297,7371800.0,0.0,1.0
2023-06-26,DIS,88.69999694824219,86.00025939941406,13132700.0,0.0,1.0
2023-06-26,GOOGL,118.33999633789062,117.22451782226562,33969900.0,0.0,1.0
2023-06-26,GS,312.3599853515625,289.7459716796875,2481000.0,0.0,1.0
2023-06-27,AAPL,188.05999755859375,185.3001708984375,50730800.0,0.0,1.0
2023-06-27,AMZN,129.17999267578125,129.17999267578125,46801000.0,0.0,1.0
2023-06-27,BA,209.42999267578125,209.42999267578125,4465500.0,0.0,1.0
2023-06-27,BAC,28.239999771118164,26.06403923034668,39081800.0,0.0,1.0
2023-06-27,CAT,240.69000244140625,229.6195526123047,2283000.0,0.0,1.0
2023-06-27,COST,530.3300170898438,508.7013549804687,1673600.0,0.0,1.0
2023-06-27,CVX,153.52999877929688,134.137939453125,6581700.0,0.0,1.0
2023-06-27,DIS,89.05999755859375,86.34929656982422,10032700.0,0.0,1.0
2023-06-27,GOOGL,118.33000183105467,117.21463012695312,39535900.0,0.0,1.0
2023-06-27,GS,313.45001220703125,290.7570495605469,2156800.0,0.0,1.0
2023-06-28,AAPL,189.25,186.4727020263672,51216800.0,0.0,1.0
2023-06-28,AMZN,129.0399932861328,129.0399932861328,52149500.0,0.0,1.0
2023-06-28,BA,210.72000122070312,210.72000122070312,4276100.0,0.0,1.0
2023-06-28,BAC,28.06999969482422,25.907136917114254,37803800.0,0.0,1.0
2023-06-28,CAT,241.8699951171875,230.7452850341797,2200100.0,0.0,1.0
2023-06-28,COST,532.7999877929688,511.0704650878906,1245200.0,0.0,1.0
2023-06-28,CVX,154.9199981689453,135.35235595703125,5773800.0,0.0,1.0
2023-06-28,DIS,88.83000183105469,86.12629699707031,12118300.0,0.0,1.0
2023-06-28,GOOGL,120.18000030517578,119.04718780517578,27091400.0,0.0,1.0
2023-06-28,GS,313.6600036621094,290.9518127441406,2423500.0,0.0,1.0
2023-06-29,AAPL,189.58999633789065,186.80772399902344,46347300.0,0.0,1.0
2023-06-29,AMZN,127.9000015258789,127.9000015258789,40761000.0,0.0,1.0
2023-06-29,BA,211.8300018310547,211.8300018310547,3443600.0,0.0,1.0
2023-06-29,BAC,28.65999984741211,26.451679229736328,68376400.0,0.0,1.0
2023-06-29,CAT,244.2400054931641,233.0062713623047,2070000.0,0.0,1.0
2023-06-29,COST,531.6900024414062,510.0057373046875,1121800.0,0.0,1.0
2023-06-29,CVX,156.24000549316406,136.505615234375,5633500.0,0.0,1.0
2023-06-29,DIS,88.94999694824219,86.24263763427734,13402600.0,0.0,1.0
2023-06-29,GOOGL,119.0999984741211,117.97735595703124,24090900.0,0.0,1.0
2023-06-29,GS,323.0899963378906,299.6991271972656,3553600.0,0.0,1.0
2023-06-30,AAPL,193.97000122070312,191.1234436035156,85213200.0,0.0,1.0
2023-06-30,AMZN,130.36000061035156,130.36000061035156,54350700.0,0.0,1.0
2023-06-30,BA,211.16000366210935,211.16000366210935,5488700.0,0.0,1.0
2023-06-30,BAC,28.690000534057617,26.479368209838867,50479000.0,0.0,1.0
2023-06-30,CAT,246.0500030517578,234.73301696777344,2377900.0,0.0,1.0
2023-06-30,COST,538.3800048828125,516.4230346679688,2221900.0,0.0,1.0
2023-06-30,CVX,157.35000610351562,137.4754180908203,6346600.0,0.0,1.0
2023-06-30,DIS,89.27999877929688,86.56260681152344,12837500.0,0.0,1.0
2023-06-30,GOOGL,119.6999969482422,118.57170867919922,29532200.0,0.0,1.0
2023-06-30,GS,322.5400085449219,299.1889343261719,2361800.0,0.0,1.0
2023-07-03,AAPL,192.4600067138672,189.63563537597656,31458200.0,0.0,1.0
2023-07-03,AMZN,130.22000122070312,130.22000122070312,28264800.0,0.0,1.0
2023-07-03,BA,210.9199981689453,210.9199981689453,2143000.0,0.0,1.0
2023-07-03,BAC,29.200000762939453,26.950071334838867,30995800.0,0.0,1.0
2023-07-03,CAT,247.3300018310547,235.9541473388672,1045700.0,0.0,1.0
2023-07-03,COST,541.0399780273438,518.9744873046875,951400.0,0.0,1.0
2023-07-03,CVX,157.2100067138672,137.35313415527344,3272600.0,0.0,1.0
2023-07-03,DIS,90.5,87.74546813964844,7979500.0,0.0,1.0
2023-07-03,GOOGL,119.9000015258789,118.7698211669922,14467900.0,0.0,1.0
2023-07-03,GS,326.6099853515625,302.9642639160156,1106800.0,0.0,1.0
2023-07-05,AAPL,191.3300018310547,188.5222015380859,46920300.0,0.0,1.0
2023-07-05,AMZN,130.3800048828125,130.3800048828125,35895400.0,0.0,1.0
2023-07-05,BA,213.30999755859375,213.30999755859375,4921000.0,0.0,1.0
2023-07-05,BAC,29.079999923706055,26.839317321777344,37492000.0,0.0,1.0
2023-07-05,CAT,244.8300018310547,233.56915283203125,1820600.0,0.0,1.0
2023-07-05,COST,541.1300048828125,519.0608520507812,1630400.0,0.0,1.0
2023-07-05,CVX,156.30999755859375,136.5667724609375,6318700.0,0.0,1.0
2023-07-05,DIS,89.79000091552734,87.05706787109375,11028800.0,0.0,1.0
2023-07-05,GOOGL,121.75,120.60238647460938,27584800.0,0.0,1.0
2023-07-05,GS,320.04998779296875,296.87921142578125,2561000.0,0.0,1.0
2023-07-06,AAPL,191.80999755859375,188.99514770507812,45094300.0,0.0,1.0
2023-07-06,AMZN,128.36000061035156,128.36000061035156,40639900.0,0.0,1.0
2023-07-06,BA,212.6199951171875,212.6199951171875,4674700.0,0.0,1.0
2023-07-06,BAC,28.280000686645508,26.100961685180664,52098000.0,0.0,1.0
2023-07-06,CAT,240.5800018310547,229.51463317871097,3079700.0,0.0,1.0
2023-07-06,COST,537.3699951171875,515.4541015625,1750100.0,0.0,1.0
2023-07-06,CVX,152.8800048828125,133.5700225830078,9203000.0,0.0,1.0
2023-07-06,DIS,88.73999786376953,86.0390396118164,12084600.0,0.0,1.0
2023-07-06,GOOGL,120.11000061035156,118.97784423828124,24745200.0,0.0,1.0
2023-07-06,GS,313.0,290.339599609375,2896900.0,0.0,1.0
2023-07-07,AAPL,190.67999267578125,187.8817596435547,46815000.0,0.0,1.0
2023-07-07,AMZN,129.77999877929688,129.77999877929688,41992300.0,0.0,1.0
2023-07-07,BA,212.1000061035156,212.1000061035156,4893600.0,0.0,1.0
2023-07-07,BAC,28.530000686645508,26.33169937133789,34288000.0,0.0,1.0
2023-07-07,CAT,245.17999267578125,233.90304565429688,2903900.0,0.0,1.0
2023-07-07,COST,525.0499877929688,503.6364135742187,2740600.0,0.0,1.0
2023-07-07,CVX,154.22000122070312,134.74075317382812,6602200.0,0.0,1.0
2023-07-07,DIS,88.63999938964844,85.94208526611328,9705100.0,0.0,1.0
2023-07-07,GOOGL,119.4800033569336,118.3537826538086,21709500.0,0.0,1.0
2023-07-07,GS,315.1700134277344,292.3525390625,2903100.0,0.0,1.0
2023-07-10,AAPL,188.61000061035156,185.84213256835935,59922200.0,0.0,1.0
2023-07-10,AMZN,127.12999725341795,127.12999725341795,61889300.0,0.0,1.0
2023-07-10,BA,213.30999755859375,213.30999755859375,3497100.0,0.0,1.0
2023-07-10,BAC,28.65999984741211,26.451679229736328,36086000.0,0.0,1.0
2023-07-10,CAT,248.80999755859375,237.36607360839844,2771900.0,0.0,1.0
2023-07-10,COST,527.010009765625,505.5166320800781,1955600.0,0.0,1.0
2023-07-10,CVX,155.25,135.6406707763672,5167900.0,0.0,1.0
2023-07-10,DIS,88.0999984741211,85.41851806640625,13642600.0,0.0,1.0
2023-07-10,GOOGL,116.4499969482422,115.3523406982422,35315200.0,0.0,1.0
2023-07-10,GS,316.4700012207031,293.5584411621094,1775800.0,0.0,1.0
2023-07-11,AAPL,188.0800018310547,185.31985473632812,46638100.0,0.0,1.0
2023-07-11,AMZN,128.77999877929688,128.77999877929688,49951500.0,0.0,1.0
2023-07-11,BA,218.7599945068359,218.7599945068359,7451400.0,0.0,1.0
2023-07-11,BAC,29.020000457763672,26.7839412689209,40978700.0,0.0,1.0
2023-07-11,CAT,252.8500061035156,241.22027587890625,3293300.0,0.0,1.0
2023-07-11,COST,529.6400146484375,508.0393371582031,1262300.0,0.0,1.0
2023-07-11,CVX,158.1199951171875,138.14813232421875,5060500.0,0.0,1.0
2023-07-11,DIS,89.48999786376953,86.76619720458984,13735500.0,0.0,1.0
2023-07-11,GOOGL,117.13999938964844,116.03583526611328,23078800.0,0.0,1.0
2023-07-11,GS,320.8800048828125,297.64910888671875,2041700.0,0.0,1.0
2023-07-12,AAPL,189.77000427246097,186.985107421875,60750200.0,0.0,1.0
2023-07-12,AMZN,130.8000030517578,130.8000030517578,54022800.0,0.0,1.0
2023-07-12,BA,217.11000061035156,217.11000061035156,5123200.0,0.0,1.0
2023-07-12,BAC,29.36000061035156,27.097742080688477,41855500.0,0.0,1.0
2023-07-12,CAT,253.6000061035156,241.93576049804688,2986200.0,0.0,1.0
2023-07-12,COST,538.0,516.0584106445312,1960500.0,0.0,1.0
2023-07-12,CVX,159.63999938964844,139.4761505126953,6464000.0,0.0,1.0
2023-07-12,DIS,90.1500015258789,87.40612030029297,14912100.0,0.0,1.0
2023-07-12,GOOGL,118.93000030517578,117.80899047851562,30404400.0,0.0,1.0
2023-07-12,GS,326.3999938964844,302.7694396972656,2741300.0,0.0,1.0
2023-07-13,AAPL,190.5399932861328,187.74378967285156,41342300.0,0.0,1.0
2023-07-13,AMZN,134.3000030517578,134.3000030517578,61170900.0,0.0,1.0
2023-07-13,BA,216.8500061035156,216.8500061035156,4291700.0,0.0,1.0
2023-07-13,BAC,29.670000076293945,27.38385581970215,39589000.0,0.0,1.0
2023-07-13,CAT,255.86000061035156,244.09181213378903,1949400.0,0.0,1.0
2023-07-13,COST,538.4500122070312,516.4901123046875,1647200.0,0.0,1.0
2023-07-13,CVX,157.50999450683594,137.6151885986328,8143900.0,0.0,1.0
2023-07-13,DIS,90.47000122070312,87.71638488769531,15325500.0,0.0,1.0
2023-07-13,GOOGL,124.54000091552734,123.36609649658205,44297900.0,0.0,1.0
2023-07-13,GS,328.67999267578125,304.8843688964844,2787800.0,0.0,1.0
2023-07-14,AAPL,190.69000244140625,187.8916015625,41616200.0,0.0,1.0
2023-07-14,AMZN,134.67999267578125,134.67999267578125,54487100.0,0.0,1.0
2023-07-14,BA,213.1199951171875,213.1199951171875,4294800.0,0.0,1.0
2023-07-14,BAC,29.11000061035156,26.867006301879883,58720300.0,0.0,1.0
2023-07-14,CAT,255.6199951171875,243.86282348632812,1936800.0,0.0,1.0
2023-07-14,COST,546.7000122070312,524.4036865234375,1828700.0,0.0,1.0
2023-07-14,CVX,153.5800018310547,134.1815948486328,7065700.0,0.0,1.0
2023-07-14,DIS,88.62000274658203,85.92269897460938,17770000.0,0.0,1.0
2023-07-14,GOOGL,125.41999816894533,124.23777770996094,33283100.0,0.0,1.0
2023-07-14,GS,326.19000244140625,302.5747375488281,1815200.0,0.0,1.0
2023-07-17,AAPL,193.9900054931641,191.1431579589844,50520200.0,0.0,1.0
2023-07-17,AMZN,133.55999755859375,133.55999755859375,48450200.0,0.0,1.0
2023-07-17,BA,211.8699951171875,211.8699951171875,3621500.0,0.0,1.0
2023-07-17,BAC,29.399999618530273,27.134662628173828,49477200.0,0.0,1.0
2023-07-17,CAT,257.4599914550781,245.6182403564453,2674500.0,0.0,1.0
2023-07-17,COST,552.9600219726562,530.4082641601562,1909900.0,0.0,1.0
2023-07-17,CVX,153.44000244140625,134.0592803955078,4351700.0,0.0,1.0
2023-07-17,DIS,85.55999755859375,82.95581817626953,34503400.0,0.0,1.0
2023-07-17,GOOGL,124.6500015258789,123.4750518798828,25716200.0,0.0,1.0
2023-07-17,GS,327.20001220703125,303.5115966796875,1777400.0,0.0,1.0
2023-07-18,AAPL,193.72999572753903,190.886962890625,48288200.0,0.0,1.0
2023-07-18,AMZN,132.8300018310547,132.8300018310547,54882900.0,0.0,1.0
2023-07-18,BA,211.57000732421875,211.57000732421875,5895800.0,0.0,1.0
2023-07-18,BAC,30.700000762939453,28.334489822387695,98253800.0,0.0,1.0
2023-07-18,CAT,263.80999755859375,251.67616271972656,3832400.0,0.0,1.0
2023-07-18,COST,553.5900268554688,531.0126342773438,1778800.0,0.0,1.0
2023-07-18,CVX,153.75,134.3301239013672,6798300.0,0.0,1.0
2023-07-18,DIS,85.94999694824219,83.33395385742188,21885100.0,0.0,1.0
2023-07-18,GOOGL,123.76000213623048,122.59343719482422,26193600.0,0.0,1.0
2023-07-18,GS,337.2699890136719,312.8525390625,3887400.0,0.0,1.0
2023-07-19,AAPL,195.1000061035156,192.23687744140625,80507300.0,0.0,1.0
2023-07-19,AMZN,135.36000061035156,135.36000061035156,54531000.0,0.0,1.0
2023-07-19,BA,208.6000061035156,208.6000061035156,4814100.0,0.0,1.0
2023-07-19,BAC,31.530000686645508,29.10053825378418,70619800.0,0.0,1.0
2023-07-19,CAT,262.75,251.90626525878903,2771900.0,1.3,1.0
2023-07-19,COST,554.1099853515625,531.5114135742188,1261100.0,0.0,1.0
2023-07-19,CVX,154.69000244140625,135.15139770507812,5653100.0,0.0,1.0
2023-07-19,DIS,87.04000091552734,84.39077758789062,17177000.0,0.0,1.0
2023-07-19,GOOGL,122.02999877929688,120.87974548339844,37224000.0,0.0,1.0
2023-07-19,GS,340.54998779296875,315.8950500488281,6037400.0,0.0,1.0
2023-07-20,AAPL,193.1300048828125,190.29579162597656,59581200.0,0.0,1.0
2023-07-20,AMZN,129.9600067138672,129.9600067138672,59820600.0,0.0,1.0
2023-07-20,BA,213.61000061035156,213.61000061035156,5782200.0,0.0,1.0
2023-07-20,BAC,31.690000534057617,29.248212814331055,42128800.0,0.0,1.0
2023-07-20,CAT,261.0899963378906,250.31475830078125,2102300.0,0.0,1.0
2023-07-20,COST,556.9600219726562,534.2453002929688,1732800.0,0.0,1.0
2023-07-20,CVX,156.39999389648438,136.64540100097656,5866600.0,0.0,1.0
2023-07-20,DIS,86.20999908447266,83.58604431152344,15277500.0,0.0,1.0
2023-07-20,GOOGL,119.1999969482422,118.076416015625,37906800.0,0.0,1.0
2023-07-20,GS,350.8599853515625,325.4586486816406,3915000.0,0.0,1.0
2023-07-21,AAPL,191.94000244140625,189.12326049804688,71951700.0,0.0,1.0
2023-07-21,AMZN,130.0,130.0,133307300.0,0.0,1.0
2023-07-21,BA,211.8000030517578,211.8000030517578,4056800.0,0.0,1.0
2023-07-21,BAC,31.979999542236328,29.5158634185791,70872400.0,0.0,1.0
2023-07-21,CAT,257.6499938964844,247.01670837402344,2249900.0,0.0,1.0
2023-07-21,COST,557.8599853515625,535.1084594726562,5264300.0,0.0,1.0
2023-07-21,CVX,158.69000244140625,138.64617919921875,8760100.0,0.0,1.0
2023-07-21,DIS,87.18000030517578,84.52651977539062,19901000.0,0.0,1.0
2023-07-21,GOOGL,120.0199966430664,118.88868713378906,72937900.0,0.0,1.0
2023-07-21,GS,351.9599914550781,326.4790344238281,3217400.0,0.0,1.0
2023-07-24,AAPL,192.75,189.9213409423828,45377800.0,0.0,1.0
2023-07-24,AMZN,128.8000030517578,128.8000030517578,45591100.0,0.0,1.0
2023-07-24,BA,215.8699951171875,215.8699951171875,4898300.0,0.0,1.0
2023-07-24,BAC,32.650001525878906,30.13424301147461,64548600.0,0.0,1.0
2023-07-24,CAT,259.3699951171875,248.6657562255859,2195300.0,0.0,1.0
2023-07-24,COST,563.9299926757812,540.9308471679688,2086400.0,0.0,1.0
2023-07-24,CVX,161.82000732421875,141.3808135986328,9722100.0,0.0,1.0
2023-07-24,DIS,86.5999984741211,83.96417236328125,13911900.0,0.0,1.0
2023-07-24,GOOGL,121.52999877929688,120.38446044921876,29686100.0,0.0,1.0
2023-07-24,GS,358.92999267578125,332.9443664550781,3517500.0,0.0,1.0
2023-07-25,AAPL,193.6199951171875,190.77859497070312,37283200.0,0.0,1.0
2023-07-25,AMZN,129.1300048828125,129.1300048828125,39236700.0,0.0,1.0
2023-07-25,BA,214.1199951171875,214.1199951171875,6513300.0,0.0,1.0
2023-07-25,BAC,32.150001525878906,29.672765731811523,51208800.0,0.0,1.0
2023-07-25,CAT,262.05999755859375,251.2447204589844,2016600.0,0.0,1.0
2023-07-25,COST,565.1900024414062,542.1395874023438,1602500.0,0.0,1.0
2023-07-25,CVX,162.55999755859375,142.02737426757812,6767600.0,0.0,1.0
2023-07-25,DIS,85.62999725341797,83.02368927001953,15335400.0,0.0,1.0
2023-07-25,GOOGL,122.20999908447266,121.05805206298828,52509600.0,0.0,1.0
2023-07-25,GS,354.70001220703125,329.0206298828125,2893000.0,0.0,1.0
2023-07-26,AAPL,194.5,191.6456756591797,47471900.0,0.0,1.0
2023-07-26,AMZN,128.14999389648438,128.14999389648438,53910100.0,0.0,1.0
2023-07-26,BA,232.8000030517578,232.8000030517578,24923800.0,0.0,1.0
2023-07-26,BAC,32.40999984741211,29.912729263305664,41814600.0,0.0,1.0
2023-07-26,CAT,258.32000732421875,247.6590881347656,2622800.0,0.0,1.0
2023-07-26,COST,566.1699829101562,543.07958984375,1306400.0,0.0,1.0
2023-07-26,CVX,161.33999633789062,140.96144104003906,6056400.0,0.0,1.0
2023-07-26,DIS,85.86000061035156,83.24669647216797,14983700.0,0.0,1.0
2023-07-26,GOOGL,129.27000427246094,128.051513671875,61682100.0,0.0,1.0
2023-07-26,GS,357.55999755859375,331.6735534667969,2281600.0,0.0,1.0
2023-07-27,AAPL,193.22000122070312,190.38446044921875,47460200.0,0.0,1.0
2023-07-27,AMZN,128.25,128.25,52610700.0,0.0,1.0
2023-07-27,BA,233.75,233.75,12018300.0,0.0,1.0
2023-07-27,BAC,31.950000762939453,29.488178253173828,45529500.0,0.0,1.0
2023-07-27,CAT,258.29998779296875,247.639892578125,2284400.0,0.0,1.0
2023-07-27,COST,561.8300170898438,538.91650390625,1485300.0,0.0,1.0
2023-07-27,CVX,159.66000366210938,139.49363708496094,6470100.0,0.0,1.0
2023-07-27,DIS,85.36000061035156,82.76191711425781,16691400.0,0.0,1.0
2023-07-27,GOOGL,129.39999389648438,128.18026733398438,44952100.0,0.0,1.0
2023-07-27,GS,354.510009765625,328.8443908691406,2010800.0,0.0,1.0
2023-07-28,AAPL,195.8300018310547,192.95616149902344,48291400.0,0.0,1.0
2023-07-28,AMZN,132.2100067138672,132.2100067138672,46317400.0,0.0,1.0
2023-07-28,BA,238.69000244140625,238.69000244140625,7054600.0,0.0,1.0
2023-07-28,BAC,31.899999618530273,29.442028045654297,33296500.0,0.0,1.0
2023-07-28,CAT,260.42999267578125,249.6819610595703,2101200.0,0.0,1.0
2023-07-28,COST,563.3200073242188,540.345703125,1371400.0,0.0,1.0
2023-07-28,CVX,158.8699951171875,138.80343627929688,6542300.0,0.0,1.0
2023-07-28,DIS,86.12999725341797,83.50847625732422,13638300.0,0.0,1.0
2023-07-28,GOOGL,132.5800018310547,131.33029174804688,36591200.0,0.0,1.0
2023-07-28,GS,353.2300109863281,327.65704345703125,1827400.0,0.0,1.0
2023-07-31,AAPL,196.4499969482422,193.56703186035156,38824100.0,0.0,1.0
2023-07-31,AMZN,133.67999267578125,133.67999267578125,41901500.0,0.0,1.0
2023-07-31,BA,238.8500061035156,238.8500061035156,4894900.0,0.0,1.0
2023-07-31,BAC,32.0,29.53432273864746,29093400.0,0.0,1.0
2023-07-31,CAT,265.1700134277344,254.22637939453125,3568700.0,0.0,1.0
2023-07-31,COST,560.6699829101562,537.8037719726562,1365900.0,0.0,1.0
2023-07-31,CVX,163.66000366210938,142.98841857910156,13056300.0,0.0,1.0
2023-07-31,DIS,88.88999938964844,86.1844711303711,20837800.0,0.0,1.0
2023-07-31,GOOGL,132.72000122070312,131.46896362304688,28055500.0,0.0,1.0
2023-07-31,GS,355.8699951171875,330.1059265136719,1385500.0,0.0,1.0
2023-08-01,AAPL,195.61000061035156,192.7393798828125,35175100.0,0.0,1.0
2023-08-01,AMZN,131.69000244140625,131.69000244140625,42098500.0,0.0,1.0
2023-08-01,BA,238.0099945068359,238.0099945068359,4975200.0,0.0,1.0
2023-08-01,BAC,31.6200008392334,29.18360710144043,32712000.0,0.0,1.0
2023-08-01,CAT,288.6499938964844,276.7373962402344,11823200.0,0.0,1.0
2023-08-01,COST,555.469970703125,532.81591796875,1445300.0,0.0,1.0
2023-08-01,CVX,162.3000030517578,141.80020141601562,7531400.0,0.0,1.0
2023-08-01,DIS,89.02999877929688,86.32020568847656,13717500.0,0.0,1.0
2023-08-01,GOOGL,131.5500030517578,130.3100128173828,23166800.0,0.0,1.0
2023-08-01,GS,357.7200012207031,331.8219909667969,2024300.0,0.0,1.0
2023-08-02,AAPL,192.5800018310547,189.75387573242188,50389300.0,0.0,1.0
2023-08-02,AMZN,128.2100067138672,128.2100067138672,51027600.0,0.0,1.0
2023-08-02,BA,231.3800048828125,231.3800048828125,5326700.0,0.0,1.0
2023-08-02,BAC,31.190000534057617,28.7867374420166,38855100.0,0.0,1.0
2023-08-02,CAT,287.57000732421875,275.7018737792969,6288300.0,0.0,1.0
2023-08-02,COST,552.3499755859375,529.8231811523438,1635000.0,0.0,1.0
2023-08-02,CVX,159.72999572753906,139.55477905273438,7067100.0,0.0,1.0
2023-08-02,DIS,86.30000305175781,83.67330932617188,15162700.0,0.0,1.0
2023-08-02,GOOGL,128.3800048828125,127.16989135742188,26273300.0,0.0,1.0
2023-08-02,GS,351.1000061035156,325.6813049316406,2106600.0,0.0,1.0
2023-08-03,AAPL,191.1699981689453,188.36456298828125,61235200.0,0.0,1.0
2023-08-03,AMZN,128.91000366210938,128.91000366210938,88585200.0,0.0,1.0
2023-08-03,BA,231.36000061035156,231.36000061035156,3282900.0,0.0,1.0
2023-08-03,BAC,31.40999984741211,28.989782333374023,27933400.0,0.0,1.0
2023-08-03,CAT,281.45001220703125,269.8345031738281,4743500.0,0.0,1.0
2023-08-03,COST,557.6900024414062,534.9454345703125,1463400.0,0.0,1.0
2023-08-03,CVX,159.6699981689453,139.5023956298828,6680700.0,0.0,1.0
2023-08-03,DIS,85.48999786376953,82.88794708251953,14145400.0,0.0,1.0
2023-08-03,GOOGL,128.4499969482422,127.23921966552734,20089500.0,0.0,1.0
2023-08-03,GS,353.1600036621094,327.5920715332031,1840400.0,0.0,1.0
2023-08-04,AAPL,181.9900054931641,179.31924438476562,115956800.0,0.0,1.0
2023-08-04,AMZN,139.57000732421875,139.57000732421875,153128500.0,0.0,1.0
2023-08-04,BA,231.36000061035156,231.36000061035156,3500700.0,0.0,1.0
2023-08-04,BAC,31.299999237060547,28.888256072998047,30768100.0,0.0,1.0
2023-08-04,CAT,276.44000244140625,265.03125,3888200.0,0.0,1.0
2023-08-04,COST,552.0399780273438,529.52587890625,1142000.0,0.0,1.0
2023-08-04,CVX,159.30999755859375,139.18785095214844,10185400.0,0.0,1.0
2023-08-04,DIS,86.30000305175781,83.67330932617188,11533900.0,0.0,1.0
2023-08-04,GOOGL,128.11000061035156,126.9024429321289,26147200.0,0.0,1.0
2023-08-04,GS,353.2200012207031,327.6477966308594,1725300.0,0.0,1.0
2023-08-07,AAPL,178.85000610351562,176.22535705566406,97576100.0,0.0,1.0
2023-08-07,AMZN,142.22000122070312,142.22000122070312,71213100.0,0.0,1.0
2023-08-07,BA,238.25,238.25,6068000.0,0.0,1.0
2023-08-07,BAC,31.8799991607666,29.42357063293457,31745200.0,0.0,1.0
2023-08-07,CAT,281.6499938964844,270.0262451171875,2438200.0,0.0,1.0
2023-08-07,COST,558.4099731445312,535.6360473632812,1015400.0,0.0,1.0
2023-08-07,CVX,159.88999938964844,139.69461059570312,13927400.0,0.0,1.0
2023-08-07,DIS,86.83000183105469,84.18717956542969,10818400.0,0.0,1.0
2023-08-07,GOOGL,131.52999877929688,130.2902069091797,22746300.0,0.0,1.0
2023-08-07,GS,355.55999755859375,329.818359375,1260300.0,0.0,1.0
2023-08-08,AAPL,179.8000030517578,177.16140747070312,67823000.0,0.0,1.0
2023-08-08,AMZN,139.94000244140625,139.94000244140625,51710500.0,0.0,1.0
2023-08-08,BA,238.0399932861328,238.0399932861328,5149200.0,0.0,1.0
2023-08-08,BAC,31.270000457763672,28.860572814941406,45951800.0,0.0,1.0
2023-08-08,CAT,282.8900146484375,271.215087890625,2519500.0,0.0,1.0
2023-08-08,COST,556.1199951171875,533.4393310546875,1020400.0,0.0,1.0
2023-08-08,CVX,159.64999389648438,139.48489379882812,6451300.0,0.0,1.0
2023-08-08,DIS,88.12999725341797,85.44760131835938,16767900.0,0.0,1.0
2023-08-08,GOOGL,131.39999389648438,130.16140747070312,23535200.0,0.0,1.0
2023-08-08,GS,348.260009765625,323.04693603515625,1917300.0,0.0,1.0
2023-08-09,AAPL,178.19000244140625,175.57501220703125,60378500.0,0.0,1.0
2023-08-09,AMZN,137.85000610351562,137.85000610351562,50017300.0,0.0,1.0
2023-08-09,BA,237.86000061035156,237.86000061035156,4044400.0,0.0,1.0
2023-08-09,BAC,30.86000061035156,28.48216438293457,30732100.0,0.0,1.0
2023-08-09,CAT,284.5299987792969,272.78741455078125,3088600.0,0.0,1.0
2023-08-09,COST,559.7000122070312,536.8734741210938,1471800.0,0.0,1.0
2023-08-09,CVX,159.86000061035156,139.6683807373047,10531500.0,0.0,1.0
2023-08-09,DIS,87.48999786376953,84.82708740234375,32517900.0,0.0,1.0
2023-08-09,GOOGL,129.66000366210938,128.4378204345703,24912900.0,0.0,1.0
2023-08-09,GS,342.69000244140625,317.8801574707031,1326000.0,0.0,1.0
2023-08-10,AAPL,177.97000122070312,175.3582305908203,54686900.0,0.0,1.0
2023-08-10,AMZN,138.55999755859375,138.55999755859375,58928400.0,0.0,1.0
2023-08-10,BA,238.2599945068359,238.2599945068359,3710800.0,0.0,1.0
2023-08-10,BAC,30.940000534057617,28.55599594116211,26062600.0,0.0,1.0
2023-08-10,CAT,283.82000732421875,272.10662841796875,2647100.0,0.0,1.0
2023-08-10,COST,561.489990234375,538.5903930664062,1107200.0,0.0,1.0
2023-08-10,CVX,160.8300018310547,140.51583862304688,8647100.0,0.0,1.0
2023-08-10,DIS,91.76000213623048,88.96711730957031,56716800.0,0.0,1.0
2023-08-10,GOOGL,129.69000244140625,128.46754455566406,20857800.0,0.0,1.0
2023-08-10,GS,340.3999938964844,315.75592041015625,1345900.0,0.0,1.0
2023-08-11,AAPL,177.7899932861328,175.41748046875,52036700.0,0.24,1.0
2023-08-11,AMZN,138.41000366210938,138.41000366210938,42905800.0,0.0,1.0
2023-08-11,BA,235.72000122070312,235.72000122070312,2652100.0,0.0,1.0
2023-08-11,BAC,31.290000915527344,28.879030227661133,35720700.0,0.0,1.0
2023-08-11,CAT,285.2200012207031,273.4489440917969,1874100.0,0.0,1.0
2023-08-11,COST,562.9600219726562,540.0005493164062,1043100.0,0.0,1.0
2023-08-11,CVX,164.14999389648438,143.41651916503906,6682600.0,0.0,1.0
2023-08-11,DIS,89.0199966430664,86.31050872802734,21998900.0,0.0,1.0
2023-08-11,GOOGL,129.55999755859375,128.33876037597656,19591100.0,0.0,1.0
2023-08-11,GS,340.7300109863281,316.0620422363281,1256800.0,0.0,1.0
2023-08-14,AAPL,179.4600067138672,177.06520080566406,43675600.0,0.0,1.0
2023-08-14,AMZN,140.57000732421875,140.57000732421875,47148700.0,0.0,1.0
2023-08-14,BA,236.7100067138672,236.7100067138672,2486300.0,0.0,1.0
2023-08-14,BAC,30.93000030517578,28.546770095825195,32563700.0,0.0,1.0
2023-08-14,CAT,284.5400085449219,272.7969665527344,2194000.0,0.0,1.0
2023-08-14,COST,561.469970703125,538.5712890625,1247600.0,0.0,1.0
2023-08-14,CVX,164.02999877929688,143.3116912841797,6060100.0,0.0,1.0
2023-08-14,DIS,88.80999755859375,86.1069107055664,13676400.0,0.0,1.0
2023-08-14,GOOGL,131.3300018310547,130.09207153320312,24695600.0,0.0,1.0
2023-08-14,GS,337.739990234375,313.28857421875,1347000.0,0.0,1.0
2023-08-15,AAPL,177.4499969482422,175.0819854736328,43622600.0,0.0,1.0
2023-08-15,AMZN,137.6699981689453,137.6699981689453,42781500.0,0.0,1.0
2023-08-15,BA,232.2599945068359,232.2599945068359,3201900.0,0.0,1.0
2023-08-15,BAC,29.940000534057617,27.633052825927734,43406100.0,0.0,1.0
2023-08-15,CAT,277.3699951171875,265.92291259765625,2593600.0,0.0,1.0
2023-08-15,COST,558.510009765625,535.7319946289062,1124300.0,0.0,1.0
2023-08-15,CVX,159.24000549316406,139.126708984375,7876500.0,0.0,1.0
2023-08-15,DIS,87.05999755859375,84.41017150878906,13677900.0,0.0,1.0
2023-08-15,GOOGL,129.77999877929688,128.5567169189453,19770700.0,0.0,1.0
2023-08-15,GS,332.2099914550781,308.15887451171875,1657800.0,0.0,1.0
2023-08-16,AAPL,176.57000732421875,174.21372985839844,46964900.0,0.0,1.0
2023-08-16,AMZN,135.07000732421875,135.07000732421875,41675900.0,0.0,1.0
2023-08-16,BA,229.9499969482422,229.9499969482422,2273300.0,0.0,1.0
2023-08-16,BAC,29.290000915527344,27.03313636779785,47220400.0,0.0,1.0
2023-08-16,CAT,274.510009765625,263.18084716796875,2831300.0,0.0,1.0
2023-08-16,COST,559.0499877929688,536.2498779296875,1340100.0,0.0,1.0
2023-08-16,CVX,158.6300048828125,138.59373474121094,7920500.0,0.0,1.0
2023-08-16,DIS,86.3499984741211,83.72178649902344,12182700.0,0.0,1.0
2023-08-16,GOOGL,128.6999969482422,127.48686981201172,25216100.0,0.0,1.0
2023-08-16,GS,329.1099853515625,305.28326416015625,3340300.0,0.0,1.0
2023-08-17,AAPL,174.0,171.67803955078125,66062900.0,0.0,1.0
2023-08-17,AMZN,133.97999572753906,133.97999572753906,48354100.0,0.0,1.0
2023-08-17,BA,224.5399932861328,224.5399932861328,4359400.0,0.0,1.0
2023-08-17,BAC,29.280000686645508,27.023906707763672,37202200.0,0.0,1.0
2023-08-17,CAT,275.1700134277344,263.813720703125,2534700.0,0.0,1.0
2023-08-17,COST,547.1099853515625,524.796875,1941900.0,0.0,1.0
2023-08-17,CVX,159.75,140.91363525390625,8270500.0,1.51,1.0
2023-08-17,DIS,85.91999816894531,83.30487060546875,14206000.0,0.0,1.0
2023-08-17,GOOGL,129.9199981689453,128.69537353515625,33446300.0,0.0,1.0
2023-08-17,GS,327.5199890136719,303.80841064453125,3135200.0,0.0,1.0
2023-08-18,AAPL,174.49000549316406,172.16152954101562,61172200.0,0.0,1.0
2023-08-18,AMZN,133.22000122070312,133.22000122070312,48497700.0,0.0,1.0
2023-08-18,BA,226.6499938964844,226.6499938964844,3583200.0,0.0,1.0
2023-08-18,BAC,29.11000061035156,26.867006301879883,31430400.0,0.0,1.0
2023-08-18,CAT,273.79998779296875,262.500244140625,2533000.0,0.0,1.0
2023-08-18,COST,544.9400024414062,522.7153930664062,1878100.0,0.0,1.0
2023-08-18,CVX,160.89999389648438,141.92800903320312,5999200.0,0.0,1.0
2023-08-18,DIS,85.95999908447266,83.3436508178711,12364400.0,0.0,1.0
2023-08-18,GOOGL,127.45999908447266,126.25856018066406,30504800.0,0.0,1.0
2023-08-18,GS,324.92999267578125,301.4059143066406,1730500.0,0.0,1.0
2023-08-21,AAPL,175.83999633789062,173.4934539794922,46311900.0,0.0,1.0
2023-08-21,AMZN,134.67999267578125,134.67999267578125,41442500.0,0.0,1.0
2023-08-21,BA,227.22000122070312,227.22000122070312,2734600.0,0.0,1.0
2023-08-21,BAC,29.149999618530273,26.9039249420166,34959000.0,0.0,1.0
2023-08-21,CAT,272.75,261.4936218261719,2207400.0,0.0,1.0
2023-08-21,COST,543.2100219726562,521.0559692382812,2076100.0,0.0,1.0
2023-08-21,CVX,160.36000061035156,141.4517059326172,6802300.0,0.0,1.0
2023-08-21,DIS,85.87999725341797,83.26608276367188,11215000.0,0.0,1.0
2023-08-21,GOOGL,128.3699951171875,127.15998077392578,25248700.0,0.0,1.0
2023-08-21,GS,322.05999755859375,298.7436828613281,1983500.0,0.0,1.0
2023-08-22,AAPL,177.22999572753906,174.8649444580078,42038900.0,0.0,1.0
2023-08-22,AMZN,134.25,134.25,32905400.0,0.0,1.0
2023-08-22,BA,230.07000732421875,230.07000732421875,3011000.0,0.0,1.0
2023-08-22,BAC,28.440000534057617,26.24863052368164,37564200.0,0.0,1.0
2023-08-22,CAT,270.20001220703125,259.0487976074219,1668800.0,0.0,1.0
2023-08-22,COST,538.3699951171875,516.4132690429688,1286000.0,0.0,1.0
2023-08-22,CVX,159.0399932861328,140.287353515625,6080800.0,0.0,1.0
2023-08-22,DIS,85.79000091552734,83.17882537841797,9835300.0,0.0,1.0
2023-08-22,GOOGL,129.0800018310547,127.8633041381836,22054900.0,0.0,1.0
2023-08-22,GS,318.7900085449219,295.7104187011719,1810300.0,0.0,1.0
2023-08-23,AAPL,181.1199951171875,178.70301818847656,52722800.0,0.0,1.0
2023-08-23,AMZN,135.52000427246094,135.52000427246094,42801000.0,0.0,1.0
2023-08-23,BA,228.5800018310547,228.5800018310547,3004500.0,0.0,1.0
2023-08-23,BAC,28.450000762939453,26.25786018371582,44686600.0,0.0,1.0
2023-08-23,CAT,273.0299987792969,261.761962890625,1677800.0,0.0,1.0
2023-08-23,COST,540.8599853515625,518.8017578125,1295800.0,0.0,1.0
2023-08-23,CVX,159.25,140.4725799560547,4975600.0,0.0,1.0
2023-08-23,DIS,85.83000183105469,83.21761322021484,7576000.0,0.0,1.0
2023-08-23,GOOGL,132.3699951171875,131.12229919433594,27819700.0,0.0,1.0
2023-08-23,GS,322.3299865722656,298.994140625,1429000.0,0.0,1.0
2023-08-24,AAPL,176.3800048828125,174.02627563476562,54945800.0,0.0,1.0
2023-08-24,AMZN,131.83999633789062,131.83999633789062,43646300.0,0.0,1.0
2023-08-24,BA,217.30999755859375,217.30999755859375,9132600.0,0.0,1.0
2023-08-24,BAC,28.6200008392334,26.41476249694824,31934800.0,0.0,1.0
2023-08-24,CAT,269.29998779296875,258.1859130859375,1433600.0,0.0,1.0
2023-08-24,COST,531.7100219726562,510.98876953125,1587500.0,1.02,1.0
2023-08-24,CVX,157.94000244140625,139.31703186035156,5989600.0,0.0,1.0
2023-08-24,DIS,82.47000122070312,79.95987701416016,27531000.0,0.0,1.0
2023-08-24,GOOGL,129.77999877929688,128.5567169189453,28500700.0,0.0,1.0
2023-08-24,GS,319.9599914550781,296.79571533203125,1185600.0,0.0,1.0
2023-08-25,AAPL,178.61000061035156,176.2264862060547,51449600.0,0.0,1.0
2023-08-25,AMZN,133.25999450683594,133.25999450683594,44147500.0,0.0,1.0
2023-08-25,BA,223.41000366210935,223.41000366210935,12352300.0,0.0,1.0
2023-08-25,BAC,28.5,26.30400657653809,34253200.0,0.0,1.0
2023-08-25,CAT,272.55999755859375,261.3114013671875,1291700.0,0.0,1.0
2023-08-25,COST,534.010009765625,513.1990356445312,1511500.0,0.0,1.0
2023-08-25,CVX,159.1199951171875,140.35789489746094,5291800.0,0.0,1.0
2023-08-25,DIS,83.36000061035156,80.82278442382812,16050900.0,0.0,1.0
2023-08-25,GOOGL,129.8800048828125,128.65576171875,26762900.0,0.0,1.0
2023-08-25,GS,320.1499938964844,296.9720153808594,1159600.0,0.0,1.0
2023-08-28,AAPL,180.19000244140625,177.78541564941406,43820700.0,0.0,1.0
2023-08-28,AMZN,133.13999938964844,133.13999938964844,34108400.0,0.0,1.0
2023-08-28,BA,227.05999755859375,227.05999755859375,4641800.0,0.0,1.0
2023-08-28,BAC,28.760000228881836,26.54397201538086,33075200.0,0.0,1.0
2023-08-28,CAT,274.7900085449219,263.4493713378906,1550700.0,0.0,1.0
2023-08-28,COST,536.1900024414062,515.2940063476562,945800.0,0.0,1.0
2023-08-28,CVX,160.2100067138672,141.31939697265625,4386100.0,0.0,1.0
2023-08-28,DIS,84.16000366210938,81.59844970703125,12166400.0,0.0,1.0
2023-08-28,GOOGL,131.00999450683594,129.77511596679688,20543300.0,0.0,1.0
2023-08-28,GS,325.9700012207031,302.37060546875,1440100.0,0.0,1.0
2023-08-29,AAPL,184.1199951171875,181.66297912597656,53003900.0,0.0,1.0
2023-08-29,AMZN,134.91000366210938,134.91000366210938,38646100.0,0.0,1.0
2023-08-29,BA,227.25,227.25,3716700.0,0.0,1.0
2023-08-29,BAC,29.170000076293945,26.922380447387695,30428200.0,0.0,1.0
2023-08-29,CAT,280.0299987792969,268.47308349609375,2065800.0,0.0,1.0
2023-08-29,COST,542.77001953125,521.61767578125,1468500.0,0.0,1.0
2023-08-29,CVX,159.9600067138672,141.098876953125,5374800.0,0.0,1.0
2023-08-29,DIS,84.4000015258789,81.83113861083984,11210700.0,0.0,1.0
2023-08-29,GOOGL,134.57000732421875,133.30154418945312,43075600.0,0.0,1.0
2023-08-29,GS,332.54998779296875,308.47418212890625,1831700.0,0.0,1.0
2023-08-30,AAPL,187.6499938964844,185.1458740234375,60813900.0,0.0,1.0
2023-08-30,AMZN,135.07000732421875,135.07000732421875,36137000.0,0.0,1.0
2023-08-30,BA,228.8500061035156,228.8500061035156,3328300.0,0.0,1.0
2023-08-30,BAC,29.040000915527344,26.802398681640625,33366400.0,0.0,1.0
2023-08-30,CAT,282.3299865722656,270.6781921386719,1431000.0,0.0,1.0
2023-08-30,COST,542.260009765625,521.1275024414062,1292800.0,0.0,1.0
2023-08-30,CVX,160.17999267578125,141.2929229736328,5534900.0,0.0,1.0
2023-08-30,DIS,84.27999877929688,81.71478271484375,11816600.0,0.0,1.0
2023-08-30,GOOGL,135.8800048828125,134.5991973876953,28315800.0,0.0,1.0
2023-08-30,GS,328.5799865722656,307.3331298828125,1131500.0,2.75,1.0
2023-08-31,AAPL,187.8699951171875,185.36293029785156,60794500.0,0.0,1.0
2023-08-31,AMZN,138.00999450683594,138.00999450683594,58781300.0,0.0,1.0
2023-08-31,BA,224.02999877929688,224.02999877929688,6953800.0,0.0,1.0
2023-08-31,BAC,28.670000076293945,26.681413650512695,37243000.0,0.24,1.0
2023-08-31,CAT,281.1300048828125,269.5277404785156,2579000.0,0.0,1.0
2023-08-31,COST,549.280029296875,527.8739013671875,2086500.0,0.0,1.0
2023-08-31,CVX,161.10000610351562,142.1044464111328,7003700.0,0.0,1.0
2023-08-31,DIS,83.68000030517578,81.133056640625,10448000.0,0.0,1.0
2023-08-31,GOOGL,136.1699981689453,134.88644409179688,30053800.0,0.0,1.0
2023-08-31,GS,327.7099914550781,306.5194396972656,1271100.0,0.0,1.0
2023-09-01,AAPL,189.4600067138672,186.9317321777344,45766500.0,0.0,1.0
2023-09-01,AMZN,138.1199951171875,138.1199951171875,40991500.0,0.0,1.0
2023-09-01,BA,223.3999938964844,223.3999938964844,3658400.0,0.0,1.0
2023-09-01,BAC,28.979999542236328,26.96990966796875,35228600.0,0.0,1.0
2023-09-01,CAT,286.25,274.4364013671875,2336600.0,0.0,1.0
2023-09-01,COST,544.25,523.0399780273438,1437700.0,0.0,1.0
2023-09-01,CVX,164.3000030517578,144.92715454101562,6663000.0,0.0,1.0
2023-09-01,DIS,81.63999938964844,79.15514373779297,27701900.0,0.0,1.0
2023-09-01,GOOGL,135.66000366210938,134.38124084472656,21543700.0,0.0,1.0
2023-09-01,GS,327.3999938964844,306.2294006347656,1201400.0,0.0,1.0
2023-09-05,AAPL,189.6999969482422,187.16851806640625,45280000.0,0.0,1.0
2023-09-05,AMZN,137.27000427246094,137.27000427246094,40636700.0,0.0,1.0
2023-09-05,BA,222.57000732421875,222.57000732421875,3246500.0,0.0,1.0
2023-09-05,BAC,28.649999618530273,26.66280174255371,46543600.0,0.0,1.0
2023-09-05,CAT,281.6300048828125,270.0071105957031,2515600.0,0.0,1.0
2023-09-05,COST,544.72998046875,523.5012817382812,1714300.0,0.0,1.0
2023-09-05,CVX,166.4600067138672,146.8324432373047,9755800.0,0.0,1.0
2023-09-05,DIS,81.19000244140625,78.71883392333984,12741700.0,0.0,1.0
2023-09-05,GOOGL,135.77000427246094,134.490234375,19403100.0,0.0,1.0
2023-09-05,GS,323.75,302.8154602050781,1846000.0,0.0,1.0
2023-09-06,AAPL,182.91000366210935,180.46913146972656,81755800.0,0.0,1.0
2023-09-06,AMZN,135.36000061035156,135.36000061035156,41785500.0,0.0,1.0
2023-09-06,BA,217.9499969482422,217.9499969482422,4233500.0,0.0,1.0
2023-09-06,BAC,28.38999938964844,26.42083740234375,45022600.0,0.0,1.0
2023-09-06,CAT,282.8999938964844,271.2246398925781,1688900.0,0.0,1.0
2023-09-06,COST,546.6900024414062,525.3848876953125,1476600.0,0.0,1.0
2023-09-06,CVX,166.6300048828125,146.98240661621094,7195500.0,0.0,1.0
2023-09-06,DIS,80.9800033569336,78.5152359008789,15518500.0,0.0,1.0
2023-09-06,GOOGL,134.4600067138672,133.19259643554688,18684500.0,0.0,1.0
2023-09-06,GS,321.1300048828125,300.36492919921875,2120800.0,0.0,1.0
2023-09-07,AAPL,177.55999755859375,175.19053649902344,112488800.0,0.0,1.0
2023-09-07,AMZN,137.85000610351562,137.85000610351562,48498900.0,0.0,1.0
2023-09-07,BA,216.0500030517578,216.0500030517578,4929600.0,0.0,1.0
2023-09-07,BAC,28.1299991607666,26.178871154785156,35023600.0,0.0,1.0
2023-09-07,CAT,281.42999267578125,269.81536865234375,1593200.0,0.0,1.0
2023-09-07,COST,548.6199951171875,527.2396240234375,1340000.0,0.0,1.0
2023-09-07,CVX,166.63999938964844,146.99122619628906,7925900.0,0.0,1.0
2023-09-07,DIS,80.56999969482422,78.11770629882812,14768000.0,0.0,1.0
2023-09-07,GOOGL,135.25999450683594,133.98501586914062,18844300.0,0.0,1.0
2023-09-07,GS,321.9599914550781,301.1412048339844,1471100.0,0.0,1.0
2023-09-08,AAPL,178.17999267578125,175.80221557617188,65551300.0,0.0,1.0
2023-09-08,AMZN,138.22999572753906,138.22999572753906,38348200.0,0.0,1.0
2023-09-08,BA,211.27000427246097,211.27000427246097,5752000.0,0.0,1.0
2023-09-08,BAC,28.36000061035156,26.39291763305664,36513900.0,0.0,1.0
2023-09-08,CAT,282.2799987792969,270.6303405761719,1240100.0,0.0,1.0
2023-09-08,COST,551.1900024414062,529.70947265625,1075300.0,0.0,1.0
2023-09-08,CVX,167.2100067138672,147.4940185546875,7434400.0,0.0,1.0
2023-09-08,DIS,81.58000183105469,79.09696197509766,16220900.0,0.0,1.0
2023-09-08,GOOGL,136.3800048828125,135.094482421875,23558300.0,0.0,1.0
2023-09-08,GS,325.5199890136719,304.4710388183594,2026400.0,0.0,1.0
2023-09-11,AAPL,179.36000061035156,176.9665069580078,58953100.0,0.0,1.0
2023-09-11,AMZN,143.10000610351562,143.10000610351562,56764500.0,0.0,1.0
2023-09-11,BA,211.0099945068359,211.0099945068359,4522300.0,0.0,1.0
2023-09-11,BAC,28.479999542236328,26.504592895507812,34168300.0,0.0,1.0
2023-09-11,CAT,282.04998779296875,270.4097595214844,1515300.0,0.0,1.0
2023-09-11,COST,558.780029296875,537.003662109375,1388600.0,0.0,1.0
2023-09-11,CVX,163.75999450683594,144.4508056640625,7155100.0,0.0,1.0
2023-09-11,DIS,82.5199966430664,80.00834655761719,26579100.0,0.0,1.0
2023-09-11,GOOGL,136.9199981689453,135.62937927246094,20763400.0,0.0,1.0
2023-09-11,GS,324.6499938964844,303.6572570800781,1283100.0,0.0,1.0
2023-09-12,AAPL,176.3000030517578,173.94732666015625,90370200.0,0.0,1.0
2023-09-12,AMZN,141.22999572753906,141.22999572753906,42668500.0,0.0,1.0
2023-09-12,BA,210.6499938964844,210.6499938964844,3256500.0,0.0,1.0
2023-09-12,BAC,28.969999313354492,26.960607528686523,42284000.0,0.0,1.0
2023-09-12,CAT,281.80999755859375,270.1796875,1587300.0,0.0,1.0
2023-09-12,COST,558.7899780273438,537.0132446289062,1055500.0,0.0,1.0
2023-09-12,CVX,166.80999755859375,147.14120483398438,7521100.0,0.0,1.0
2023-09-12,DIS,83.68000030517578,81.133056640625,16594600.0,0.0,1.0
2023-09-12,GOOGL,135.33999633789062,134.06427001953125,18405500.0,0.0,1.0
2023-09-12,GS,330.8999938964844,309.50311279296875,2054700.0,0.0,1.0
2023-09-13,AAPL,174.2100067138672,171.88525390625,84267900.0,0.0,1.0
2023-09-13,AMZN,144.85000610351562,144.85000610351562,60465200.0,0.0,1.0
2023-09-13,BA,208.3999938964844,208.3999938964844,3538100.0,0.0,1.0
2023-09-13,BAC,28.8799991607666,26.876848220825195,37215700.0,0.0,1.0
2023-09-13,CAT,275.9200134277344,264.53271484375,2119300.0,0.0,1.0
2023-09-13,COST,559.760009765625,537.9454345703125,1162700.0,0.0,1.0
2023-09-13,CVX,166.1999969482422,146.60308837890625,5759500.0,0.0,1.0
2023-09-13,DIS,83.4800033569336,80.93913269042969,9772700.0,0.0,1.0
2023-09-13,GOOGL,136.7100067138672,135.42140197753906,20749500.0,0.0,1.0
2023-09-13,GS,334.9800109863281,313.3193054199219,2165000.0,0.0,1.0
2023-09-14,AAPL,175.74000549316406,173.3948516845703,60895800.0,0.0,1.0
2023-09-14,AMZN,144.72000122070312,144.72000122070312,64033600.0,0.0,1.0
2023-09-14,BA,209.0500030517578,209.0500030517578,3974800.0,0.0,1.0
2023-09-14,BAC,29.200000762939453,27.174652099609375,44634800.0,0.0,1.0
2023-09-14,CAT,282.55999755859375,270.898681640625,2660500.0,0.0,1.0
2023-09-14,COST,564.77001953125,542.7601928710938,1257300.0,0.0,1.0
2023-09-14,CVX,167.22999572753906,147.5116424560547,8822800.0,0.0,1.0
2023-09-14,DIS,84.4800033569336,81.90870666503906,22371900.0,0.0,1.0
2023-09-14,GOOGL,138.10000610351562,136.79827880859375,24751000.0,0.0,1.0
2023-09-14,GS,344.57000732421875,322.2891845703125,2822700.0,0.0,1.0
2023-09-15,AAPL,175.00999450683594,172.67454528808594,109259500.0,0.0,1.0
2023-09-15,AMZN,140.38999938964844,140.38999938964844,102909300.0,0.0,1.0
2023-09-15,BA,208.11000061035156,208.11000061035156,4670600.0,0.0,1.0
2023-09-15,BAC,28.84000015258789,26.839624404907227,61661100.0,0.0,1.0
2023-09-15,CAT,279.1499938964844,267.62939453125,4940900.0,0.0,1.0
2023-09-15,COST,556.3599853515625,534.677978515625,2945300.0,0.0,1.0
2023-09-15,CVX,166.5,146.8677215576172,17439700.0,0.0,1.0
2023-09-15,DIS,85.58000183105469,82.9752197265625,21631200.0,0.0,1.0
2023-09-15,GOOGL,137.39999389648438,136.10487365722656,38919600.0,0.0,1.0
2023-09-15,GS,342.5400085449219,320.3904113769531,3063900.0,0.0,1.0
2023-09-18,AAPL,177.97000122070312,175.59506225585938,67257600.0,0.0,1.0
2023-09-18,AMZN,139.97999572753906,139.97999572753906,42823500.0,0.0,1.0
2023-09-18,BA,205.1199951171875,205.1199951171875,4299200.0,0.0,1.0
2023-09-18,BAC,28.760000228881836,26.76517677307129,25752300.0,0.0,1.0
2023-09-18,CAT,280.94000244140625,269.3455505371094,1363200.0,0.0,1.0
2023-09-18,COST,562.719970703125,540.7899780273438,1003100.0,0.0,1.0
2023-09-18,CVX,167.22000122070312,147.50282287597656,7027600.0,0.0,1.0
2023-09-18,DIS,85.0199966430664,82.4322509765625,11894200.0,0.0,1.0
2023-09-18,GOOGL,138.2100067138672,136.90724182128906,21861300.0,0.0,1.0
2023-09-18,GS,343.32000732421875,321.1199951171875,1356600.0,0.0,1.0
2023-09-19,AAPL,179.07000732421875,176.68035888671875,51826900.0,0.0,1.0
2023-09-19,AMZN,137.6300048828125,137.6300048828125,61482500.0,0.0,1.0
2023-09-19,BA,204.47999572753903,204.47999572753903,4039900.0,0.0,1.0
2023-09-19,BAC,28.649999618530273,26.66280174255371,34888100.0,0.0,1.0
2023-09-19,CAT,279.6700134277344,268.12799072265625,2313500.0,0.0,1.0
2023-09-19,COST,564.3499755859375,542.3566284179688,1144700.0,0.0,1.0
2023-09-19,CVX,167.1999969482422,147.4851837158203,6615100.0,0.0,1.0
2023-09-19,DIS,81.94000244140625,79.44601440429688,21478900.0,0.0,1.0
2023-09-19,GOOGL,138.0399932861328,136.7388153076172,20353700.0,0.0,1.0
2023-09-19,GS,341.8900146484375,319.7825012207031,1660200.0,0.0,1.0
2023-09-20,AAPL,175.49000549316406,173.14816284179688,58436200.0,0.0,1.0
2023-09-20,AMZN,135.2899932861328,135.2899932861328,46263700.0,0.0,1.0
2023-09-20,BA,202.3699951171875,202.3699951171875,3738800.0,0.0,1.0
2023-09-20,BAC,28.549999237060547,26.56973648071289,26641100.0,0.0,1.0
2023-09-20,CAT,278.6099853515625,267.1116943359375,2380300.0,0.0,1.0
2023-09-20,COST,563.8300170898438,541.8568115234375,1311500.0,0.0,1.0
2023-09-20,CVX,166.69000244140625,147.0353240966797,5939100.0,0.0,1.0
2023-09-20,DIS,82.55999755859375,80.04713439941406,12715200.0,0.0,1.0
2023-09-20,GOOGL,133.74000549316406,132.47938537597656,29927500.0,0.0,1.0
2023-09-20,GS,336.70001220703125,314.9281311035156,1224400.0,0.0,1.0
2023-09-21,AAPL,173.92999267578125,171.60894775390625,63149100.0,0.0,1.0
2023-09-21,AMZN,129.3300018310547,129.3300018310547,70343300.0,0.0,1.0
2023-09-21,BA,199.9499969482422,199.9499969482422,4745700.0,0.0,1.0
2023-09-21,BAC,28.049999237060547,26.10441780090332,39906000.0,0.0,1.0
2023-09-21,CAT,272.0299987792969,260.80328369140625,2277600.0,0.0,1.0
2023-09-21,COST,555.0800170898438,533.4478759765625,1687700.0,0.0,1.0
2023-09-21,CVX,165.19000244140625,145.71217346191406,7150000.0,0.0,1.0
2023-09-21,DIS,82.7300033569336,80.21195983886719,14378000.0,0.0,1.0
2023-09-21,GOOGL,130.44000244140625,129.21044921875,31503900.0,0.0,1.0
2023-09-21,GS,330.239990234375,308.8857421875,1685100.0,0.0,1.0
2023-09-22,AAPL,174.7899932861328,172.45748901367188,56725400.0,0.0,1.0
2023-09-22,AMZN,129.1199951171875,129.1199951171875,59904300.0,0.0,1.0
2023-09-22,BA,197.7100067138672,197.7100067138672,4450900.0,0.0,1.0
2023-09-22,BAC,27.63999938964844,25.72285842895508,41284400.0,0.0,1.0
2023-09-22,CAT,273.05999755859375,261.790771484375,1707800.0,0.0,1.0
2023-09-22,COST,558.5900268554688,536.8209838867188,1527300.0,0.0,1.0
2023-09-22,CVX,166.27999877929688,146.6736602783203,5963000.0,0.0,1.0
2023-09-22,DIS,81.25,78.77700805664062,11495300.0,0.0,1.0
2023-09-22,GOOGL,130.25,129.02223205566406,26397300.0,0.0,1.0
2023-09-22,GS,327.8900146484375,306.687744140625,1669100.0,0.0,1.0
2023-09-25,AAPL,176.0800018310547,173.73025512695312,46172700.0,0.0,1.0
2023-09-25,AMZN,131.27000427246094,131.27000427246094,46017800.0,0.0,1.0
2023-09-25,BA,198.77999877929688,198.77999877929688,3527100.0,0.0,1.0
2023-09-25,BAC,27.600000381469727,25.68563461303711,32749200.0,0.0,1.0
2023-09-25,CAT,274.2699890136719,262.9508361816406,1257400.0,0.0,1.0
2023-09-25,COST,558.6199951171875,536.8500366210938,1313300.0,0.0,1.0
2023-09-25,CVX,168.7100067138672,148.817138671875,5510000.0,0.0,1.0
2023-09-25,DIS,81.01000213623047,78.5443115234375,11034400.0,0.0,1.0
2023-09-25,GOOGL,131.11000061035156,129.8741455078125,20094600.0,0.0,1.0
2023-09-25,GS,328.8399963378906,307.5762939453125,833300.0,0.0,1.0
2023-09-26,AAPL,171.9600067138672,169.66525268554688,64588900.0,0.0,1.0
2023-09-26,AMZN,125.9800033569336,125.9800033569336,73048200.0,0.0,1.0
2023-09-26,BA,195.63999938964844,195.63999938964844,3666300.0,0.0,1.0
2023-09-26,BAC,27.170000076293945,25.285459518432617,42237400.0,0.0,1.0
2023-09-26,CAT,269.5199890136719,258.39691162109375,1756400.0,0.0,1.0
2023-09-26,COST,552.9600219726562,531.4104614257812,2425100.0,0.0,1.0
2023-09-26,CVX,167.8000030517578,148.01446533203125,5659200.0,0.0,1.0
2023-09-26,DIS,80.05000305175781,77.61354064941406,14867900.0,0.0,1.0
2023-09-26,GOOGL,128.57000732421875,127.35809326171876,25718700.0,0.0,1.0
2023-09-26,GS,323.82000732421875,302.8809509277344,1481800.0,0.0,1.0
2023-09-27,AAPL,170.42999267578125,168.15565490722656,66921800.0,0.0,1.0
2023-09-27,AMZN,125.9800033569336,125.9800033569336,66553400.0,0.0,1.0
2023-09-27,BA,195.4600067138672,195.4600067138672,4015500.0,0.0,1.0
2023-09-27,BAC,27.270000457763672,25.378522872924805,38296300.0,0.0,1.0
2023-09-27,CAT,272.7099914550781,261.4552001953125,1991600.0,0.0,1.0
2023-09-27,COST,563.530029296875,541.5685424804688,4591400.0,0.0,1.0
2023-09-27,CVX,171.0399932861328,150.8723907470703,9124400.0,0.0,1.0
2023-09-27,DIS,79.9000015258789,77.46810150146484,14662500.0,0.0,1.0
2023-09-27,GOOGL,130.5399932861328,129.30950927734375,22746500.0,0.0,1.0
2023-09-27,GS,321.95001220703125,301.13189697265625,1493000.0,0.0,1.0
2023-09-28,AAPL,170.69000244140625,168.41221618652344,56294400.0,0.0,1.0
2023-09-28,AMZN,125.9800033569336,125.9800033569336,54555000.0,0.0,1.0
2023-09-28,BA,190.42999267578125,190.42999267578125,8009500.0,0.0,1.0
2023-09-28,BAC,27.559999465942383,25.648406982421875,36734300.0,0.0,1.0
2023-09-28,CAT,276.239990234375,264.8394470214844,1994700.0,0.0,1.0
2023-09-28,COST,568.6300048828125,546.4697875976562,2192400.0,0.0,1.0
2023-09-28,CVX,170.58999633789062,150.4754638671875,7151800.0,0.0,1.0
2023-09-28,DIS,80.12999725341797,77.69109344482422,12229800.0,0.0,1.0
2023-09-28,GOOGL,132.30999755859375,131.0628204345703,22513100.0,0.0,1.0
2023-09-28,GS,325.20001220703125,304.17169189453125,1389600.0,0.0,1.0
2023-09-29,AAPL,171.2100067138672,168.92527770996094,51861100.0,0.0,1.0
2023-09-29,AMZN,127.12000274658205,127.12000274658205,62411700.0,0.0,1.0
2023-09-29,BA,191.67999267578125,191.67999267578125,5158400.0,0.0,1.0
2023-09-29,BAC,27.3799991607666,25.480892181396484,40645900.0,0.0,1.0
2023-09-29,CAT,273.0,261.7332763671875,2257800.0,0.0,1.0
2023-09-29,COST,564.9600219726562,542.9428100585938,1887500.0,0.0,1.0
2023-09-29,CVX,168.6199951171875,148.7377471923828,7396100.0,0.0,1.0
2023-09-29,DIS,81.05000305175781,78.58309173583984,11261400.0,0.0,1.0
2023-09-29,GOOGL,130.86000061035156,129.62652587890625,30859800.0,0.0,1.0
2023-09-29,GS,323.57000732421875,302.6471252441406,1403900.0,0.0,1.0
2023-10-02,AAPL,173.75,171.43141174316406,52164500.0,0.0,1.0
2023-10-02,AMZN,129.4600067138672,129.4600067138672,48029700.0,0.0,1.0
2023-10-02,BA,187.8300018310547,187.8300018310547,5244700.0,0.0,1.0
2023-10-02,BAC,26.700000762939453,24.848052978515625,50388600.0,0.0,1.0
2023-10-02,CAT,271.7200012207031,260.5060729980469,1778200.0,0.0,1.0
2023-10-02,COST,571.3099975585938,549.0453491210938,1831700.0,0.0,1.0
2023-10-02,CVX,166.5399932861328,146.9030303955078,6839600.0,0.0,1.0
2023-10-02,DIS,81.66999816894531,79.18423461914062,9128100.0,0.0,1.0
2023-10-02,GOOGL,134.1699981689453,132.90533447265625,22288000.0,0.0,1.0
2023-10-02,GS,318.5,297.9049377441406,1303800.0,0.0,1.0
2023-10-03,AAPL,172.39999389648438,170.09938049316406,49594600.0,0.0,1.0
2023-10-03,AMZN,124.72000122070312,124.72000122070312,51565000.0,0.0,1.0
2023-10-03,BA,188.9199981689453,188.9199981689453,7285500.0,0.0,1.0
2023-10-03,BAC,25.90999984741211,24.11285400390625,62144500.0,0.0,1.0
2023-10-03,CAT,268.9700012207031,257.86956787109375,2187900.0,0.0,1.0
2023-10-03,COST,565.0399780273438,543.0195922851562,2007400.0,0.0,1.0
2023-10-03,CVX,166.92999267578125,147.2470245361328,6168600.0,0.0,1.0
2023-10-03,DIS,79.54000091552734,77.11906433105469,12586200.0,0.0,1.0
2023-10-03,GOOGL,132.42999267578125,131.1816864013672,22989400.0,0.0,1.0
2023-10-03,GS,306.1199951171875,286.32550048828125,3118600.0,0.0,1.0
2023-10-04,AAPL,173.66000366210938,171.34254455566406,53020300.0,0.0,1.0
2023-10-04,AMZN,127.0,127.0,44203900.0,0.0,1.0
2023-10-04,BA,186.72999572753903,186.72999572753903,7419800.0,0.0,1.0
2023-10-04,BAC,25.940000534057617,24.14077377319336,55696400.0,0.0,1.0
2023-10-04,CAT,265.0299987792969,254.09214782714844,2970100.0,0.0,1.0
2023-10-04,COST,571.7999877929688,549.5162963867188,1798800.0,0.0,1.0
2023-10-04,CVX,163.0399932861328,143.81568908691406,9664700.0,0.0,1.0
2023-10-04,DIS,79.31999969482422,76.90575408935547,12010500.0,0.0,1.0
2023-10-04,GOOGL,135.24000549316406,133.96522521972656,26752300.0,0.0,1.0
2023-10-04,GS,308.6000061035156,288.6451110839844,1872000.0,0.0,1.0
2023-10-05,AAPL,174.91000366210938,172.57586669921875,48527900.0,0.0,1.0
2023-10-05,AMZN,125.95999908447266,125.95999908447266,39660600.0,0.0,1.0
2023-10-05,BA,186.2899932861328,186.2899932861328,4331700.0,0.0,1.0
2023-10-05,BAC,26.059999465942383,24.25244903564453,49044100.0,0.0,1.0
2023-10-05,CAT,260.79998779296875,250.0367126464844,2639300.0,0.0,1.0
2023-10-05,COST,569.52001953125,547.3251342773438,1579700.0,0.0,1.0
2023-10-05,CVX,163.89999389648438,144.57431030273438,8073000.0,0.0,1.0
2023-10-05,DIS,80.80999755859375,78.35039520263672,15466600.0,0.0,1.0
2023-10-05,GOOGL,135.07000732421875,133.79684448242188,19832600.0,0.0,1.0
2023-10-05,GS,310.5,290.4222412109375,1584600.0,0.0,1.0
2023-10-06,AAPL,177.49000549316406,175.12147521972656,57266700.0,0.0,1.0
2023-10-06,AMZN,127.95999908447266,127.95999908447266,46836700.0,0.0,1.0
2023-10-06,BA,187.3800048828125,187.3800048828125,5364300.0,0.0,1.0
2023-10-06,BAC,26.06999969482422,24.26175308227539,58177300.0,0.0,1.0
2023-10-06,CAT,266.0400085449219,255.0605010986328,2293400.0,0.0,1.0
2023-10-06,COST,557.530029296875,535.802490234375,4246700.0,0.0,1.0
2023-10-06,CVX,162.22999572753906,143.1011962890625,10190400.0,0.0,1.0
2023-10-06,DIS,82.94000244140625,80.41557312011719,15391100.0,0.0,1.0
2023-10-06,GOOGL,137.5800018310547,136.28318786621094,27597600.0,0.0,1.0
2023-10-06,GS,312.4800109863281,292.27423095703125,1595100.0,0.0,1.0
2023-10-09,AAPL,178.99000549316406,176.60145568847656,42390800.0,0.0,1.0
2023-10-09,AMZN,128.25999450683594,128.25999450683594,38773700.0,0.0,1.0
2023-10-09,BA,188.4900054931641,188.4900054931641,4575800.0,0.0,1.0
2023-10-09,BAC,26.309999465942383,24.485109329223633,39953700.0,0.0,1.0
2023-10-09,CAT,271.29998779296875,260.1034240722656,1640800.0,0.0,1.0
2023-10-09,COST,558.969970703125,537.186279296875,1781500.0,0.0,1.0
2023-10-09,CVX,166.72000122070312,147.061767578125,8183500.0,0.0,1.0
2023-10-09,DIS,84.69999694824219,82.12200164794922,13604400.0,0.0,1.0
2023-10-09,GOOGL,138.4199981689453,137.11526489257812,19278100.0,0.0,1.0
2023-10-09,GS,312.6099853515625,292.3957824707031,1094400.0,0.0,1.0
2023-10-10,AAPL,178.38999938964844,176.00946044921875,43698000.0,0.0,1.0
2023-10-10,AMZN,129.47999572753906,129.47999572753906,42178600.0,0.0,1.0
2023-10-10,BA,193.52999877929688,193.52999877929688,8062400.0,0.0,1.0
2023-10-10,BAC,27.010000228881836,25.136558532714844,51960100.0,0.0,1.0
2023-10-10,CAT,273.2099914550781,261.9345703125,2009000.0,0.0,1.0
2023-10-10,COST,562.0900268554688,540.1846923828125,2176800.0,0.0,1.0
2023-10-10,CVX,166.5399932861328,146.9030303955078,6512900.0,0.0,1.0
2023-10-10,DIS,84.98999786376953,82.40316772460938,9450600.0,0.0,1.0
2023-10-10,GOOGL,138.05999755859375,136.75863647460938,27786600.0,0.0,1.0
2023-10-10,GS,314.7699890136719,294.41607666015625,1193800.0,0.0,1.0
2023-10-11,AAPL,179.8000030517578,177.400634765625,47551100.0,0.0,1.0
2023-10-11,AMZN,131.8300018310547,131.8300018310547,40741800.0,0.0,1.0
2023-10-11,BA,196.07000732421875,196.07000732421875,7394000.0,0.0,1.0
2023-10-11,BAC,27.020000457763672,25.14586067199707,38508200.0,0.0,1.0
2023-10-11,CAT,272.8299865722656,261.5702209472656,1538200.0,0.0,1.0
2023-10-11,COST,565.52001953125,543.4810791015625,1449800.0,0.0,1.0
2023-10-11,CVX,161.10000610351562,142.1044464111328,12570700.0,0.0,1.0
2023-10-11,DIS,84.8499984741211,82.2674331665039,9499200.0,0.0,1.0
2023-10-11,GOOGL,140.5500030517578,139.2251739501953,25884300.0,0.0,1.0
2023-10-11,GS,313.0199890136719,292.7792663574219,1672500.0,0.0,1.0
2023-10-12,AAPL,180.7100067138672,178.29852294921875,56743100.0,0.0,1.0
2023-10-12,AMZN,132.3300018310547,132.3300018310547,55528600.0,0.0,1.0
2023-10-12,BA,191.3000030517578,191.3000030517578,5668300.0,0.0,1.0
2023-10-12,BAC,26.899999618530273,25.034183502197266,44249800.0,0.0,1.0
2023-10-12,CAT,269.6099853515625,258.483154296875,1910500.0,0.0,1.0
2023-10-12,COST,563.780029296875,541.8089599609375,1458000.0,0.0,1.0
2023-10-12,CVX,161.22999572753906,142.2191162109375,7397000.0,0.0,1.0
2023-10-12,DIS,84.3499984741211,81.78265380859375,9554900.0,0.0,1.0
2023-10-12,GOOGL,138.97000122070312,137.66006469726562,24765500.0,0.0,1.0
2023-10-12,GS,309.8500061035156,289.81427001953125,1727700.0,0.0,1.0
2023-10-13,AAPL,178.85000610351562,176.46331787109375,51427100.0,0.0,1.0
2023-10-13,AMZN,129.7899932861328,129.7899932861328,45786600.0,0.0,1.0
2023-10-13,BA,184.91000366210935,184.91000366210935,8215700.0,0.0,1.0
2023-10-13,BAC,26.760000228881836,24.90389633178711,55089700.0,0.0,1.0
2023-10-13,CAT,267.94000244140625,256.8820495605469,1918300.0,0.0,1.0
2023-10-13,COST,566.8400268554688,544.7496948242188,1243900.0,0.0,1.0
2023-10-13,CVX,164.05999755859375,144.71542358398438,8042800.0,0.0,1.0
2023-10-13,DIS,84.3499984741211,81.78265380859375,10808000.0,0.0,1.0
2023-10-13,GOOGL,137.36000061035156,136.06524658203125,23420500.0,0.0,1.0
2023-10-13,GS,309.29998779296875,289.2998046875,1785200.0,0.0,1.0
2023-10-16,AAPL,178.72000122070312,176.33506774902344,52517000.0,0.0,1.0
2023-10-16,AMZN,132.5500030517578,132.5500030517578,42832900.0,0.0,1.0
2023-10-16,BA,184.92999267578125,184.92999267578125,4701000.0,0.0,1.0
2023-10-16,BAC,26.989999771118164,25.117944717407227,56817500.0,0.0,1.0
2023-10-16,CAT,270.7900085449219,259.614501953125,1678600.0,0.0,1.0
2023-10-16,COST,572.239990234375,549.9390258789062,1428300.0,0.0,1.0
2023-10-16,CVX,165.39999389648438,145.89744567871094,5446000.0,0.0,1.0
2023-10-16,DIS,85.70999908447266,83.10125732421875,10275100.0,0.0,1.0
2023-10-16,GOOGL,139.10000610351562,137.78884887695312,28501900.0,0.0,1.0
2023-10-16,GS,314.3900146484375,294.06072998046875,2273900.0,0.0,1.0
2023-10-17,AAPL,177.14999389648438,174.78598022460938,57549400.0,0.0,1.0
2023-10-17,AMZN,131.47000122070312,131.47000122070312,49344600.0,0.0,1.0
2023-10-17,BA,185.6000061035156,185.6000061035156,5121800.0,0.0,1.0
2023-10-17,BAC,27.6200008392334,25.70424461364746,95344200.0,0.0,1.0
2023-10-17,CAT,272.6499938964844,261.397705078125,2110100.0,0.0,1.0
2023-10-17,COST,574.3400268554688,551.9573364257812,1404600.0,0.0,1.0
2023-10-17,CVX,167.58999633789062,147.82920837402344,7538300.0,0.0,1.0
2023-10-17,DIS,86.19999694824219,83.57634735107422,9985700.0,0.0,1.0
2023-10-17,GOOGL,139.72000122070312,138.4029998779297,23515800.0,0.0,1.0
2023-10-17,GS,309.3599853515625,289.3558654785156,4123000.0,0.0,1.0
2023-10-18,AAPL,175.83999633789062,173.4934539794922,54764400.0,0.0,1.0
2023-10-18,AMZN,128.1300048828125,128.1300048828125,42699500.0,0.0,1.0
2023-10-18,BA,185.69000244140625,185.69000244140625,6268100.0,0.0,1.0
2023-10-18,BAC,27.309999465942383,25.41575050354004,68371100.0,0.0,1.0
2023-10-18,CAT,259.2200012207031,248.52195739746097,4257100.0,0.0,1.0
2023-10-18,COST,574.6400146484375,552.2456665039062,1311900.0,0.0,1.0
2023-10-18,CVX,168.9199981689453,149.00238037109375,6893500.0,0.0,1.0
2023-10-18,DIS,84.68000030517578,82.10261535644531,10047000.0,0.0,1.0
2023-10-18,GOOGL,137.9600067138672,136.65960693359375,23375000.0,0.0,1.0
2023-10-18,GS,301.9599914550781,282.43438720703125,3460300.0,0.0,1.0
2023-10-19,AAPL,175.4600067138672,173.11854553222656,59302900.0,0.0,1.0
2023-10-19,AMZN,128.39999389648438,128.39999389648438,60961400.0,0.0,1.0
2023-10-19,BA,182.7899932861328,182.7899932861328,4043700.0,0.0,1.0
2023-10-19,BAC,26.959999084472656,25.090024948120117,58611000.0,0.0,1.0
2023-10-19,CAT,252.88999938964844,242.45318603515625,3850000.0,0.0,1.0
2023-10-19,COST,565.6300048828125,543.5867309570312,2019600.0,0.0,1.0
2023-10-19,CVX,169.10000610351562,149.16119384765625,6580200.0,0.0,1.0
2023-10-19,DIS,83.25,80.71613311767578,14316800.0,0.0,1.0
2023-10-19,GOOGL,137.75,136.45156860351562,26066000.0,0.0,1.0
2023-10-19,GS,299.19000244140625,279.84356689453125,3211800.0,0.0,1.0
2023-10-20,AAPL,172.8800048828125,170.57298278808594,64244000.0,0.0,1.0
2023-10-20,AMZN,125.16999816894533,125.16999816894533,56406400.0,0.0,1.0
2023-10-20,BA,180.0399932861328,180.0399932861328,4523500.0,0.0,1.0
2023-10-20,BAC,26.309999465942383,24.485109329223633,62058400.0,0.0,1.0
2023-10-20,CAT,249.1999969482422,240.1499786376953,3103500.0,1.3,1.0
2023-10-20,COST,552.9299926757812,531.3816528320312,2295400.0,0.0,1.0
2023-10-20,CVX,166.8300018310547,147.1588134765625,7458300.0,0.0,1.0
2023-10-20,DIS,82.6500015258789,80.13440704345703,10437000.0,0.0,1.0
2023-10-20,GOOGL,135.60000610351562,134.3218536376953,26335700.0,0.0,1.0
2023-10-20,GS,300.04998779296875,280.6479187011719,2329000.0,0.0,1.0
2023-10-23,AAPL,173.0,170.69139099121094,55980100.0,0.0,1.0
2023-10-23,AMZN,126.55999755859376,126.55999755859376,48260000.0,0.0,1.0
2023-10-23,BA,181.02999877929688,181.02999877929688,4146200.0,0.0,1.0
2023-10-23,BAC,25.56999969482422,23.796436309814453,59857200.0,0.0,1.0
2023-10-23,CAT,247.32000732421875,238.33827209472656,3193200.0,0.0,1.0
2023-10-23,COST,552.2899780273438,530.7664794921875,1776500.0,0.0,1.0
2023-10-23,CVX,160.67999267578125,141.7339630126953,16232400.0,0.0,1.0
2023-10-23,DIS,83.0999984741211,80.57069396972656,10772500.0,0.0,1.0
2023-10-23,GOOGL,136.5,135.21334838867188,26317900.0,0.0,1.0
2023-10-23,GS,299.2200012207031,279.8716125488281,2959800.0,0.0,1.0
2023-10-24,AAPL,173.44000244140625,171.12550354003906,43816600.0,0.0,1.0
2023-10-24,AMZN,128.55999755859375,128.55999755859375,46477400.0,0.0,1.0
2023-10-24,BA,182.36000061035156,182.36000061035156,4652900.0,0.0,1.0
2023-10-24,BAC,25.469999313354492,23.703372955322266,55975700.0,0.0,1.0
2023-10-24,CAT,249.5500030517578,240.48727416992188,2304600.0,0.0,1.0
2023-10-24,COST,551.8400268554688,530.3341674804688,1678600.0,0.0,1.0
2023-10-24,CVX,156.64999389648438,138.17918395996094,17689900.0,0.0,1.0
2023-10-24,DIS,82.55999755859375,80.04713439941406,11499500.0,0.0,1.0
2023-10-24,GOOGL,138.80999755859375,137.50157165527344,44814300.0,0.0,1.0
2023-10-24,GS,299.17999267578125,279.83428955078125,1697100.0,0.0,1.0
2023-10-25,AAPL,171.10000610351562,168.81674194335938,57157000.0,0.0,1.0
2023-10-25,AMZN,121.38999938964844,121.38999938964844,74577500.0,0.0,1.0
2023-10-25,BA,177.72999572753906,177.72999572753906,13806400.0,0.0,1.0
2023-10-25,BAC,25.549999237060547,23.777822494506836,45522400.0,0.0,1.0
2023-10-25,CAT,244.94000244140625,236.0447235107422,2542400.0,0.0,1.0
2023-10-25,COST,549.989990234375,528.5562744140625,1757500.0,0.0,1.0
2023-10-25,CVX,155.8699951171875,137.4910888671875,10502400.0,0.0,1.0
2023-10-25,DIS,80.58999633789062,78.13709259033203,9372500.0,0.0,1.0
2023-10-25,GOOGL,125.61000061035156,124.42599487304688,84366200.0,0.0,1.0
2023-10-25,GS,296.760009765625,277.57073974609375,1809300.0,0.0,1.0
2023-10-26,AAPL,166.88999938964844,164.6629180908203,70625300.0,0.0,1.0
2023-10-26,AMZN,119.56999969482422,119.56999969482422,100419500.0,0.0,1.0
2023-10-26,BA,179.08999633789062,179.08999633789062,6961800.0,0.0,1.0
2023-10-26,BAC,26.1200008392334,24.308286666870117,60921000.0,0.0,1.0
2023-10-26,CAT,242.42999267578125,233.62583923339844,3859200.0,0.0,1.0
2023-10-26,COST,547.5999755859375,526.2593383789062,1925300.0,0.0,1.0
2023-10-26,CVX,154.75,136.503173828125,10830400.0,0.0,1.0
2023-10-26,DIS,79.77999877929688,77.35176086425781,11651000.0,0.0,1.0
2023-10-26,GOOGL,122.27999877929688,121.1273956298828,57061100.0,0.0,1.0
2023-10-26,GS,296.989990234375,277.785888671875,2011200.0,0.0,1.0
2023-10-27,AAPL,168.22000122070312,165.97515869140625,58499100.0,0.0,1.0
2023-10-27,AMZN,127.73999786376952,127.73999786376952,125309300.0,0.0,1.0
2023-10-27,BA,179.69000244140625,179.69000244140625,4606300.0,0.0,1.0
2023-10-27,BAC,25.170000076293945,23.424182891845703,64709300.0,0.0,1.0
2023-10-27,CAT,238.55999755859375,229.89637756347656,3229900.0,0.0,1.0
2023-10-27,COST,543.030029296875,521.8674926757812,1503100.0,0.0,1.0
2023-10-27,CVX,144.35000610351562,127.3294677734375,24524300.0,0.0,1.0
2023-10-27,DIS,79.33000183105469,76.91545104980469,10300600.0,0.0,1.0
2023-10-27,GOOGL,122.16999816894533,121.01842498779295,44566500.0,0.0,1.0
2023-10-27,GS,289.9100036621094,271.16363525390625,2601700.0,0.0,1.0
2023-10-30,AAPL,170.2899932861328,168.0175323486328,51131000.0,0.0,1.0
2023-10-30,AMZN,132.7100067138672,132.7100067138672,72485500.0,0.0,1.0
2023-10-30,BA,182.3500061035156,182.3500061035156,5507100.0,0.0,1.0
2023-10-30,BAC,25.690000534057617,23.908111572265625,41891900.0,0.0,1.0
2023-10-30,CAT,242.16000366210935,233.3656463623047,4478300.0,0.0,1.0
2023-10-30,COST,554.8800048828125,533.2557983398438,1696200.0,0.0,1.0
2023-10-30,CVX,146.08999633789062,128.86431884765625,13857100.0,0.0,1.0
2023-10-30,DIS,80.68000030517578,78.22435760498047,10291200.0,0.0,1.0
2023-10-30,GOOGL,124.45999908447266,123.2868423461914,28940100.0,0.0,1.0
2023-10-30,GS,300.8299865722656,281.37750244140625,3065200.0,0.0,1.0
2023-10-31,AAPL,170.77000427246094,168.49114990234375,44846000.0,0.0,1.0
2023-10-31,AMZN,133.08999633789062,133.08999633789062,51589400.0,0.0,1.0
2023-10-31,BA,186.82000732421875,186.82000732421875,5043000.0,0.0,1.0
2023-10-31,BAC,26.34000015258789,24.51302719116211,50106700.0,0.0,1.0
2023-10-31,CAT,226.0500030517578,217.8407287597656,12093300.0,0.0,1.0
2023-10-31,COST,552.4400024414062,530.9108276367188,1394700.0,0.0,1.0
2023-10-31,CVX,145.72999572753906,128.54672241210938,14261300.0,0.0,1.0
2023-10-31,DIS,81.58999633789062,79.1066665649414,8672200.0,0.0,1.0
2023-10-31,GOOGL,124.08000183105467,122.9104232788086,26292300.0,0.0,1.0
2023-10-31,GS,303.6099853515625,283.977783203125,2611000.0,0.0,1.0
2023-11-01,AAPL,173.97000122070312,171.64846801757812,56934900.0,0.0,1.0
2023-11-01,AMZN,137.0,137.0,61529400.0,0.0,1.0
2023-11-01,BA,189.3800048828125,189.3800048828125,5832200.0,0.0,1.0
2023-11-01,BAC,26.399999618530273,24.568866729736328,44046300.0,0.0,1.0
2023-11-01,CAT,231.8300018310547,223.4108123779297,4932800.0,0.0,1.0
2023-11-01,COST,556.7999877929688,535.1008911132812,1735300.0,0.0,1.0
2023-11-01,CVX,143.97999572753906,127.00308227539062,10819600.0,0.0,1.0
2023-11-01,DIS,81.06999969482422,78.60248565673828,9093000.0,0.0,1.0
2023-11-01,GOOGL,126.4499969482422,125.25808715820312,30082400.0,0.0,1.0
2023-11-01,GS,307.1600036621094,287.2982177734375,2345400.0,0.0,1.0
2023-11-02,AAPL,177.57000732421875,175.20040893554688,77334800.0,0.0,1.0
2023-11-02,AMZN,138.07000732421875,138.07000732421875,52236700.0,0.0,1.0
2023-11-02,BA,192.0099945068359,192.0099945068359,4313000.0,0.0,1.0
2023-11-02,BAC,27.6200008392334,25.70424461364746,63278300.0,0.0,1.0
2023-11-02,CAT,239.1199951171875,230.43606567382812,7749900.0,0.0,1.0
2023-11-02,COST,555.969970703125,535.2837524414062,2100600.0,1.02,1.0
2023-11-02,CVX,148.75999450683594,131.219482421875,11099100.0,0.0,1.0
2023-11-02,DIS,83.29000091552734,80.75491333007812,11518500.0,0.0,1.0
2023-11-02,GOOGL,127.48999786376952,126.28827667236328,27124600.0,0.0,1.0
2023-11-02,GS,313.760009765625,293.471435546875,2597000.0,0.0,1.0
2023-11-03,AAPL,176.64999389648438,174.29263305664062,79829200.0,0.0,1.0
2023-11-03,AMZN,138.60000610351562,138.60000610351562,44059800.0,0.0,1.0
2023-11-03,BA,195.0500030517578,195.0500030517578,4485100.0,0.0,1.0
2023-11-03,BAC,28.420000076293945,26.448755264282227,62613600.0,0.0,1.0
2023-11-03,CAT,240.75,232.00686645507812,3929500.0,0.0,1.0
2023-11-03,COST,560.9000244140625,540.0303955078125,1826800.0,0.0,1.0
2023-11-03,CVX,147.61000061035156,130.205078125,13160000.0,0.0,1.0
2023-11-03,DIS,85.06999969482422,82.4807357788086,11331800.0,0.0,1.0
2023-11-03,GOOGL,129.10000610351562,127.88308715820312,26393100.0,0.0,1.0
2023-11-03,GS,327.6199951171875,306.4352111816406,3742000.0,0.0,1.0
2023-11-06,AAPL,179.22999572753906,176.83822631835938,63841300.0,0.0,1.0
2023-11-06,AMZN,139.74000549316406,139.74000549316406,44970400.0,0.0,1.0
2023-11-06,BA,192.9499969482422,192.9499969482422,4222200.0,0.0,1.0
2023-11-06,BAC,28.329999923706055,26.365001678466797,45548000.0,0.0,1.0
2023-11-06,CAT,238.27999877929688,229.6265563964844,2891500.0,0.0,1.0
2023-11-06,COST,569.8200073242188,548.6185302734375,2056900.0,0.0,1.0
2023-11-06,CVX,147.0,129.66702270507812,10634200.0,0.0,1.0
2023-11-06,DIS,84.0199966430664,81.46269989013672,14160900.0,0.0,1.0
2023-11-06,GOOGL,130.25,129.02223205566406,19052700.0,0.0,1.0
2023-11-06,GS,323.9100036621094,302.96514892578125,2087600.0,0.0,1.0
2023-11-07,AAPL,181.82000732421875,179.39366149902344,70530000.0,0.0,1.0
2023-11-07,AMZN,142.7100067138672,142.7100067138672,53553500.0,0.0,1.0
2023-11-07,BA,191.41000366210935,191.41000366210935,4012900.0,0.0,1.0
2023-11-07,BAC,28.15999984741211,26.2067928314209,33081900.0,0.0,1.0
2023-11-07,CAT,234.9199981689453,226.38861083984375,4074000.0,0.0,1.0
2023-11-07,COST,571.27001953125,550.0145263671875,1373100.0,0.0,1.0
2023-11-07,CVX,144.41000366210938,127.38240051269533,15054600.0,0.0,1.0
2023-11-07,DIS,84.58999633789062,82.01535034179688,10540200.0,0.0,1.0
2023-11-07,GOOGL,130.97000122070312,129.7354736328125,29757300.0,0.0,1.0
2023-11-07,GS,323.95001220703125,303.0025329589844,1505000.0,0.0,1.0
2023-11-08,AAPL,182.88999938964844,180.4494171142578,49340300.0,0.0,1.0
2023-11-08,AMZN,142.0800018310547,142.0800018310547,44521700.0,0.0,1.0
2023-11-08,BA,191.8300018310547,191.8300018310547,2984200.0,0.0,1.0
2023-11-08,BAC,27.88999938964844,25.95551872253418,31896000.0,0.0,1.0
2023-11-08,CAT,234.82000732421875,226.292236328125,2532500.0,0.0,1.0
2023-11-08,COST,567.3800048828125,546.269287109375,1343600.0,0.0,1.0
2023-11-08,CVX,142.39999389648438,125.60938262939452,12654100.0,0.0,1.0
2023-11-08,DIS,84.5,81.92809295654297,26942600.0,0.0,1.0
2023-11-08,GOOGL,131.83999633789062,130.59730529785156,26425800.0,0.0,1.0
2023-11-08,GS,324.55999755859375,303.5730895996094,1484400.0,0.0,1.0
2023-11-09,AAPL,182.41000366210935,179.97579956054688,53763500.0,0.0,1.0
2023-11-09,AMZN,140.60000610351562,140.60000610351562,36235400.0,0.0,1.0
2023-11-09,BA,193.3300018310547,193.3300018310547,4576300.0,0.0,1.0
2023-11-09,BAC,27.530000686645508,25.62048721313477,32267900.0,0.0,1.0
2023-11-09,CAT,234.1499938964844,225.6465301513672,2708800.0,0.0,1.0
2023-11-09,COST,563.27001953125,542.3120727539062,1288400.0,0.0,1.0
2023-11-09,CVX,141.94000244140625,125.20364379882812,10359500.0,0.0,1.0
2023-11-09,DIS,90.33999633789062,87.59033203125,51062700.0,0.0,1.0
2023-11-09,GOOGL,130.24000549316406,129.01234436035156,23747800.0,0.0,1.0
2023-11-09,GS,320.7799987792969,300.0375061035156,1787900.0,0.0,1.0
2023-11-10,AAPL,186.3999938964844,184.1548614501953,66133400.0,0.24,1.0
2023-11-10,AMZN,143.55999755859375,143.55999755859375,49287800.0,0.0,1.0
2023-11-10,BA,196.6499938964844,196.6499938964844,4788500.0,0.0,1.0
2023-11-10,BAC,27.68000030517578,25.760082244873047,32858500.0,0.0,1.0
2023-11-10,CAT,239.67999267578125,230.97572326660156,2525200.0,0.0,1.0
2023-11-10,COST,577.1199951171875,555.6467895507812,1908800.0,0.0,1.0
2023-11-10,CVX,142.9499969482422,126.09457397460938,11988200.0,0.0,1.0
2023-11-10,DIS,88.2699966430664,85.58333587646484,25175700.0,0.0,1.0
2023-11-10,GOOGL,132.58999633789062,131.3402099609375,26913300.0,0.0,1.0
2023-11-10,GS,325.510009765625,304.4616394042969,1781400.0,0.0,1.0
2023-11-13,AAPL,184.8000030517578,182.5741271972656,43627500.0,0.0,1.0
2023-11-13,AMZN,142.58999633789062,142.58999633789062,35680600.0,0.0,1.0
2023-11-13,BA,204.5399932861328,204.5399932861328,13040300.0,0.0,1.0
2023-11-13,BAC,27.700000762939453,25.778697967529297,28521800.0,0.0,1.0
2023-11-13,CAT,241.6699981689453,232.89344787597656,3035700.0,0.0,1.0
2023-11-13,COST,578.22998046875,556.715576171875,1650700.0,0.0,1.0
2023-11-13,CVX,144.0,127.02073669433594,8747700.0,0.0,1.0
2023-11-13,DIS,89.44000244140625,86.71772766113281,12834400.0,0.0,1.0
2023-11-13,GOOGL,132.08999633789062,130.8449249267578,18324800.0,0.0,1.0
2023-11-13,GS,326.9100036621094,305.7711181640625,1403300.0,0.0,1.0
2023-11-14,AAPL,187.44000244140625,185.18231201171875,60108400.0,0.0,1.0
2023-11-14,AMZN,145.8000030517578,145.8000030517578,56674600.0,0.0,1.0
2023-11-14,BA,207.47000122070312,207.47000122070312,7280100.0,0.0,1.0
2023-11-14,BAC,29.219999313354492,27.193265914916992,66676300.0,0.0,1.0
2023-11-14,CAT,247.86000061035156,238.8586578369141,3441800.0,0.0,1.0
2023-11-14,COST,590.7999877929688,568.81787109375,2037600.0,0.0,1.0
2023-11-14,CVX,145.0500030517578,127.94694519042967,11224400.0,0.0,1.0
2023-11-14,DIS,91.06999969482422,88.2981185913086,13152000.0,0.0,1.0
2023-11-14,GOOGL,133.6199951171875,132.36048889160156,32395200.0,0.0,1.0
2023-11-14,GS,338.7200012207031,316.8174743652344,3592700.0,0.0,1.0
2023-11-15,AAPL,188.0099945068359,185.7454376220703,53790500.0,0.0,1.0
2023-11-15,AMZN,143.1999969482422,143.1999969482422,63875700.0,0.0,1.0
2023-11-15,BA,208.7100067138672,208.7100067138672,5205900.0,0.0,1.0
2023-11-15,BAC,29.6200008392334,27.56552505493164,46968900.0,0.0,1.0
2023-11-15,CAT,251.08999633789065,241.97132873535156,3739900.0,0.0,1.0
2023-11-15,COST,596.780029296875,574.575439453125,2165100.0,0.0,1.0
2023-11-15,CVX,145.55999755859375,128.3968048095703,10052100.0,0.0,1.0
2023-11-15,DIS,93.93000030517578,91.0710678100586,20593100.0,0.0,1.0
2023-11-15,GOOGL,134.6199951171875,133.35105895996094,23861500.0,0.0,1.0
2023-11-15,GS,337.6000061035156,315.76983642578125,2534500.0,0.0,1.0
2023-11-16,AAPL,189.7100067138672,187.4249725341797,54412900.0,0.0,1.0
2023-11-16,AMZN,142.8300018310547,142.8300018310547,49653500.0,0.0,1.0
2023-11-16,BA,206.6000061035156,206.6000061035156,4655100.0,0.0,1.0
2023-11-16,BAC,29.540000915527344,27.491071701049805,36952800.0,0.0,1.0
2023-11-16,CAT,248.2100067138672,239.1959686279297,2625000.0,0.0,1.0
2023-11-16,COST,578.5800170898438,557.0525512695312,2954700.0,0.0,1.0
2023-11-16,CVX,141.77000427246094,126.36456298828124,14031300.0,1.51,1.0
2023-11-16,DIS,94.51000213623048,91.63341522216795,12923900.0,0.0,1.0
2023-11-16,GOOGL,136.92999267578125,135.6392822265625,28013200.0,0.0,1.0
2023-11-16,GS,336.6700134277344,314.9000244140625,1620400.0,0.0,1.0
2023-11-17,AAPL,189.69000244140625,187.40525817871097,50922700.0,0.0,1.0
2023-11-17,AMZN,145.17999267578125,145.17999267578125,49636700.0,0.0,1.0
2023-11-17,BA,208.0399932861328,208.0399932861328,3564600.0,0.0,1.0
2023-11-17,BAC,29.979999542236328,27.900556564331055,38493300.0,0.0,1.0
2023-11-17,CAT,253.07000732421875,243.8794403076172,2792500.0,0.0,1.0
2023-11-17,COST,577.1500244140625,555.6758422851562,1773600.0,0.0,1.0
2023-11-17,CVX,144.4600067138672,128.7622528076172,11075600.0,0.0,1.0
2023-11-17,DIS,94.1500015258789,91.28437042236328,12189300.0,0.0,1.0
2023-11-17,GOOGL,135.30999755859375,134.03456115722656,37240600.0,0.0,1.0
2023-11-17,GS,339.19000244140625,317.257080078125,1465200.0,0.0,1.0
2023-11-20,AAPL,191.4499969482422,189.14402770996097,46505100.0,0.0,1.0
2023-11-20,AMZN,146.1300048828125,146.1300048828125,41951200.0,0.0,1.0
2023-11-20,BA,217.7100067138672,217.7100067138672,11568100.0,0.0,1.0
2023-11-20,BAC,30.010000228881836,27.928476333618164,46783400.0,0.0,1.0
2023-11-20,CAT,250.4499969482422,241.35459899902344,2661400.0,0.0,1.0
2023-11-20,COST,580.7999877929688,559.1898803710938,1624100.0,0.0,1.0
2023-11-20,CVX,144.3800048828125,128.69091796875,8062400.0,0.0,1.0
2023-11-20,DIS,95.02999877929688,92.13758850097656,14105300.0,0.0,1.0
2023-11-20,GOOGL,136.25,134.9656982421875,27815500.0,0.0,1.0
2023-11-20,GS,339.45001220703125,317.5002136230469,3146000.0,0.0,1.0
2023-11-21,AAPL,190.63999938964844,188.3437957763672,38134500.0,0.0,1.0
2023-11-21,AMZN,143.89999389648438,143.89999389648438,71226000.0,0.0,1.0
2023-11-21,BA,218.27000427246097,218.27000427246097,5362100.0,0.0,1.0
2023-11-21,BAC,29.65999984741211,27.60274887084961,41611900.0,0.0,1.0
2023-11-21,CAT,249.41000366210935,240.3523712158203,1765500.0,0.0,1.0
2023-11-21,COST,584.2999877929688,562.5596313476562,1173700.0,0.0,1.0
2023-11-21,CVX,144.0399932861328,128.3878936767578,6783300.0,0.0,1.0
2023-11-21,DIS,94.4499969482422,91.57523345947266,7654800.0,0.0,1.0
2023-11-21,GOOGL,136.97000122070312,135.6789093017578,22635300.0,0.0,1.0
2023-11-21,GS,334.9700012207031,313.3099365234375,1900900.0,0.0,1.0
2023-11-22,AAPL,191.30999755859375,189.00572204589844,39617700.0,0.0,1.0
2023-11-22,AMZN,146.7100067138672,146.7100067138672,45669100.0,0.0,1.0
2023-11-22,BA,219.91000366210935,219.91000366210935,5384400.0,0.0,1.0
2023-11-22,BAC,29.6299991607666,27.57482528686523,41422700.0,0.0,1.0
2023-11-22,CAT,246.0099945068359,237.07582092285156,3593700.0,0.0,1.0
2023-11-22,COST,589.0800170898438,567.161865234375,1068600.0,0.0,1.0
2023-11-22,CVX,144.3300018310547,128.64637756347656,7216100.0,0.0,1.0
2023-11-22,DIS,95.06999969482422,92.1763687133789,7328200.0,0.0,1.0
2023-11-22,GOOGL,138.49000549316406,137.18460083007812,17813900.0,0.0,1.0
2023-11-22,GS,338.6400146484375,316.7426452636719,1235200.0,0.0,1.0
2023-11-24,AAPL,189.97000122070312,187.68185424804688,24048300.0,0.0,1.0
2023-11-24,AMZN,146.74000549316406,146.74000549316406,22378400.0,0.0,1.0
2023-11-24,BA,220.0,220.0,2312100.0,0.0,1.0
2023-11-24,BAC,29.729999542236328,27.66789436340332,15815600.0,0.0,1.0
2023-11-24,CAT,247.36000061035156,238.37681579589844,982200.0,0.0,1.0
2023-11-24,COST,591.3599853515625,569.3569946289062,645800.0,0.0,1.0
2023-11-24,CVX,144.89999389648438,129.1544189453125,3861000.0,0.0,1.0
2023-11-24,DIS,96.05999755859376,93.13623046875,5440500.0,0.0,1.0
2023-11-24,GOOGL,136.69000244140625,135.40155029296875,12514300.0,0.0,1.0
2023-11-24,GS,339.1499938964844,317.2197265625,460100.0,0.0,1.0
2023-11-27,AAPL,189.7899932861328,187.50401306152344,40552600.0,0.0,1.0
2023-11-27,AMZN,147.72999572753906,147.72999572753906,53762400.0,0.0,1.0
2023-11-27,BA,219.3000030517578,219.3000030517578,3691200.0,0.0,1.0
2023-11-27,BAC,29.559999465942383,27.509681701660156,42039500.0,0.0,1.0
2023-11-27,CAT,247.38999938964844,238.40573120117188,1743300.0,0.0,1.0
2023-11-27,COST,594.9000244140625,572.7652587890625,1627400.0,0.0,1.0
2023-11-27,CVX,144.36000061035156,128.67311096191406,9850800.0,0.0,1.0
2023-11-27,DIS,95.16999816894533,92.27333068847656,11049500.0,0.0,1.0
2023-11-27,GOOGL,136.41000366210938,135.12420654296875,23436500.0,0.0,1.0
2023-11-27,GS,337.7099914550781,315.87274169921875,1250500.0,0.0,1.0
2023-11-28,AAPL,190.3999938964844,188.1066741943359,38415400.0,0.0,1.0
2023-11-28,AMZN,147.02999877929688,147.02999877929688,42711700.0,0.0,1.0
2023-11-28,BA,222.3699951171875,222.3699951171875,7817800.0,0.0,1.0
2023-11-28,BAC,29.530000686645508,27.48176383972168,29705800.0,0.0,1.0
2023-11-28,CAT,247.5,238.51174926757812,2149900.0,0.0,1.0
2023-11-28,COST,594.0,571.8988037109375,1286800.0,0.0,1.0
2023-11-28,CVX,145.50999450683594,129.6981201171875,9746500.0,0.0,1.0
2023-11-28,DIS,92.5,89.6845932006836,18660300.0,0.0,1.0
2023-11-28,GOOGL,137.1999969482422,135.90675354003906,18730000.0,0.0,1.0
2023-11-28,GS,337.6499938964844,315.8166198730469,1419000.0,0.0,1.0
2023-11-29,AAPL,189.3699951171875,187.08908081054688,43014200.0,0.0,1.0
2023-11-29,AMZN,146.32000732421875,146.32000732421875,40610900.0,0.0,1.0
2023-11-29,BA,224.42999267578125,224.42999267578125,5424400.0,0.0,1.0
2023-11-29,BAC,30.309999465942383,28.20766258239746,57954900.0,0.0,1.0
2023-11-29,CAT,249.4499969482422,240.3909454345703,2224700.0,0.0,1.0
2023-11-29,COST,587.8599853515625,565.9873046875,1319800.0,0.0,1.0
2023-11-29,CVX,143.91000366210938,128.27200317382812,16417100.0,0.0,1.0
2023-11-29,DIS,92.5,89.6845932006836,13857000.0,0.0,1.0
2023-11-29,GOOGL,134.99000549316406,133.7176055908203,23967200.0,0.0,1.0
2023-11-29,GS,340.260009765625,320.8712463378906,2038100.0,2.75,1.0
2023-11-30,AAPL,189.9499969482422,187.662109375,48794400.0,0.0,1.0
2023-11-30,AMZN,146.08999633789062,146.08999633789062,65814000.0,0.0,1.0
2023-11-30,BA,231.6300048828125,231.6300048828125,8736200.0,0.0,1.0
2023-11-30,BAC,30.489999771118164,28.601652145385746,52547700.0,0.24,1.0
2023-11-30,CAT,250.72000122070312,241.6147918701172,3210500.0,0.0,1.0
2023-11-30,COST,592.739990234375,570.685546875,1755200.0,0.0,1.0
2023-11-30,CVX,143.60000610351562,127.9957046508789,16276000.0,0.0,1.0
2023-11-30,DIS,92.69000244140624,89.86882019042969,13396700.0,0.0,1.0
2023-11-30,GOOGL,132.52999877929688,131.28076171875,38988300.0,0.0,1.0
2023-11-30,GS,341.5400085449219,322.07830810546875,1903600.0,0.0,1.0
2023-12-01,AAPL,191.2400054931641,188.93658447265625,45704800.0,0.0,1.0
2023-12-01,AMZN,147.02999877929688,147.02999877929688,39951800.0,0.0,1.0
2023-12-01,BA,233.8699951171875,233.8699951171875,6956200.0,0.0,1.0
2023-12-01,BAC,30.959999084472656,29.042545318603516,46133300.0,0.0,1.0
2023-12-01,CAT,256.760009765625,247.4354705810547,3731500.0,0.0,1.0
2023-12-01,COST,596.25,574.0650634765625,1475300.0,0.0,1.0
2023-12-01,CVX,144.80999755859375,129.07418823242188,11906500.0,0.0,1.0
2023-12-01,DIS,92.58000183105467,89.76216125488281,11898200.0,0.0,1.0
2023-12-01,GOOGL,131.86000061035156,130.61708068847656,31442300.0,0.0,1.0
2023-12-01,GS,348.42999267578125,328.5756530761719,3623300.0,0.0,1.0
2023-12-04,AAPL,189.42999267578125,187.1483459472656,43389500.0,0.0,1.0
2023-12-04,AMZN,144.83999633789062,144.83999633789062,48294200.0,0.0,1.0
2023-12-04,BA,234.8699951171875,234.8699951171875,5228500.0,0.0,1.0
2023-12-04,BAC,30.81999969482422,28.91121482849121,37811300.0,0.0,1.0
2023-12-04,CAT,254.75,245.4984436035156,3028700.0,0.0,1.0
2023-12-04,COST,599.0800170898438,576.789794921875,1624000.0,0.0,1.0
2023-12-04,CVX,144.8699951171875,129.127685546875,11842800.0,0.0,1.0
2023-12-04,DIS,92.01000213623048,89.20951080322266,12602800.0,0.0,1.0
2023-12-04,GOOGL,129.27000427246094,128.051513671875,36669900.0,0.0,1.0
2023-12-04,GS,349.3900146484375,329.4809875488281,2178100.0,0.0,1.0
2023-12-05,AAPL,193.4199981689453,191.09030151367188,66628400.0,0.0,1.0
2023-12-05,AMZN,146.8800048828125,146.8800048828125,46822400.0,0.0,1.0
2023-12-05,BA,234.16000366210935,234.16000366210935,3589800.0,0.0,1.0
2023-12-05,BAC,30.579999923706055,28.686079025268555,45723100.0,0.0,1.0
2023-12-05,CAT,255.19000244140625,245.92247009277344,2682200.0,0.0,1.0
2023-12-05,COST,605.3499755859375,582.8263549804688,2349700.0,0.0,1.0
2023-12-05,CVX,142.86000061035156,127.33609008789062,9597600.0,0.0,1.0
2023-12-05,DIS,90.79000091552734,88.02664947509766,12357000.0,0.0,1.0
2023-12-05,GOOGL,130.99000549316406,129.75527954101562,27384800.0,0.0,1.0
2023-12-05,GS,341.75,322.2763671875,2429700.0,0.0,1.0
2023-12-06,AAPL,192.32000732421875,190.00355529785156,41089700.0,0.0,1.0
2023-12-06,AMZN,144.52000427246094,144.52000427246094,39679000.0,0.0,1.0
2023-12-06,BA,236.88999938964844,236.88999938964844,4740600.0,0.0,1.0
2023-12-06,BAC,30.530000686645508,28.639175415039062,49803100.0,0.0,1.0
2023-12-06,CAT,255.97000122070312,246.6741485595703,3632600.0,0.0,1.0
2023-12-06,COST,607.4299926757812,584.8290405273438,2233900.0,0.0,1.0
2023-12-06,CVX,142.52999877929688,127.0419692993164,18079700.0,0.0,1.0
2023-12-06,DIS,91.5,88.71502685546875,10462000.0,0.0,1.0
2023-12-06,GOOGL,130.02000427246094,128.79443359375,23576200.0,0.0,1.0
2023-12-06,GS,341.9700012207031,322.4837951660156,1869300.0,0.0,1.0
2023-12-07,AAPL,194.27000427246097,191.9300842285156,47477700.0,0.0,1.0
2023-12-07,AMZN,146.8800048828125,146.8800048828125,52352800.0,0.0,1.0
2023-12-07,BA,237.3300018310547,237.3300018310547,6363700.0,0.0,1.0
2023-12-07,BAC,30.65999984741211,28.761125564575195,32699600.0,0.0,1.0
2023-12-07,CAT,257.4100036621094,248.06185913085935,2162500.0,0.0,1.0
2023-12-07,COST,610.9500122070312,588.2182006835938,1690400.0,0.0,1.0
2023-12-07,CVX,142.4199981689453,126.94390869140624,14786700.0,0.0,1.0
2023-12-07,DIS,92.3499984741211,89.53915405273438,10264700.0,0.0,1.0
2023-12-07,GOOGL,136.92999267578125,135.6392822265625,56767100.0,0.0,1.0
2023-12-07,GS,344.6199951171875,324.9827575683594,2162400.0,0.0,1.0
2023-12-08,AAPL,195.7100067138672,193.35275268554688,53406400.0,0.0,1.0
2023-12-08,AMZN,147.4199981689453,147.4199981689453,41906000.0,0.0,1.0
2023-12-08,BA,244.6999969482422,244.6999969482422,7171200.0,0.0,1.0
2023-12-08,BAC,30.959999084472656,29.042545318603516,34794300.0,0.0,1.0
2023-12-08,CAT,259.5,250.0759429931641,3258200.0,0.0,1.0
2023-12-08,COST,610.780029296875,588.054443359375,1502100.0,0.0,1.0
2023-12-08,CVX,144.30999755859375,128.62852478027344,10821700.0,0.0,1.0
2023-12-08,DIS,92.81999969482422,90.28815460205078,9498200.0,0.3,1.0
2023-12-08,GOOGL,134.99000549316406,133.7176055908203,32260100.0,0.0,1.0
2023-12-08,GS,350.8299865722656,330.8388977050781,2238800.0,0.0,1.0
2023-12-11,AAPL,193.17999267578125,190.8531951904297,60943700.0,0.0,1.0
2023-12-11,AMZN,145.88999938964844,145.88999938964844,50907300.0,0.0,1.0
2023-12-11,BA,248.0800018310547,248.0800018310547,7545000.0,0.0,1.0
2023-12-11,BAC,30.850000381469727,28.939355850219727,32254000.0,0.0,1.0
2023-12-11,CAT,260.9200134277344,251.44436645507812,2898300.0,0.0,1.0
2023-12-11,COST,623.8599853515625,600.6478271484375,2139300.0,0.0,1.0
2023-12-11,CVX,144.35000610351562,128.66419982910156,9849600.0,0.0,1.0
2023-12-11,DIS,92.1999969482422,89.68506622314453,10811000.0,0.0,1.0
2023-12-11,GOOGL,133.2899932861328,132.03358459472656,31138000.0,0.0,1.0
2023-12-11,GS,351.760009765625,331.7159423828125,1636000.0,0.0,1.0
2023-12-12,AAPL,194.7100067138672,192.36476135253903,52696900.0,0.0,1.0
2023-12-12,AMZN,147.47999572753906,147.47999572753906,44944300.0,0.0,1.0
2023-12-12,BA,248.6300048828125,248.6300048828125,5719200.0,0.0,1.0
2023-12-12,BAC,30.739999771118164,28.836170196533203,34566700.0,0.0,1.0
2023-12-12,CAT,261.42999267578125,251.93582153320312,2375700.0,0.0,1.0
2023-12-12,COST,629.5,606.0778198242188,2374400.0,0.0,1.0
2023-12-12,CVX,142.5,127.01521301269533,9863900.0,0.0,1.0
2023-12-12,DIS,91.06999969482422,88.58588409423828,13218400.0,0.0,1.0
2023-12-12,GOOGL,132.52000427246094,131.27088928222656,29032800.0,0.0,1.0
2023-12-12,GS,352.6099853515625,332.5174255371094,1597600.0,0.0,1.0
2023-12-13,AAPL,197.9600067138672,195.5756378173828,70404200.0,0.0,1.0
2023-12-13,AMZN,148.83999633789062,148.83999633789062,52766200.0,0.0,1.0
2023-12-13,BA,250.91000366210935,250.91000366210935,5513400.0,0.0,1.0
2023-12-13,BAC,32.040000915527344,30.055654525756836,60311100.0,0.0,1.0
2023-12-13,CAT,267.9700012207031,258.2383117675781,3708300.0,0.0,1.0
2023-12-13,COST,642.0,618.1128540039062,2436900.0,0.0,1.0
2023-12-13,CVX,144.61000061035156,128.89593505859375,10641300.0,0.0,1.0
2023-12-13,DIS,92.83000183105467,90.29788970947266,10173200.0,0.0,1.0
2023-12-13,GOOGL,132.57000732421875,131.32037353515625,30104800.0,0.0,1.0
2023-12-13,GS,362.7300109863281,342.0608215332031,2876500.0,0.0,1.0
2023-12-14,AAPL,198.11000061035156,195.72381591796875,66831600.0,0.0,1.0
2023-12-14,AMZN,147.4199981689453,147.4199981689453,58400800.0,0.0,1.0
2023-12-14,BA,256.239990234375,256.239990234375,7883600.0,0.0,1.0
2023-12-14,BAC,33.939998626708984,31.837980270385746,107190000.0,0.0,1.0
2023-12-14,CAT,285.1700134277344,274.8136901855469,6464100.0,0.0,1.0
2023-12-14,COST,630.780029296875,607.3104248046875,3839200.0,0.0,1.0
2023-12-14,CVX,149.92999267578125,133.63784790039062,14960500.0,0.0,1.0
2023-12-14,DIS,93.94000244140624,91.37760925292967,12439300.0,0.0,1.0
2023-12-14,GOOGL,131.94000244140625,130.6963348388672,38722400.0,0.0,1.0
2023-12-14,GS,383.4700012207031,361.6189880371094,5376300.0,0.0,1.0
2023-12-15,AAPL,197.57000732421875,195.1903381347656,128538400.0,0.0,1.0
2023-12-15,AMZN,149.97000122070312,149.97000122070312,110089300.0,0.0,1.0
2023-12-15,BA,264.2699890136719,264.2699890136719,14995900.0,0.0,1.0
2023-12-15,BAC,33.599998474121094,31.5190372467041,83771800.0,0.0,1.0
2023-12-15,CAT,285.739990234375,275.3630065917969,7321200.0,0.0,1.0
2023-12-15,COST,658.8200073242188,634.306884765625,8807700.0,0.0,1.0
2023-12-15,CVX,149.35000610351562,133.12088012695312,30850900.0,0.0,1.0
2023-12-15,DIS,93.45999908447266,90.91069793701172,17551600.0,0.0,1.0
2023-12-15,GOOGL,132.60000610351562,131.35012817382812,50847100.0,0.0,1.0
2023-12-15,GS,380.510009765625,358.82769775390625,4522300.0,0.0,1.0
2023-12-18,AAPL,195.88999938964844,193.53054809570312,55751900.0,0.0,1.0
2023-12-18,AMZN,154.07000732421875,154.07000732421875,62512800.0,0.0,1.0
2023-12-18,BA,260.4100036621094,260.4100036621094,6140100.0,0.0,1.0
2023-12-18,BAC,33.43000030517578,31.35956573486328,40694700.0,0.0,1.0
2023-12-18,CAT,285.7099914550781,275.3341064453125,2691700.0,0.0,1.0
2023-12-18,COST,681.239990234375,655.8927612304688,5733400.0,0.0,1.0
2023-12-18,CVX,149.67999267578125,133.41500854492188,11561700.0,0.0,1.0
2023-12-18,DIS,92.86000061035156,90.32706451416016,9083600.0,0.0,1.0
2023-12-18,GOOGL,135.8000030517578,134.51995849609375,32258000.0,0.0,1.0
2023-12-18,GS,376.3999938964844,354.95184326171875,2740900.0,0.0,1.0
2023-12-19,AAPL,196.94000244140625,194.56787109375,40714100.0,0.0,1.0
2023-12-19,AMZN,153.7899932861328,153.7899932861328,43171300.0,0.0,1.0
2023-12-19,BA,263.510009765625,263.510009765625,6089500.0,0.0,1.0
2023-12-19,BAC,33.5099983215332,31.43460464477539,44534800.0,0.0,1.0
2023-12-19,CAT,292.9599914550781,282.3207702636719,3659600.0,0.0,1.0
2023-12-19,COST,677.739990234375,652.5230102539062,3437300.0,0.0,1.0
2023-12-19,CVX,151.63999938964844,135.16204833984375,8738100.0,0.0,1.0
2023-12-19,DIS,93.93000030517578,91.3678741455078,8804000.0,0.0,1.0
2023-12-19,GOOGL,136.64999389648438,135.3619384765625,25476800.0,0.0,1.0
2023-12-19,GS,382.4500122070313,360.65716552734375,2091800.0,0.0,1.0
2023-12-20,AAPL,194.8300018310547,192.4833068847656,52242800.0,0.0,1.0
2023-12-20,AMZN,152.1199951171875,152.1199951171875,50322100.0,0.0,1.0
2023-12-20,BA,260.25,260.25,5151700.0,0.0,1.0
2023-12-20,BAC,32.97999954223633,30.937437057495117,44711400.0,0.0,1.0
2023-12-20,CAT,289.7099914550781,279.1888122558594,3818400.0,0.0,1.0
2023-12-20,COST,661.0,636.4058837890625,3782700.0,0.0,1.0
2023-12-20,CVX,150.25,133.92308044433594,9370000.0,0.0,1.0
2023-12-20,DIS,91.2699966430664,88.78044128417969,13060600.0,0.0,1.0
2023-12-20,GOOGL,138.33999633789062,137.03598022460938,49107200.0,0.0,1.0
2023-12-20,GS,377.5199890136719,356.008056640625,1836500.0,0.0,1.0
2023-12-21,AAPL,194.67999267578125,192.33511352539065,46482500.0,0.0,1.0
2023-12-21,AMZN,153.83999633789062,153.83999633789062,36305700.0,0.0,1.0
2023-12-21,BA,262.0199890136719,262.0199890136719,6487200.0,0.0,1.0
2023-12-21,BAC,33.20000076293945,31.143815994262695,32325700.0,0.0,1.0
2023-12-21,CAT,290.07000732421875,279.5357971191406,3209300.0,0.0,1.0
2023-12-21,COST,665.1599731445312,640.4111938476562,2388400.0,0.0,1.0
2023-12-21,CVX,150.7100067138672,134.33309936523438,7264700.0,0.0,1.0
2023-12-21,DIS,92.0199966430664,89.50997924804688,13037200.0,0.0,1.0
2023-12-21,GOOGL,140.4199981689453,139.09640502929688,27488300.0,0.0,1.0
2023-12-21,GS,380.5700073242187,358.88427734375,1301600.0,0.0,1.0
2023-12-22,AAPL,193.6000061035156,191.26812744140625,37149600.0,0.0,1.0
2023-12-22,AMZN,153.4199981689453,153.4199981689453,29514100.0,0.0,1.0
2023-12-22,BA,260.44000244140625,260.44000244140625,4434000.0,0.0,1.0
2023-12-22,BAC,33.43000030517578,31.35956573486328,37265900.0,0.0,1.0
2023-12-22,CAT,290.3599853515625,279.81512451171875,2833800.0,0.0,1.0
2023-12-22,COST,671.5999755859375,646.611572265625,1641700.0,0.0,1.0
2023-12-22,CVX,151.0500030517578,134.63609313964844,6396100.0,0.0,1.0
2023-12-22,DIS,91.0199966430664,88.5372543334961,9419800.0,0.0,1.0
2023-12-22,GOOGL,141.49000549316406,140.1563262939453,26532200.0,0.0,1.0
2023-12-22,GS,380.6499938964844,358.9597473144531,1538200.0,0.0,1.0
2023-12-26,AAPL,193.0500030517578,190.72476196289065,28919300.0,0.0,1.0
2023-12-26,AMZN,153.41000366210938,153.41000366210938,25067200.0,0.0,1.0
2023-12-26,BA,262.7900085449219,262.7900085449219,3938600.0,0.0,1.0
2023-12-26,BAC,33.86000061035156,31.762935638427734,24845400.0,0.0,1.0
2023-12-26,CAT,295.6300048828125,284.893798828125,2019000.0,0.0,1.0
2023-12-26,COST,674.6199951171875,649.5191040039062,1774800.0,0.0,1.0
2023-12-26,CVX,152.41000366210938,135.84835815429688,5165600.0,0.0,1.0
2023-12-26,DIS,90.9499969482422,88.46916198730469,8086900.0,0.0,1.0
2023-12-26,GOOGL,141.52000427246094,140.18603515625,16780300.0,0.0,1.0
2023-12-26,GS,381.6099853515625,359.864990234375,837300.0,0.0,1.0
2023-12-27,AAPL,193.1499938964844,190.8235626220703,48087700.0,0.0,1.0
2023-12-27,AMZN,153.33999633789062,153.33999633789062,31434700.0,0.0,1.0
2023-12-27,BA,262.1000061035156,262.1000061035156,3484900.0,0.0,1.0
2023-12-27,BAC,33.84000015258789,31.744171142578125,24498600.0,0.0,1.0
2023-12-27,CAT,298.1199951171875,287.29339599609375,1876500.0,0.0,1.0
2023-12-27,COST,666.7999877929688,656.589111328125,1875900.0,15.0,1.0
2023-12-27,CVX,151.91000366210938,135.4027099609375,5337200.0,0.0,1.0
2023-12-27,DIS,90.37999725341795,87.91471099853516,11123500.0,0.0,1.0
2023-12-27,GOOGL,140.3699951171875,139.04685974121094,19628600.0,0.0,1.0
2023-12-27,GS,384.4800109863281,362.5714721679687,1367200.0,0.0,1.0
2023-12-28,AAPL,193.5800018310547,191.24838256835935,34049900.0,0.0,1.0
2023-12-28,AMZN,153.3800048828125,153.3800048828125,27057000.0,0.0,1.0
2023-12-28,BA,260.3500061035156,260.3500061035156,5096400.0,0.0,1.0
2023-12-28,BAC,33.880001068115234,31.781694412231445,21799600.0,0.0,1.0
2023-12-28,CAT,296.8800048828125,286.0984191894531,2267400.0,0.0,1.0
2023-12-28,COST,663.0999755859375,652.9457397460938,1496900.0,0.0,1.0
2023-12-28,CVX,149.77000427246094,133.49522399902344,8148000.0,0.0,1.0
2023-12-28,DIS,90.4000015258789,87.93415832519531,8479600.0,0.0,1.0
2023-12-28,GOOGL,140.22999572753906,138.9081573486328,16045700.0,0.0,1.0
2023-12-28,GS,386.4100036621094,364.3915100097656,1024700.0,0.0,1.0
2023-12-29,AAPL,192.52999877929688,190.21099853515625,42672100.0,0.0,1.0
2023-12-29,AMZN,151.94000244140625,151.94000244140625,39823200.0,0.0,1.0
2023-12-29,BA,260.6600036621094,260.6600036621094,3686600.0,0.0,1.0
2023-12-29,BAC,33.66999816894531,31.58470344543457,28060700.0,0.0,1.0
2023-12-29,CAT,295.6700134277344,284.932373046875,2300600.0,0.0,1.0
2023-12-29,COST,660.0800170898438,649.9720458984375,1947500.0,0.0,1.0
2023-12-29,CVX,149.16000366210938,132.95150756835938,7658600.0,0.0,1.0
2023-12-29,DIS,90.29000091552734,87.8271713256836,9211000.0,0.0,1.0
2023-12-29,GOOGL,139.69000244140625,138.37330627441406,18733000.0,0.0,1.0
2023-12-29,GS,385.7699890136719,363.7879333496094,881300.0,0.0,1.0
2024-01-02,AAPL,185.63999938964844,183.4040069580078,82488700.0,0.0,1.0
2024-01-02,AMZN,149.92999267578125,149.92999267578125,47339400.0,0.0,1.0
2024-01-02,BA,251.7599945068359,251.7599945068359,5815200.0,0.0,1.0
2024-01-02,BAC,33.900001525878906,31.800464630126953,36668600.0,0.0,1.0
2024-01-02,CAT,292.7099914550781,282.0798034667969,2433100.0,0.0,1.0
2024-01-02,COST,650.6500244140625,640.6864624023438,2657700.0,0.0,1.0
2024-01-02,CVX,149.47999572753906,133.2367401123047,8879700.0,0.0,1.0
2024-01-02,DIS,90.70999908447266,88.23571014404297,10587600.0,0.0,1.0
2024-01-02,GOOGL,138.1699981689453,136.86761474609375,23711200.0,0.0,1.0
2024-01-02,GS,388.2999877929687,366.1737976074219,2263100.0,0.0,1.0
2024-01-03,AAPL,184.25,182.03076171875,58414500.0,0.0,1.0
2024-01-03,AMZN,148.47000122070312,148.47000122070312,49425500.0,0.0,1.0
2024-01-03,BA,243.91000366210935,243.91000366210935,7219900.0,0.0,1.0
2024-01-03,BAC,33.529998779296875,31.453372955322266,45988700.0,0.0,1.0
2024-01-03,CAT,284.29998779296875,273.9752502441406,3043400.0,0.0,1.0
2024-01-03,COST,644.6900024414062,634.8177490234375,2612600.0,0.0,1.0
2024-01-03,CVX,152.3300018310547,135.77703857421875,10255300.0,0.0,1.0
2024-01-03,DIS,91.6500015258789,89.15007781982422,11929800.0,0.0,1.0
2024-01-03,GOOGL,138.9199981689453,137.6105499267578,24212100.0,0.0,1.0
2024-01-03,GS,381.7900085449219,360.0347900390625,2265300.0,0.0,1.0
2024-01-04,AAPL,181.91000366210935,179.7189483642578,71983600.0,0.0,1.0
2024-01-04,AMZN,144.57000732421875,144.57000732421875,56039800.0,0.0,1.0
2024-01-04,BA,244.94000244140625,244.94000244140625,5170700.0,0.0,1.0
2024-01-04,BAC,33.79999923706055,31.70665168762207,39834600.0,0.0,1.0
2024-01-04,CAT,286.1000061035156,275.70989990234375,2995400.0,0.0,1.0
2024-01-04,COST,648.3499755859375,638.4217529296875,2171100.0,0.0,1.0
2024-01-04,CVX,150.66000366210938,134.28851318359375,8220300.0,0.0,1.0
2024-01-04,DIS,90.55999755859376,88.08979797363281,12087400.0,0.0,1.0
2024-01-04,GOOGL,136.38999938964844,135.10440063476562,27137700.0,0.0,1.0
2024-01-04,GS,382.9500122070313,361.128662109375,1618300.0,0.0,1.0
2024-01-05,AAPL,181.17999267578125,178.99771118164062,62379700.0,0.0,1.0
2024-01-05,AMZN,145.24000549316406,145.24000549316406,45153100.0,0.0,1.0
2024-01-05,BA,249.0,249.0,3849700.0,0.0,1.0
2024-01-05,BAC,34.43000030517578,32.29763412475586,49242400.0,0.0,1.0
2024-01-05,CAT,288.92999267578125,278.4371643066406,2684800.0,0.0,1.0
2024-01-05,COST,656.010009765625,645.9644775390625,2233500.0,0.0,1.0
2024-01-05,CVX,150.39999389648438,134.0567626953125,7455400.0,0.0,1.0
2024-01-05,DIS,90.9000015258789,88.4205322265625,9092100.0,0.0,1.0
2024-01-05,GOOGL,135.72999572753906,134.45059204101562,22513900.0,0.0,1.0
2024-01-05,GS,386.44000244140625,364.4197692871094,2913900.0,0.0,1.0
2024-01-08,AAPL,185.55999755859375,183.32498168945312,59144500.0,0.0,1.0
2024-01-08,AMZN,149.10000610351562,149.10000610351562,46757100.0,0.0,1.0
2024-01-08,BA,229.0,229.0,40730400.0,0.0,1.0
2024-01-08,BAC,34.15999984741211,32.044349670410156,40253900.0,0.0,1.0
2024-01-08,CAT,292.25,281.6365966796875,2369100.0,0.0,1.0
2024-01-08,COST,661.6900024414062,651.5574340820312,2245300.0,0.0,1.0
2024-01-08,CVX,149.5,133.2545623779297,10038200.0,0.0,1.0
2024-01-08,DIS,91.5500030517578,89.05279541015625,11103700.0,0.0,1.0
2024-01-08,GOOGL,138.83999633789062,137.5312957763672,21404000.0,0.0,1.0
2024-01-08,GS,388.8599853515625,366.7018737792969,1902600.0,0.0,1.0
2024-01-09,AAPL,185.13999938964844,182.91004943847656,42841800.0,0.0,1.0
2024-01-09,AMZN,151.3699951171875,151.3699951171875,43812600.0,0.0,1.0
2024-01-09,BA,225.7599945068359,225.7599945068359,20687500.0,0.0,1.0
2024-01-09,BAC,33.630001068115234,31.547178268432617,39268800.0,0.0,1.0
2024-01-09,CAT,292.2900085449219,281.67510986328125,1974500.0,0.0,1.0
2024-01-09,COST,667.1799926757812,656.96337890625,1886200.0,0.0,1.0
2024-01-09,CVX,145.6999969482422,129.8674774169922,11784700.0,0.0,1.0
2024-01-09,DIS,89.66999816894531,87.22408294677734,11255100.0,0.0,1.0
2024-01-09,GOOGL,140.9499969482422,139.62139892578125,24759600.0,0.0,1.0
2024-01-09,GS,383.739990234375,361.8736572265625,1708800.0,0.0,1.0
2024-01-10,AAPL,186.19000244140625,183.9473571777344,46792900.0,0.0,1.0
2024-01-10,AMZN,153.72999572753906,153.72999572753906,44421800.0,0.0,1.0
2024-01-10,BA,227.83999633789065,227.83999633789065,12883700.0,0.0,1.0
2024-01-10,BAC,33.599998474121094,31.5190372467041,34904000.0,0.0,1.0
2024-01-10,CAT,293.3500061035156,282.6966552734375,2048000.0,0.0,1.0
2024-01-10,COST,672.760009765625,662.4580078125,1801900.0,0.0,1.0
2024-01-10,CVX,144.5,128.79791259765625,8490400.0,0.0,1.0
2024-01-10,DIS,89.29000091552734,86.85443878173828,15091600.0,0.0,1.0
2024-01-10,GOOGL,142.27999877929688,140.9388885498047,21320200.0,0.0,1.0
2024-01-10,GS,381.9599914550781,360.19500732421875,1547300.0,0.0,1.0
2024-01-11,AAPL,185.58999633789065,183.3546142578125,49128400.0,0.0,1.0
2024-01-11,AMZN,155.17999267578125,155.17999267578125,49072700.0,0.0,1.0
2024-01-11,BA,222.66000366210935,222.66000366210935,11830500.0,0.0,1.0
2024-01-11,BAC,33.150001525878906,31.096906661987305,48790600.0,0.0,1.0
2024-01-11,CAT,292.05999755859375,281.4534606933594,1941400.0,0.0,1.0
2024-01-11,COST,673.5800170898438,663.2652587890625,1670800.0,0.0,1.0
2024-01-11,CVX,145.27999877929688,129.4931182861328,8612500.0,0.0,1.0
2024-01-11,DIS,89.44999694824219,87.01007843017578,9642200.0,0.0,1.0
2024-01-11,GOOGL,142.0800018310547,140.74075317382812,24008700.0,0.0,1.0
2024-01-11,GS,379.75,358.1109924316406,2209900.0,0.0,1.0
2024-01-12,AAPL,185.9199981689453,183.68064880371097,40477800.0,0.0,1.0
2024-01-12,AMZN,154.6199951171875,154.6199951171875,40484200.0,0.0,1.0
2024-01-12,BA,217.6999969482422,217.6999969482422,11285500.0,0.0,1.0
2024-01-12,BAC,32.79999923706055,30.768585205078125,74344300.0,0.0,1.0
2024-01-12,CAT,290.4100036621094,279.8634033203125,1955600.0,0.0,1.0
2024-01-12,COST,683.239990234375,672.7774658203125,2388400.0,0.0,1.0
2024-01-12,CVX,147.27000427246094,131.26690673828125,9386900.0,0.0,1.0
2024-01-12,DIS,90.3499984741211,87.88552856445312,11919400.0,0.0,1.0
2024-01-12,GOOGL,142.64999389648438,141.3053741455078,18785500.0,0.0,1.0
2024-01-12,GS,377.75,356.2249755859375,2223800.0,0.0,1.0
2024-01-16,AAPL,183.6300048828125,181.41824340820312,65603000.0,0.0,1.0
2024-01-16,AMZN,153.16000366210938,153.16000366210938,41384600.0,0.0,1.0
2024-01-16,BA,200.52000427246097,200.52000427246097,35290000.0,0.0,1.0
2024-01-16,BAC,32.119998931884766,30.130701065063477,58420800.0,0.0,1.0
2024-01-16,CAT,287.2300109863281,276.79888916015625,3140100.0,0.0,1.0
2024-01-16,COST,681.489990234375,671.0542602539062,1626700.0,0.0,1.0
2024-01-16,CVX,143.69000244140625,128.07594299316406,9380400.0,0.0,1.0
2024-01-16,DIS,93.0500030517578,90.51187896728516,16780900.0,0.0,1.0
2024-01-16,GOOGL,142.49000549316406,141.1468963623047,22670500.0,0.0,1.0
2024-01-16,GS,380.4500122070313,358.7711181640625,3926600.0,0.0,1.0
2024-01-17,AAPL,182.67999267578125,180.4796600341797,47317400.0,0.0,1.0
2024-01-17,AMZN,151.7100067138672,151.7100067138672,34953400.0,0.0,1.0
2024-01-17,BA,203.05999755859375,203.05999755859375,20140100.0,0.0,1.0
2024-01-17,BAC,31.799999237060547,29.830520629882812,48811300.0,0.0,1.0
2024-01-17,CAT,278.6300048828125,268.51116943359375,3789200.0,0.0,1.0
2024-01-17,COST,684.1900024414062,673.7128295898438,1786800.0,0.0,1.0
2024-01-17,CVX,143.1199951171875,127.5678482055664,8167000.0,0.0,1.0
2024-01-17,DIS,90.33999633789062,87.87579345703125,15735200.0,0.0,1.0
2024-01-17,GOOGL,141.47000122070312,140.13650512695312,20968600.0,0.0,1.0
2024-01-17,GS,377.1799926757813,355.68743896484375,2415100.0,0.0,1.0
2024-01-18,AAPL,188.6300048828125,186.3580017089844,78005800.0,0.0,1.0
2024-01-18,AMZN,153.5,153.5,37850200.0,0.0,1.0
2024-01-18,BA,211.61000061035156,211.61000061035156,20046800.0,0.0,1.0
2024-01-18,BAC,31.729999542236328,29.764854431152344,35484400.0,0.0,1.0
2024-01-18,CAT,281.8999938964844,271.6624755859375,2479300.0,0.0,1.0
2024-01-18,COST,687.3099975585938,676.7849731445312,1900600.0,0.0,1.0
2024-01-18,CVX,141.82000732421875,126.40911102294922,11187800.0,0.0,1.0
2024-01-18,DIS,92.20999908447266,89.6948013305664,12203200.0,0.0,1.0
2024-01-18,GOOGL,143.47999572753906,142.1275634765625,25746400.0,0.0,1.0
2024-01-18,GS,376.9100036621094,355.43280029296875,1771200.0,0.0,1.0
2024-01-19,AAPL,191.55999755859375,189.2527008056641,68903000.0,0.0,1.0
2024-01-19,AMZN,155.33999633789062,155.33999633789062,51651600.0,0.0,1.0
2024-01-19,BA,215.02000427246097,215.02000427246097,14345400.0,0.0,1.0
2024-01-19,BAC,32.220001220703125,30.22450828552246,49493600.0,0.0,1.0
2024-01-19,CAT,285.2799987792969,276.1933898925781,3116000.0,1.3,1.0
2024-01-19,COST,694.969970703125,684.327880859375,2267900.0,0.0,1.0
2024-01-19,CVX,142.24000549316406,126.78350067138672,11192500.0,0.0,1.0
2024-01-19,DIS,93.05999755859376,90.5216064453125,19790100.0,0.0,1.0
2024-01-19,GOOGL,146.3800048828125,145.00021362304688,34271900.0,0.0,1.0
2024-01-19,GS,382.2000122070313,360.42144775390625,2603300.0,0.0,1.0
2024-01-22,AAPL,193.88999938964844,191.55465698242188,60133900.0,0.0,1.0
2024-01-22,AMZN,154.77999877929688,154.77999877929688,43687500.0,0.0,1.0
2024-01-22,BA,214.92999267578125,214.92999267578125,10760800.0,0.0,1.0
2024-01-22,BAC,32.54999923706055,30.534069061279297,43903400.0,0.0,1.0
2024-01-22,CAT,288.6700134277344,279.475341796875,2072200.0,0.0,1.0
2024-01-22,COST,692.510009765625,681.9054565429688,2452900.0,0.0,1.0
2024-01-22,CVX,142.49000549316406,127.00630950927734,9184600.0,0.0,1.0
2024-01-22,DIS,95.08000183105467,92.48651123046876,15119400.0,0.0,1.0
2024-01-22,GOOGL,145.99000549316406,144.61392211914062,32200400.0,0.0,1.0
2024-01-22,GS,385.9599914550781,363.9671630859375,2922700.0,0.0,1.0
2024-01-23,AAPL,195.17999267578125,192.82908630371097,42355600.0,0.0,1.0
2024-01-23,AMZN,156.02000427246094,156.02000427246094,37986000.0,0.0,1.0
2024-01-23,BA,211.5,211.5,9076900.0,0.0,1.0
2024-01-23,BAC,32.77000045776367,30.740447998046875,30003400.0,0.0,1.0
2024-01-23,CAT,288.8299865722656,279.63031005859375,1866300.0,0.0,1.0
2024-01-23,COST,687.5900268554688,677.0608520507812,2208600.0,0.0,1.0
2024-01-23,CVX,142.08999633789062,126.64977264404295,6767200.0,0.0,1.0
2024-01-23,DIS,93.7699966430664,91.21224212646484,11559400.0,0.0,1.0
2024-01-23,GOOGL,147.0399932861328,145.6540069580078,21636100.0,0.0,1.0
2024-01-23,GS,380.7699890136719,359.07281494140625,3313300.0,0.0,1.0
2024-01-24,AAPL,194.5,192.1573181152344,53631300.0,0.0,1.0
2024-01-24,AMZN,156.8699951171875,156.8699951171875,48547300.0,0.0,1.0
2024-01-24,BA,214.1300048828125,214.1300048828125,15119100.0,0.0,1.0
2024-01-24,BAC,32.97999954223633,30.937437057495117,36403900.0,0.0,1.0
2024-01-24,CAT,290.67999267578125,281.42132568359375,2765900.0,0.0,1.0
2024-01-24,COST,686.510009765625,675.9973754882812,1946500.0,0.0,1.0
2024-01-24,CVX,144.9199981689453,129.1722412109375,8100000.0,0.0,1.0
2024-01-24,DIS,93.5,90.94960021972656,10454900.0,0.0,1.0
2024-01-24,GOOGL,148.6999969482422,147.29837036132812,25233500.0,0.0,1.0
2024-01-24,GS,379.3999938964844,357.78094482421875,2235800.0,0.0,1.0
2024-01-25,AAPL,194.1699981689453,191.83126831054688,54822100.0,0.0,1.0
2024-01-25,AMZN,157.75,157.75,43638600.0,0.0,1.0
2024-01-25,BA,201.8800048828125,201.8800048828125,22112500.0,0.0,1.0
2024-01-25,BAC,33.38999938964844,31.32204818725586,46204000.0,0.0,1.0
2024-01-25,CAT,300.7699890136719,291.19000244140625,4647100.0,0.0,1.0
2024-01-25,COST,679.9000244140625,669.488525390625,2751900.0,0.0,1.0
2024-01-25,CVX,148.57000732421875,132.42564392089844,9773600.0,0.0,1.0
2024-01-25,DIS,94.86000061035156,92.27251434326172,8661600.0,0.0,1.0
2024-01-25,GOOGL,151.8699951171875,150.43844604492188,29149100.0,0.0,1.0
2024-01-25,GS,382.7000122070313,360.8929138183594,2376300.0,0.0,1.0
2024-01-26,AAPL,192.4199981689453,190.1023406982422,44594000.0,0.0,1.0
2024-01-26,AMZN,159.1199951171875,159.1199951171875,51047400.0,0.0,1.0
2024-01-26,BA,205.47000122070312,205.47000122070312,9911200.0,0.0,1.0
2024-01-26,BAC,33.43000030517578,31.35956573486328,30839800.0,0.0,1.0
2024-01-26,CAT,299.42999267578125,289.8926696777344,2920500.0,0.0,1.0
2024-01-26,COST,686.8800048828125,676.3616943359375,1825500.0,0.0,1.0
2024-01-26,CVX,149.13999938964844,132.9336700439453,9151900.0,0.0,1.0
2024-01-26,DIS,95.36000061035156,92.75888061523438,7812800.0,0.0,1.0
2024-01-26,GOOGL,152.19000244140625,150.7554473876953,26115500.0,0.0,1.0
2024-01-26,GS,377.7900085449219,356.2627258300781,3464700.0,0.0,1.0
2024-01-29,AAPL,191.72999572753903,189.42068481445312,47145600.0,0.0,1.0
2024-01-29,AMZN,161.25999450683594,161.25999450683594,45270400.0,0.0,1.0
2024-01-29,BA,205.19000244140625,205.19000244140625,7535400.0,0.0,1.0
2024-01-29,BAC,33.61000061035156,31.52842140197754,30269300.0,0.0,1.0
2024-01-29,CAT,303.25,293.59100341796875,2101400.0,0.0,1.0
2024-01-29,COST,694.010009765625,683.3825073242188,2215400.0,0.0,1.0
2024-01-29,CVX,149.0800018310547,132.8802032470703,10494800.0,0.0,1.0
2024-01-29,DIS,97.48999786376952,94.83077239990234,13422200.0,0.0,1.0
2024-01-29,GOOGL,153.50999450683594,152.06300354003906,27784300.0,0.0,1.0
2024-01-29,GS,380.55999755859375,358.87481689453125,1632300.0,0.0,1.0
2024-01-30,AAPL,188.0399932861328,185.7751007080078,55859400.0,0.0,1.0
2024-01-30,AMZN,159.0,159.0,45207400.0,0.0,1.0
2024-01-30,BA,200.44000244140625,200.44000244140625,13321200.0,0.0,1.0
2024-01-30,BAC,34.790000915527344,32.63534164428711,60315700.0,0.0,1.0
2024-01-30,CAT,304.760009765625,295.05291748046875,2150200.0,0.0,1.0
2024-01-30,COST,700.739990234375,690.0093994140625,1610500.0,0.0,1.0
2024-01-30,CVX,150.1199951171875,133.8072052001953,9902900.0,0.0,1.0
2024-01-30,DIS,96.94000244140624,94.29578399658205,9139600.0,0.0,1.0
2024-01-30,GOOGL,151.4600067138672,150.0323486328125,36331800.0,0.0,1.0
2024-01-30,GS,386.8699951171875,364.82525634765625,3897900.0,0.0,1.0
2024-01-31,AAPL,184.3999938964844,182.178955078125,55467800.0,0.0,1.0
2024-01-31,AMZN,155.1999969482422,155.1999969482422,50284400.0,0.0,1.0
2024-01-31,BA,211.0399932861328,211.0399932861328,22409400.0,0.0,1.0
2024-01-31,BAC,34.0099983215332,31.90364646911621,54716000.0,0.0,1.0
2024-01-31,CAT,300.30999755859375,290.7446594238281,2813000.0,0.0,1.0
2024-01-31,COST,694.8800048828125,684.2392578125,1928500.0,0.0,1.0
2024-01-31,CVX,147.42999267578125,131.40951538085938,10428000.0,0.0,1.0
2024-01-31,DIS,96.0500030517578,93.43004608154295,9592300.0,0.0,1.0
2024-01-31,GOOGL,140.10000610351562,138.77943420410156,71910000.0,0.0,1.0
2024-01-31,GS,384.010009765625,362.1282348632813,3421100.0,0.0,1.0
2024-02-01,AAPL,186.86000061035156,184.6093292236328,64885400.0,0.0,1.0
2024-02-01,AMZN,159.27999877929688,159.27999877929688,76542400.0,0.0,1.0
2024-02-01,BA,209.80999755859375,209.80999755859375,10679200.0,0.0,1.0
2024-02-01,BAC,33.54999923706055,31.472131729125977,57084800.0,0.0,1.0
2024-02-01,CAT,307.69000244140625,297.8896179199219,3196300.0,0.0,1.0
2024-02-01,COST,704.47998046875,694.7118530273438,2039200.0,1.02,1.0
2024-02-01,CVX,147.88999938964844,131.81951904296875,8641100.0,0.0,1.0
2024-02-01,DIS,97.05999755859376,94.4124984741211,8484800.0,0.0,1.0
2024-02-01,GOOGL,141.16000366210938,139.82945251464844,40466500.0,0.0,1.0
2024-02-01,GS,383.8500061035156,361.9773864746094,2138500.0,0.0,1.0
2024-02-02,AAPL,185.8500061035156,183.61151123046875,102551700.0,0.0,1.0
2024-02-02,AMZN,171.80999755859375,171.80999755859375,117218300.0,0.0,1.0
2024-02-02,BA,209.3800048828125,209.3800048828125,6275300.0,0.0,1.0
2024-02-02,BAC,33.470001220703125,31.397092819213867,40416000.0,0.0,1.0
2024-02-02,CAT,315.0899963378906,305.0538330078125,4661500.0,0.0,1.0
2024-02-02,COST,709.47998046875,699.642578125,2377400.0,0.0,1.0
2024-02-02,CVX,152.24000549316406,135.69680786132812,12839100.0,0.0,1.0
2024-02-02,DIS,97.12999725341795,94.4805908203125,9321300.0,0.0,1.0
2024-02-02,GOOGL,142.3800048828125,141.03793334960938,62499600.0,0.0,1.0
2024-02-02,GS,387.8599853515625,365.75885009765625,2180900.0,0.0,1.0
2024-02-05,AAPL,187.67999267578125,185.41944885253903,69668800.0,0.0,1.0
2024-02-05,AMZN,170.30999755859375,170.30999755859375,55081300.0,0.0,1.0
2024-02-05,BA,206.6300048828125,206.6300048828125,8682500.0,0.0,1.0
2024-02-05,BAC,32.9900016784668,30.94681739807129,43573000.0,0.0,1.0
2024-02-05,CAT,321.3999938964844,311.1629333496094,6557500.0,0.0,1.0
2024-02-05,COST,711.1599731445312,701.2992553710938,2276900.0,0.0,1.0
2024-02-05,CVX,152.3300018310547,135.77703857421875,8277800.0,0.0,1.0
2024-02-05,DIS,96.6500015258789,94.01368713378906,11679300.0,0.0,1.0
2024-02-05,GOOGL,143.67999267578125,142.32568359375,38505400.0,0.0,1.0
2024-02-05,GS,383.0199890136719,361.1947021484375,2231100.0,0.0,1.0
2024-02-06,AAPL,189.3000030517578,187.01991271972656,43490800.0,0.0,1.0
2024-02-06,AMZN,169.14999389648438,169.14999389648438,42505500.0,0.0,1.0
2024-02-06,BA,208.5800018310547,208.5800018310547,7556900.0,0.0,1.0
2024-02-06,BAC,33.040000915527344,30.993722915649418,27188000.0,0.0,1.0
2024-02-06,CAT,322.7200012207031,312.4408874511719,2825700.0,0.0,1.0
2024-02-06,COST,710.7899780273438,700.934326171875,1920200.0,0.0,1.0
2024-02-06,CVX,152.35000610351562,135.79486083984375,6198200.0,0.0,1.0
2024-02-06,DIS,99.29000091552734,96.5816879272461,16455500.0,0.0,1.0
2024-02-06,GOOGL,144.10000610351562,142.74169921875,29128200.0,0.0,1.0
2024-02-06,GS,384.989990234375,363.0524291992187,1487800.0,0.0,1.0
2024-02-07,AAPL,189.41000366210935,187.12860107421875,53439000.0,0.0,1.0
2024-02-07,AMZN,170.52999877929688,170.52999877929688,47174100.0,0.0,1.0
2024-02-07,BA,211.9199981689453,211.9199981689453,7747700.0,0.0,1.0
2024-02-07,BAC,33.18000030517578,31.12505531311035,29660100.0,0.0,1.0
2024-02-07,CAT,323.5899963378906,313.28314208984375,3203000.0,0.0,1.0
2024-02-07,COST,719.780029296875,709.7998046875,2145500.0,0.0,1.0
2024-02-07,CVX,152.1300048828125,135.59878540039062,6252000.0,0.0,1.0
2024-02-07,DIS,99.13999938964844,96.43576049804688,28886300.0,0.0,1.0
2024-02-07,GOOGL,145.5399932861328,144.16812133789062,25208900.0,0.0,1.0
2024-02-07,GS,386.6600036621094,364.6272583007813,1963200.0,0.0,1.0
2024-02-08,AAPL,188.32000732421875,186.0517578125,40962000.0,0.0,1.0
2024-02-08,AMZN,169.83999633789062,169.83999633789062,42316500.0,0.0,1.0
2024-02-08,BA,209.22000122070312,209.22000122070312,5787700.0,0.0,1.0
2024-02-08,BAC,33.119998931884766,31.068763732910156,36852200.0,0.0,1.0
2024-02-08,CAT,322.0,311.7437744140625,1986100.0,0.0,1.0
2024-02-08,COST,724.1599731445312,714.1190185546875,1918500.0,0.0,1.0
2024-02-08,CVX,154.05999755859375,137.31906127929688,9237000.0,0.0,1.0
2024-02-08,DIS,110.54000091552734,107.52481079101562,60558400.0,0.0,1.0
2024-02-08,GOOGL,145.91000366210938,144.53465270996094,22563800.0,0.0,1.0
2024-02-08,GS,385.0400085449219,363.0995788574219,1913700.0,0.0,1.0
2024-02-09,AAPL,188.8500061035156,186.81344604492188,45155200.0,0.24,1.0
2024-02-09,AMZN,174.4499969482422,174.4499969482422,56986000.0,0.0,1.0
2024-02-09,BA,209.1999969482422,209.1999969482422,4349700.0,0.0,1.0
2024-02-09,BAC,33.06999969482422,31.021860122680664,36176000.0,0.0,1.0
2024-02-09,CAT,317.1600036621094,307.0579528808594,2823000.0,0.0,1.0
2024-02-09,COST,723.4000244140625,713.3696899414062,1426100.0,0.0,1.0
2024-02-09,CVX,151.0399932861328,134.62722778320312,9194500.0,0.0,1.0
2024-02-09,DIS,108.38999938964844,105.43345642089844,21509100.0,0.0,1.0
2024-02-09,GOOGL,149.0,147.59552001953125,26829500.0,0.0,1.0
2024-02-09,GS,384.260009765625,362.3640441894531,2028200.0,0.0,1.0
2024-02-12,AAPL,187.1499938964844,185.1317596435547,41781900.0,0.0,1.0
2024-02-12,AMZN,172.33999633789062,172.33999633789062,51050400.0,0.0,1.0
2024-02-12,BA,209.3300018310547,209.3300018310547,4077400.0,0.0,1.0
2024-02-12,BAC,33.619998931884766,31.53779983520508,34160400.0,0.0,1.0
2024-02-12,CAT,321.6300048828125,311.3855895996094,2483600.0,0.0,1.0
2024-02-12,COST,722.4099731445312,712.393310546875,1572600.0,0.0,1.0
2024-02-12,CVX,152.0800018310547,135.55419921875,6713000.0,0.0,1.0
2024-02-12,DIS,109.29000091552734,106.30890655517578,13424000.0,0.0,1.0
2024-02-12,GOOGL,147.52999877929688,146.13937377929688,21564100.0,0.0,1.0
2024-02-12,GS,392.6400146484375,370.2664794921875,2797200.0,0.0,1.0
2024-02-13,AAPL,185.0399932861328,183.04449462890625,56529500.0,0.0,1.0
2024-02-13,AMZN,168.63999938964844,168.63999938964844,56345100.0,0.0,1.0
2024-02-13,BA,204.4600067138672,204.4600067138672,8263600.0,0.0,1.0
2024-02-13,BAC,32.75,30.721689224243164,43801500.0,0.0,1.0
2024-02-13,CAT,312.8399963378906,302.87554931640625,2923200.0,0.0,1.0
2024-02-13,COST,714.25,704.346435546875,1951100.0,0.0,1.0
2024-02-13,CVX,150.60000610351562,134.23504638671875,6987100.0,0.0,1.0
2024-02-13,DIS,110.45999908447266,107.44699096679688,14594500.0,0.0,1.0
2024-02-13,GOOGL,145.13999938964844,143.77191162109375,27837700.0,0.0,1.0
2024-02-13,GS,378.75,357.1679992675781,3030800.0,0.0,1.0
2024-02-14,AAPL,184.1499938964844,182.1641082763672,54630500.0,0.0,1.0
2024-02-14,AMZN,170.97999572753906,170.97999572753906,42815500.0,0.0,1.0
2024-02-14,BA,203.3800048828125,203.3800048828125,6503000.0,0.0,1.0
2024-02-14,BAC,33.130001068115234,31.078149795532227,27833900.0,0.0,1.0
2024-02-14,CAT,316.7099914550781,306.6222839355469,1887100.0,0.0,1.0
2024-02-14,COST,722.1799926757812,712.1665649414062,1472500.0,0.0,1.0
2024-02-14,CVX,151.00999450683594,134.60049438476562,5995100.0,0.0,1.0
2024-02-14,DIS,111.55999755859376,108.51698303222656,11405500.0,0.0,1.0
2024-02-14,GOOGL,145.94000244140625,144.5643768310547,22704200.0,0.0,1.0
2024-02-14,GS,378.0400085449219,356.4983825683594,2041300.0,0.0,1.0
2024-02-15,AAPL,183.86000061035156,181.8772430419922,65434500.0,0.0,1.0
2024-02-15,AMZN,169.8000030517578,169.8000030517578,49855200.0,0.0,1.0
2024-02-15,BA,205.3300018310547,205.3300018310547,5309100.0,0.0,1.0
2024-02-15,BAC,34.06999969482422,31.959930419921875,41683100.0,0.0,1.0
2024-02-15,CAT,323.07000732421875,312.77972412109375,2362900.0,0.0,1.0
2024-02-15,COST,724.510009765625,714.4641723632812,1264100.0,0.0,1.0
2024-02-15,CVX,154.4600067138672,139.17787170410156,8950300.0,1.63,1.0
2024-02-15,DIS,112.4499969482422,109.38270568847656,9961900.0,0.0,1.0
2024-02-15,GOOGL,142.77000427246094,141.4242706298828,37590700.0,0.0,1.0
2024-02-15,GS,385.4200134277344,363.45794677734375,2218900.0,0.0,1.0
2024-02-16,AAPL,182.30999755859375,180.34396362304688,49752500.0,0.0,1.0
2024-02-16,AMZN,169.50999450683594,169.50999450683594,48107700.0,0.0,1.0
2024-02-16,BA,203.88999938964844,203.88999938964844,5986500.0,0.0,1.0
2024-02-16,BAC,34.09000015258789,31.978694915771484,33290700.0,0.0,1.0
2024-02-16,CAT,321.9100036621094,311.65667724609375,2513200.0,0.0,1.0
2024-02-16,COST,723.989990234375,713.951416015625,1764900.0,0.0,1.0
2024-02-16,CVX,154.6300048828125,139.33106994628906,7570200.0,0.0,1.0
2024-02-16,DIS,111.5999984741211,108.55590057373048,8782200.0,0.0,1.0
2024-02-16,GOOGL,140.52000427246094,139.19544982910156,31468900.0,0.0,1.0
2024-02-16,GS,384.44000244140625,362.5337219238281,2376800.0,0.0,1.0
2024-02-20,AAPL,181.55999755859375,179.60205078125,53665600.0,0.0,1.0
2024-02-20,AMZN,167.0800018310547,167.0800018310547,41980300.0,0.0,1.0
2024-02-20,BA,203.3699951171875,203.3699951171875,5248400.0,0.0,1.0
2024-02-20,BAC,33.959999084472656,31.85674476623535,30372900.0,0.0,1.0
2024-02-20,CAT,313.739990234375,303.74688720703125,2701600.0,0.0,1.0
2024-02-20,COST,725.6900024414062,715.6278686523438,2407300.0,0.0,1.0
2024-02-20,CVX,154.0,138.76336669921875,6977900.0,0.0,1.0
2024-02-20,DIS,109.44000244140624,106.45481872558594,9770900.0,0.0,1.0
2024-02-20,GOOGL,141.1199951171875,139.78976440429688,25144700.0,0.0,1.0
2024-02-20,GS,384.5199890136719,362.6091918945313,2358900.0,0.0,1.0
2024-02-21,AAPL,182.32000732421875,180.35386657714844,41371400.0,0.0,1.0
2024-02-21,AMZN,168.58999633789062,168.58999633789062,44420100.0,0.0,1.0
2024-02-21,BA,201.57000732421875,201.57000732421875,4171600.0,0.0,1.0
2024-02-21,BAC,33.70000076293945,31.61284828186035,37847100.0,0.0,1.0
2024-02-21,CAT,317.1400146484375,307.0386047363281,1779700.0,0.0,1.0
2024-02-21,COST,723.02001953125,712.994873046875,1564200.0,0.0,1.0
2024-02-21,CVX,155.44000244140625,140.0609130859375,6628900.0,0.0,1.0
2024-02-21,DIS,107.66999816894533,104.73308563232422,10427500.0,0.0,1.0
2024-02-21,GOOGL,142.5500030517578,141.20632934570312,23223300.0,0.0,1.0
2024-02-21,GS,388.2699890136719,366.1454772949219,1772500.0,0.0,1.0
2024-02-22,AAPL,184.3699951171875,182.3817138671875,52292200.0,0.0,1.0
2024-02-22,AMZN,174.5800018310547,174.5800018310547,55392400.0,0.0,1.0
2024-02-22,BA,201.5,201.5,6513500.0,0.0,1.0
2024-02-22,BAC,33.61000061035156,31.52842140197754,42756900.0,0.0,1.0
2024-02-22,CAT,322.0899963378906,311.8309020996094,1875800.0,0.0,1.0
2024-02-22,COST,734.4000244140625,724.2171020507812,1801600.0,0.0,1.0
2024-02-22,CVX,155.42999267578125,140.05191040039062,8874900.0,0.0,1.0
2024-02-22,DIS,107.63999938964844,104.70391845703124,9266200.0,0.0,1.0
2024-02-22,GOOGL,144.08999633789062,142.7318115234375,27191900.0,0.0,1.0
2024-02-22,GS,390.4700012207031,368.22015380859375,2326800.0,0.0,1.0
2024-02-23,AAPL,182.52000427246097,180.5516815185547,45119700.0,0.0,1.0
2024-02-23,AMZN,174.99000549316406,174.99000549316406,59715200.0,0.0,1.0
2024-02-23,BA,200.8300018310547,200.8300018310547,7433400.0,0.0,1.0
2024-02-23,BAC,33.91999816894531,31.8192195892334,30586000.0,0.0,1.0
2024-02-23,CAT,323.8800048828125,313.56390380859375,1575000.0,0.0,1.0
2024-02-23,COST,737.9299926757812,727.6980590820312,1265800.0,0.0,1.0
2024-02-23,CVX,154.66000366210938,139.3580780029297,6561600.0,0.0,1.0
2024-02-23,DIS,107.73999786376952,104.80118560791016,11724000.0,0.0,1.0
2024-02-23,GOOGL,143.9600067138672,142.6030731201172,19493800.0,0.0,1.0
2024-02-23,GS,391.0499877929687,368.76708984375,2247400.0,0.0,1.0
2024-02-26,AAPL,181.16000366210935,179.2063751220703,40867400.0,0.0,1.0
2024-02-26,AMZN,174.72999572753906,174.72999572753906,44368600.0,0.0,1.0
2024-02-26,BA,200.5399932861328,200.5399932861328,4807200.0,0.0,1.0
2024-02-26,BAC,33.61000061035156,31.52842140197754,31129200.0,0.0,1.0
2024-02-26,CAT,325.3800048828125,315.0161437988281,1650000.0,0.0,1.0
2024-02-26,COST,745.3499755859375,735.0152587890625,1707000.0,0.0,1.0
2024-02-26,CVX,154.4499969482422,139.1688690185547,6900800.0,0.0,1.0
2024-02-26,DIS,107.68000030517578,104.7428207397461,8694200.0,0.0,1.0
2024-02-26,GOOGL,137.57000732421875,136.27325439453125,53641800.0,0.0,1.0
2024-02-26,GS,390.2200012207031,367.984375,1797800.0,0.0,1.0
2024-02-27,AAPL,182.6300048828125,180.6605224609375,54318900.0,0.0,1.0
2024-02-27,AMZN,173.5399932861328,173.5399932861328,31141700.0,0.0,1.0
2024-02-27,BA,201.3999938964844,201.3999938964844,3932900.0,0.0,1.0
2024-02-27,BAC,34.279998779296875,32.15692138671875,40536300.0,0.0,1.0
2024-02-27,CAT,327.6300048828125,317.19451904296875,1640900.0,0.0,1.0
2024-02-27,COST,744.7100219726562,734.3840942382812,1471300.0,0.0,1.0
2024-02-27,CVX,152.16000366210938,137.10543823242188,15093800.0,0.0,1.0
2024-02-27,DIS,109.41999816894533,106.43535614013672,7595000.0,0.0,1.0
2024-02-27,GOOGL,138.8800048828125,137.57089233398438,33099200.0,0.0,1.0
2024-02-27,GS,390.80999755859375,368.540771484375,1724900.0,0.0,1.0
2024-02-28,AAPL,181.4199981689453,179.4635467529297,48953900.0,0.0,1.0
2024-02-28,AMZN,173.16000366210938,173.16000366210938,28180500.0,0.0,1.0
2024-02-28,BA,207.0,207.0,9654700.0,0.0,1.0
2024-02-28,BAC,34.310001373291016,32.18506622314453,39548600.0,0.0,1.0
2024-02-28,CAT,329.55999755859375,319.0630187988281,1471000.0,0.0,1.0
2024-02-28,COST,747.9600219726562,737.589111328125,1365000.0,0.0,1.0
2024-02-28,CVX,152.33999633789062,137.26760864257812,6715900.0,0.0,1.0
2024-02-28,DIS,110.8000030517578,107.77772521972656,10773000.0,0.0,1.0
2024-02-28,GOOGL,136.3800048828125,135.094482421875,37328600.0,0.0,1.0
2024-02-28,GS,393.1799926757813,373.40325927734375,2572900.0,2.75,1.0
2024-02-29,AAPL,180.75,178.80076599121094,136682600.0,0.0,1.0
2024-02-29,AMZN,176.75999450683594,176.75999450683594,53805400.0,0.0,1.0
2024-02-29,BA,203.72000122070312,203.72000122070312,6670300.0,0.0,1.0
2024-02-29,BAC,34.52000045776367,32.61016845703125,43863400.0,0.24,1.0
2024-02-29,CAT,333.9599914550781,323.3228759765625,2699800.0,0.0,1.0
2024-02-29,COST,743.8900146484375,733.5755004882812,3361200.0,0.0,1.0
2024-02-29,CVX,152.00999450683594,136.97027587890625,9334400.0,0.0,1.0
2024-02-29,DIS,111.58000183105467,108.53645324707033,11658300.0,0.0,1.0
2024-02-29,GOOGL,138.4600067138672,137.15487670898438,42133000.0,0.0,1.0
2024-02-29,GS,389.0499877929687,369.48095703125,3139100.0,0.0,1.0
2024-03-01,AAPL,179.66000366210938,177.7225341796875,73563100.0,0.0,1.0
2024-03-01,AMZN,178.22000122070312,178.22000122070312,31981200.0,0.0,1.0
2024-03-01,BA,200.0,200.0,11609500.0,0.0,1.0
2024-03-01,BAC,34.349998474121094,32.44956970214844,38432300.0,0.0,1.0
2024-03-01,CAT,336.70001220703125,325.9755859375,1815500.0,0.0,1.0
2024-03-01,COST,749.4400024414062,739.0485229492188,1678100.0,0.0,1.0
2024-03-01,CVX,152.80999755859375,137.69113159179688,7459100.0,0.0,1.0
2024-03-01,DIS,111.9499969482422,108.89635467529295,7242400.0,0.0,1.0
2024-03-01,GOOGL,137.13999938964844,135.84730529785156,31151100.0,0.0,1.0
2024-03-01,GS,388.1000061035156,368.5787658691406,1697700.0,0.0,1.0
2024-03-04,AAPL,175.10000610351562,173.2117156982422,81510100.0,0.0,1.0
2024-03-04,AMZN,177.5800018310547,177.5800018310547,37381500.0,0.0,1.0
2024-03-04,BA,200.5399932861328,200.5399932861328,7213900.0,0.0,1.0
2024-03-04,BAC,35.150001525878906,33.20531463623047,49136400.0,0.0,1.0
2024-03-04,CAT,338.6499938964844,327.86346435546875,1551000.0,0.0,1.0
2024-03-04,COST,759.1799926757812,748.6535034179688,2133400.0,0.0,1.0
2024-03-04,CVX,148.8800048828125,134.14996337890625,12503200.0,0.0,1.0
2024-03-04,DIS,113.69000244140624,110.58889770507812,11558900.0,0.0,1.0
2024-03-04,GOOGL,133.35000610351562,132.09307861328125,55999400.0,0.0,1.0
2024-03-04,GS,392.25,372.52001953125,1955100.0,0.0,1.0
2024-03-05,AAPL,170.1199951171875,168.28543090820312,95132400.0,0.0,1.0
2024-03-05,AMZN,174.1199951171875,174.1199951171875,37228300.0,0.0,1.0
2024-03-05,BA,201.13999938964844,201.13999938964844,5034700.0,0.0,1.0
2024-03-05,BAC,35.38999938964844,33.43203353881836,47591600.0,0.0,1.0
2024-03-05,CAT,333.5299987792969,322.90655517578125,2030000.0,0.0,1.0
2024-03-05,COST,759.9500122070312,749.4127807617188,2353400.0,0.0,1.0
2024-03-05,CVX,149.58999633789062,134.7897186279297,6985500.0,0.0,1.0
2024-03-05,DIS,112.87000274658205,109.79125213623048,14929600.0,0.0,1.0
2024-03-05,GOOGL,132.6699981689453,131.41944885253906,40194800.0,0.0,1.0
2024-03-05,GS,390.9100036621094,371.2474670410156,2697800.0,0.0,1.0
2024-03-06,AAPL,169.1199951171875,167.2961883544922,68587700.0,0.0,1.0
2024-03-06,AMZN,173.50999450683594,173.50999450683594,32090900.0,0.0,1.0
2024-03-06,BA,201.0,201.0,4736600.0,0.0,1.0
2024-03-06,BAC,35.41999816894531,33.46038055419922,49149700.0,0.0,1.0
2024-03-06,CAT,335.6300048828125,324.9396667480469,1542300.0,0.0,1.0
2024-03-06,COST,773.239990234375,762.5184936523438,2400600.0,0.0,1.0
2024-03-06,CVX,148.3300018310547,133.6543731689453,14692100.0,0.0,1.0
2024-03-06,DIS,110.05999755859376,107.05789947509766,14743900.0,0.0,1.0
2024-03-06,GOOGL,131.39999389648438,130.16140747070312,35318600.0,0.0,1.0
2024-03-06,GS,389.5700073242187,369.9748229980469,2692400.0,0.0,1.0
2024-03-07,AAPL,169.0,167.177490234375,71765100.0,0.0,1.0
2024-03-07,AMZN,176.82000732421875,176.82000732421875,34063300.0,0.0,1.0
2024-03-07,BA,203.02999877929688,203.02999877929688,5965300.0,0.0,1.0
2024-03-07,BAC,35.630001068115234,33.65876388549805,35900700.0,0.0,1.0
2024-03-07,CAT,340.2200012207031,329.3834533691406,1732500.0,0.0,1.0
2024-03-07,COST,785.5900268554688,774.6973266601562,4187900.0,0.0,1.0
2024-03-07,CVX,149.3699951171875,134.59146118164062,8739300.0,0.0,1.0
2024-03-07,DIS,110.18000030517578,107.17462921142578,8609300.0,0.0,1.0
2024-03-07,GOOGL,134.3800048828125,133.1133270263672,37738200.0,0.0,1.0
2024-03-07,GS,388.4299926757813,368.8921813964844,2033100.0,0.0,1.0
2024-03-08,AAPL,170.72999572753906,168.88882446289062,76267000.0,0.0,1.0
2024-03-08,AMZN,175.35000610351562,175.35000610351562,37893200.0,0.0,1.0
2024-03-08,BA,198.4900054931641,198.4900054931641,9010200.0,0.0,1.0
2024-03-08,BAC,35.599998474121094,33.63041687011719,42769900.0,0.0,1.0
2024-03-08,CAT,339.19000244140625,328.38629150390625,2307400.0,0.0,1.0
2024-03-08,COST,725.5599975585938,715.4996337890625,8590200.0,0.0,1.0
2024-03-08,CVX,149.8800048828125,135.05101013183594,7528400.0,0.0,1.0
2024-03-08,DIS,110.31999969482422,107.3108139038086,10009200.0,0.0,1.0
2024-03-08,GOOGL,135.41000366210938,134.13363647460938,39370400.0,0.0,1.0
2024-03-08,GS,386.989990234375,367.5245666503906,1657200.0,0.0,1.0
2024-03-11,AAPL,172.75,170.8870391845703,60139500.0,0.0,1.0
2024-03-11,AMZN,171.9600067138672,171.9600067138672,28484800.0,0.0,1.0
2024-03-11,BA,192.4900054931641,192.4900054931641,14160600.0,0.0,1.0
2024-03-11,BAC,35.88999938964844,33.90437316894531,34131500.0,0.0,1.0
2024-03-11,CAT,334.9700012207031,324.3006591796875,1868000.0,0.0,1.0
2024-03-11,COST,714.0800170898438,704.1787719726562,3762500.0,0.0,1.0
2024-03-11,CVX,152.0,136.96127319335938,7577100.0,0.0,1.0
2024-03-11,DIS,112.30999755859376,109.24652862548828,8794300.0,0.0,1.0
2024-03-11,GOOGL,137.6699981689453,136.37232971191406,32437800.0,0.0,1.0
2024-03-11,GS,386.1600036621094,366.736328125,1654200.0,0.0,1.0
2024-03-12,AAPL,173.22999572753906,171.3618621826172,59825400.0,0.0,1.0
2024-03-12,AMZN,175.38999938964844,175.38999938964844,36610600.0,0.0,1.0
2024-03-12,BA,184.2400054931641,184.2400054931641,18714800.0,0.0,1.0
2024-03-12,BAC,35.959999084472656,33.97050094604492,29260400.0,0.0,1.0
2024-03-12,CAT,337.239990234375,326.4983825683594,1645900.0,0.0,1.0
2024-03-12,COST,736.8800048828125,726.6626586914062,3727400.0,0.0,1.0
2024-03-12,CVX,151.88999938964844,136.86215209960938,6432900.0,0.0,1.0
2024-03-12,DIS,112.45999908447266,109.3924331665039,8085000.0,0.0,1.0
2024-03-12,GOOGL,138.5,137.19448852539062,27563400.0,0.0,1.0
2024-03-12,GS,388.1799926757813,368.6547546386719,1703900.0,0.0,1.0
2024-03-13,AAPL,171.1300048828125,169.28453063964844,52488700.0,0.0,1.0
2024-03-13,AMZN,176.55999755859375,176.55999755859375,30772600.0,0.0,1.0
2024-03-13,BA,182.3500061035156,182.3500061035156,10196100.0,0.0,1.0
2024-03-13,BAC,36.08000183105469,34.0838623046875,38289600.0,0.0,1.0
2024-03-13,CAT,341.5199890136719,330.6420593261719,1818800.0,0.0,1.0
2024-03-13,COST,734.2000122070312,724.0199584960938,2270300.0,0.0,1.0
2024-03-13,CVX,153.88999938964844,138.6642608642578,8065600.0,0.0,1.0
2024-03-13,DIS,112.5,109.43134307861328,7267900.0,0.0,1.0
2024-03-13,GOOGL,139.7899932861328,138.47232055664062,23347200.0,0.0,1.0
2024-03-13,GS,392.30999755859375,372.5769958496094,2370600.0,0.0,1.0
2024-03-14,AAPL,173.0,171.1343536376953,72913500.0,0.0,1.0
2024-03-14,AMZN,178.75,178.75,43705800.0,0.0,1.0
2024-03-14,BA,181.1499938964844,181.1499938964844,10016200.0,0.0,1.0
2024-03-14,BAC,35.689998626708984,33.71543502807617,40178100.0,0.0,1.0
2024-03-14,CAT,341.9200134277344,331.0293273925781,2110200.0,0.0,1.0
2024-03-14,COST,731.9500122070312,721.801025390625,1826100.0,0.0,1.0
2024-03-14,CVX,155.6999969482422,140.29519653320312,9047200.0,0.0,1.0
2024-03-14,DIS,112.05999755859376,109.00334930419922,10520500.0,0.0,1.0
2024-03-14,GOOGL,143.10000610351562,141.7511444091797,42753400.0,0.0,1.0
2024-03-14,GS,388.6099853515625,369.0631408691406,3029500.0,0.0,1.0
2024-03-15,AAPL,172.6199951171875,170.75845336914062,121752700.0,0.0,1.0
2024-03-15,AMZN,174.4199981689453,174.4199981689453,72147400.0,0.0,1.0
2024-03-15,BA,182.52999877929688,182.52999877929688,10800700.0,0.0,1.0
2024-03-15,BAC,35.40999984741211,33.450927734375,69646400.0,0.0,1.0
2024-03-15,CAT,346.9700012207031,335.9184875488281,4406000.0,0.0,1.0
2024-03-15,COST,725.6300048828125,715.568603515625,3390700.0,0.0,1.0
2024-03-15,CVX,155.5500030517578,140.16004943847656,20387200.0,0.0,1.0
2024-03-15,DIS,111.9499969482422,108.89635467529295,15364200.0,0.0,1.0
2024-03-15,GOOGL,141.17999267578125,139.84925842285156,49475400.0,0.0,1.0
2024-03-15,GS,387.2099914550781,367.7335205078125,3763900.0,0.0,1.0
2024-03-18,AAPL,173.72000122070312,171.8466033935547,75604200.0,0.0,1.0
2024-03-18,AMZN,174.47999572753906,174.47999572753906,31250700.0,0.0,1.0
2024-03-18,BA,179.83999633789062,179.83999633789062,9497800.0,0.0,1.0
2024-03-18,BAC,36.0099983215332,34.017730712890625,50617900.0,0.0,1.0
2024-03-18,CAT,351.8999938964844,340.6913757324219,2528200.0,0.0,1.0
2024-03-18,COST,731.5399780273438,721.396728515625,1595200.0,0.0,1.0
2024-03-18,CVX,155.41000366210938,140.03387451171875,7242700.0,0.0,1.0
2024-03-18,DIS,113.8499984741211,110.74452209472656,11820800.0,0.0,1.0
2024-03-18,GOOGL,147.67999267578125,146.28797912597656,69273700.0,0.0,1.0
2024-03-18,GS,384.3699951171875,365.0364074707031,2069000.0,0.0,1.0
2024-03-19,AAPL,176.0800018310547,174.1811065673828,55215200.0,0.0,1.0
2024-03-19,AMZN,175.89999389648438,175.89999389648438,26880900.0,0.0,1.0
2024-03-19,BA,181.13999938964844,181.13999938964844,7648000.0,0.0,1.0
2024-03-19,BAC,36.029998779296875,34.036624908447266,46113800.0,0.0,1.0
2024-03-19,CAT,353.8999938964844,342.6277160644531,2207600.0,0.0,1.0
2024-03-19,COST,732.1699829101562,722.0179443359375,1322700.0,0.0,1.0
2024-03-19,CVX,156.6199951171875,141.1241455078125,7736700.0,0.0,1.0
2024-03-19,DIS,114.51000213623048,111.3865203857422,10999700.0,0.0,1.0
2024-03-19,GOOGL,147.02999877929688,145.64407348632812,24070400.0,0.0,1.0
2024-03-19,GS,388.6600036621094,369.1106567382813,1858200.0,0.0,1.0
2024-03-20,AAPL,178.6699981689453,176.7432098388672,53423100.0,0.0,1.0
2024-03-20,AMZN,178.14999389648438,178.14999389648438,29947200.0,0.0,1.0
2024-03-20,BA,187.77999877929688,187.77999877929688,12770000.0,0.0,1.0
2024-03-20,BAC,36.75,34.716796875,40519000.0,0.0,1.0
2024-03-20,CAT,356.45001220703125,345.0964660644531,2563900.0,0.0,1.0
2024-03-20,COST,740.719970703125,730.4494018554688,1398700.0,0.0,1.0
2024-03-20,CVX,154.5500030517578,139.2589569091797,8449100.0,0.0,1.0
2024-03-20,DIS,116.45999908447266,113.2833251953125,11699600.0,0.0,1.0
2024-03-20,GOOGL,148.74000549316406,147.33799743652344,21311500.0,0.0,1.0
2024-03-20,GS,396.4700012207031,376.52777099609375,2157400.0,0.0,1.0
2024-03-21,AAPL,171.3699951171875,169.52195739746094,106181300.0,0.0,1.0
2024-03-21,AMZN,178.14999389648438,178.14999389648438,32824300.0,0.0,1.0
2024-03-21,BA,187.6999969482422,187.6999969482422,7436400.0,0.0,1.0
2024-03-21,BAC,37.5099983215332,35.43474578857422,43219500.0,0.0,1.0
2024-03-21,CAT,364.55999755859375,352.9482116699219,2616300.0,0.0,1.0
2024-03-21,COST,742.5599975585938,732.263916015625,2106900.0,0.0,1.0
2024-03-21,CVX,154.86000061035156,139.53829956054688,7899100.0,0.0,1.0
2024-03-21,DIS,116.6999969482422,113.51678466796876,10353500.0,0.0,1.0
2024-03-21,GOOGL,147.60000610351562,146.208740234375,24755600.0,0.0,1.0
2024-03-21,GS,413.7099914550781,392.9005737304687,4613800.0,0.0,1.0
2024-03-22,AAPL,172.27999877929688,170.422119140625,71160100.0,0.0,1.0
2024-03-22,AMZN,178.8699951171875,178.8699951171875,27995400.0,0.0,1.0
2024-03-22,BA,188.8500061035156,188.8500061035156,7827000.0,0.0,1.0
2024-03-22,BAC,37.04999923706055,35.00019836425781,29001100.0,0.0,1.0
2024-03-22,CAT,358.1099853515625,346.70361328125,2052000.0,0.0,1.0
2024-03-22,COST,734.7999877929688,724.611572265625,1794100.0,0.0,1.0
2024-03-22,CVX,154.66000366210938,139.3580780029297,5974700.0,0.0,1.0
2024-03-22,DIS,115.87000274658205,112.7094268798828,7144800.0,0.0,1.0
2024-03-22,GOOGL,150.77000427246094,149.34886169433594,29211800.0,0.0,1.0
2024-03-22,GS,406.8200073242187,386.357177734375,2190300.0,0.0,1.0
2024-03-25,AAPL,170.85000610351562,169.00753784179688,54288300.0,0.0,1.0
2024-03-25,AMZN,179.7100067138672,179.7100067138672,29815500.0,0.0,1.0
2024-03-25,BA,191.41000366210935,191.41000366210935,12953000.0,0.0,1.0
2024-03-25,BAC,36.86000061035156,34.820709228515625,30480200.0,0.0,1.0
2024-03-25,CAT,355.95001220703125,344.6124572753906,1774800.0,0.0,1.0
2024-03-25,COST,730.9600219726562,720.8248291015625,1604700.0,0.0,1.0
2024-03-25,CVX,156.47000122070312,140.989013671875,6058700.0,0.0,1.0
2024-03-25,DIS,119.36000061035156,116.10424041748048,12103600.0,0.0,1.0
2024-03-25,GOOGL,150.07000732421875,148.65542602539062,19229300.0,0.0,1.0
2024-03-25,GS,404.94000244140625,384.57171630859375,1683900.0,0.0,1.0
2024-03-26,AAPL,169.7100067138672,167.87985229492188,57388400.0,0.0,1.0
2024-03-26,AMZN,178.3000030517578,178.3000030517578,29659000.0,0.0,1.0
2024-03-26,BA,187.5,187.5,8972200.0,0.0,1.0
2024-03-26,BAC,37.09000015258789,35.037986755371094,33673400.0,0.0,1.0
2024-03-26,CAT,356.3900146484375,345.0384216308594,1637200.0,0.0,1.0
2024-03-26,COST,730.97998046875,720.8443603515625,1353500.0,0.0,1.0
2024-03-26,CVX,155.27000427246094,139.90774536132812,6677900.0,0.0,1.0
2024-03-26,DIS,119.93000030517578,116.65868377685548,11870000.0,0.0,1.0
2024-03-26,GOOGL,150.6699981689453,149.24977111816406,22149100.0,0.0,1.0
2024-03-26,GS,406.1799926757813,385.7493591308594,1407000.0,0.0,1.0
2024-03-27,AAPL,173.30999755859375,171.44097900390625,60273300.0,0.0,1.0
2024-03-27,AMZN,179.8300018310547,179.8300018310547,33272600.0,0.0,1.0
2024-03-27,BA,191.9499969482422,191.9499969482422,7372800.0,0.0,1.0
2024-03-27,BAC,37.810001373291016,35.7181510925293,36350200.0,0.0,1.0
2024-03-27,CAT,364.6499938964844,353.0352478027344,2262800.0,0.0,1.0
2024-03-27,COST,732.0800170898438,721.9293212890625,1246700.0,0.0,1.0
2024-03-27,CVX,156.35000610351562,140.88087463378906,7416900.0,0.0,1.0
2024-03-27,DIS,120.9800033569336,117.6800308227539,10782800.0,0.0,1.0
2024-03-27,GOOGL,150.8699951171875,149.4478759765625,22879200.0,0.0,1.0
2024-03-27,GS,415.25,394.3631286621094,2353600.0,0.0,1.0
2024-03-28,AAPL,171.47999572753906,169.63072204589844,65672700.0,0.0,1.0
2024-03-28,AMZN,180.3800048828125,180.3800048828125,38051600.0,0.0,1.0
2024-03-28,BA,192.9900054931641,192.9900054931641,4471700.0,0.0,1.0
2024-03-28,BAC,37.91999816894531,35.82206344604492,42262500.0,0.0,1.0
2024-03-28,CAT,366.4299926757813,354.75860595703125,2028600.0,0.0,1.0
2024-03-28,COST,732.6300048828125,722.4716186523438,1713300.0,0.0,1.0
2024-03-28,CVX,157.74000549316406,142.13336181640625,8331600.0,0.0,1.0
2024-03-28,DIS,122.36000061035156,119.02239990234376,15367400.0,0.0,1.0
2024-03-28,GOOGL,150.92999267578125,149.50733947753906,24485400.0,0.0,1.0
2024-03-28,GS,417.69000244140625,396.680419921875,2409700.0,0.0,1.0
2024-04-01,AAPL,170.02999877929688,168.1963653564453,46240500.0,0.0,1.0
2024-04-01,AMZN,180.97000122070312,180.97000122070312,29174500.0,0.0,1.0
2024-04-01,BA,189.5,189.5,5107800.0,0.0,1.0
2024-04-01,BAC,37.52000045776367,35.444190979003906,33908000.0,0.0,1.0
2024-04-01,CAT,363.739990234375,352.1543273925781,1953800.0,0.0,1.0
2024-04-01,COST,721.239990234375,711.239501953125,1600700.0,0.0,1.0
2024-04-01,CVX,159.0800018310547,143.3407745361328,6285700.0,0.0,1.0
2024-04-01,DIS,121.52999877929688,118.2150421142578,8419700.0,0.0,1.0
2024-04-01,GOOGL,155.49000549316406,154.02435302734375,31730800.0,0.0,1.0
2024-04-01,GS,413.510009765625,392.7106628417969,1863900.0,0.0,1.0
2024-04-02,AAPL,168.83999633789062,167.01919555664062,49329500.0,0.0,1.0
2024-04-02,AMZN,180.69000244140625,180.69000244140625,32611500.0,0.0,1.0
2024-04-02,BA,188.0399932861328,188.0399932861328,4477200.0,0.0,1.0
2024-04-02,BAC,37.29999923706055,35.23637008666992,34806800.0,0.0,1.0
2024-04-02,CAT,364.8299865722656,353.2095947265625,1968900.0,0.0,1.0
2024-04-02,COST,711.2999877929688,701.437255859375,2326700.0,0.0,1.0
2024-04-02,CVX,159.77999877929688,143.9715118408203,8815400.0,0.0,1.0
2024-04-02,DIS,122.81999969482422,119.4698486328125,15517100.0,0.0,1.0
2024-04-02,GOOGL,154.55999755859375,153.10311889648438,24586000.0,0.0,1.0
2024-04-02,GS,410.1499938964844,389.5197143554687,1976000.0,0.0,1.0
2024-04-03,AAPL,169.64999389648438,167.82046508789062,47691700.0,0.0,1.0
2024-04-03,AMZN,182.41000366210935,182.41000366210935,31046600.0,0.0,1.0
2024-04-03,BA,184.9199981689453,184.9199981689453,6609300.0,0.0,1.0
2024-04-03,BAC,37.439998626708984,35.368621826171875,33338500.0,0.0,1.0
2024-04-03,CAT,375.7900085449219,363.8205261230469,2623700.0,0.0,1.0
2024-04-03,COST,705.6900024414062,695.905029296875,3205500.0,0.0,1.0
2024-04-03,CVX,160.44000244140625,144.56622314453125,7819700.0,0.0,1.0
2024-04-03,DIS,118.9800033569336,115.7345962524414,22480400.0,0.0,1.0
2024-04-03,GOOGL,154.9199981689453,153.45973205566406,24705000.0,0.0,1.0
2024-04-03,GS,414.0,393.1759948730469,1549200.0,0.0,1.0
2024-04-04,AAPL,168.82000732421875,166.99942016601562,53704400.0,0.0,1.0
2024-04-04,AMZN,180.0,180.0,41624300.0,0.0,1.0
2024-04-04,BA,183.2899932861328,183.2899932861328,6513800.0,0.0,1.0
2024-04-04,BAC,36.91999816894531,34.877384185791016,42888200.0,0.0,1.0
2024-04-04,CAT,369.7900085449219,358.0115966796875,2492200.0,0.0,1.0
2024-04-04,COST,704.8800048828125,695.1063842773438,2252400.0,0.0,1.0
2024-04-04,CVX,160.69000244140625,144.79147338867188,9269700.0,0.0,1.0
2024-04-04,DIS,117.08999633789062,113.8961410522461,13815400.0,0.0,1.0
2024-04-04,GOOGL,150.52999877929688,149.11111450195312,34724700.0,0.0,1.0
2024-04-04,GS,406.25,385.81585693359375,1704700.0,0.0,1.0
2024-04-05,AAPL,169.5800018310547,167.75123596191406,42104800.0,0.0,1.0
2024-04-05,AMZN,185.07000732421875,185.07000732421875,42374000.0,0.0,1.0
2024-04-05,BA,183.13999938964844,183.13999938964844,4130400.0,0.0,1.0
2024-04-05,BAC,37.11000061035156,35.05687713623047,30823500.0,0.0,1.0
2024-04-05,CAT,379.2999877929687,367.21868896484375,2068300.0,0.0,1.0
2024-04-05,COST,713.719970703125,703.82373046875,1552900.0,0.0,1.0
2024-04-05,CVX,161.60000610351562,145.6114501953125,7432800.0,0.0,1.0
2024-04-05,DIS,118.37999725341795,115.15095520019533,9653900.0,0.0,1.0
2024-04-05,GOOGL,152.5,151.06253051757812,23459200.0,0.0,1.0
2024-04-05,GS,408.0700073242187,387.5443115234375,1694900.0,0.0,1.0
2024-04-08,AAPL,168.4499969482422,166.63343811035156,37425500.0,0.0,1.0
2024-04-08,AMZN,185.19000244140625,185.19000244140625,39221300.0,0.0,1.0
2024-04-08,BA,181.55999755859375,181.55999755859375,6176400.0,0.0,1.0
2024-04-08,BAC,37.5,35.42530059814453,29470300.0,0.0,1.0
2024-04-08,CAT,373.4700012207031,361.5744323730469,2690000.0,0.0,1.0
2024-04-08,COST,711.8099975585938,701.9403686523438,1459000.0,0.0,1.0
2024-04-08,CVX,161.27000427246094,145.3140869140625,7253200.0,0.0,1.0
2024-04-08,DIS,117.3499984741211,114.1490478515625,6266000.0,0.0,1.0
2024-04-08,GOOGL,154.85000610351562,153.39039611816406,20702000.0,0.0,1.0
2024-04-08,GS,410.5400085449219,389.8900451660156,1181900.0,0.0,1.0
2024-04-09,AAPL,169.6699981689453,167.84024047851562,42373800.0,0.0,1.0
2024-04-09,AMZN,185.6699981689453,185.6699981689453,36520100.0,0.0,1.0
2024-04-09,BA,178.1199951171875,178.1199951171875,11427800.0,0.0,1.0
2024-04-09,BAC,37.72999954223633,35.642574310302734,30967300.0,0.0,1.0
2024-04-09,CAT,371.8999938964844,360.0544128417969,2042700.0,0.0,1.0
2024-04-09,COST,718.5900268554688,708.6264038085938,1386400.0,0.0,1.0
2024-04-09,CVX,162.0,145.97186279296875,6576200.0,0.0,1.0
2024-04-09,DIS,117.97000122070312,114.75214385986328,7451100.0,0.0,1.0
2024-04-09,GOOGL,156.60000610351562,155.1239013671875,31079500.0,0.0,1.0
2024-04-09,GS,410.7099914550781,390.0515441894531,1247200.0,0.0,1.0
2024-04-10,AAPL,167.77999877929688,165.9706573486328,49709300.0,0.0,1.0
2024-04-10,AMZN,185.9499969482422,185.9499969482422,35879200.0,0.0,1.0
2024-04-10,BA,174.6300048828125,174.6300048828125,9727700.0,0.0,1.0
2024-04-10,BAC,36.650001525878906,34.62233352661133,37610700.0,0.0,1.0
2024-04-10,CAT,372.0700073242187,360.2190246582031,2148500.0,0.0,1.0
2024-04-10,COST,722.5800170898438,712.5609130859375,1832000.0,0.0,1.0
2024-04-10,CVX,162.6699981689453,146.57557678222656,7525800.0,0.0,1.0
2024-04-10,DIS,117.19000244140624,113.99341583251952,6746300.0,0.0,1.0
2024-04-10,GOOGL,156.13999938964844,154.66822814941406,22838600.0,0.0,1.0
2024-04-10,GS,400.760009765625,380.6020202636719,1903300.0,0.0,1.0
2024-04-11,AAPL,175.0399932861328,173.15235900878906,91070300.0,0.0,1.0
2024-04-11,AMZN,189.0500030517578,189.0500030517578,40020700.0,0.0,1.0
2024-04-11,BA,173.36000061035156,173.36000061035156,7625100.0,0.0,1.0
2024-04-11,BAC,36.349998474121094,34.33892059326172,38604000.0,0.0,1.0
2024-04-11,CAT,371.9800109863281,360.1318359375,2535700.0,0.0,1.0
2024-04-11,COST,732.3499755859375,722.195556640625,2107800.0,0.0,1.0
2024-04-11,CVX,161.88999938964844,145.8727569580078,7682500.0,0.0,1.0
2024-04-11,DIS,117.1500015258789,113.95451354980467,6559400.0,0.0,1.0
2024-04-11,GOOGL,159.41000366210938,157.90740966796875,27166400.0,0.0,1.0
2024-04-11,GS,397.4800109863281,377.4869689941406,2176200.0,0.0,1.0
2024-04-12,AAPL,176.5500030517578,174.64608764648438,101670900.0,0.0,1.0
2024-04-12,AMZN,186.1300048828125,186.1300048828125,38608800.0,0.0,1.0
2024-04-12,BA,169.5500030517578,169.5500030517578,7568300.0,0.0,1.0
2024-04-12,BAC,35.790000915527344,33.809906005859375,47126100.0,0.0,1.0
2024-04-12,CAT,365.6300048828125,353.984130859375,2072900.0,0.0,1.0
2024-04-12,COST,731.3099975585938,721.169921875,1481800.0,0.0,1.0
2024-04-12,CVX,158.9600067138672,143.23263549804688,11071000.0,0.0,1.0
2024-04-12,DIS,114.01000213623048,110.90016174316406,12155200.0,0.0,1.0
2024-04-12,GOOGL,157.72999572753906,156.2432403564453,25353700.0,0.0,1.0
2024-04-12,GS,389.489990234375,369.8988037109375,2815800.0,0.0,1.0
2024-04-15,AAPL,172.69000244140625,170.82766723632812,73531800.0,0.0,1.0
2024-04-15,AMZN,183.6199951171875,183.6199951171875,48052400.0,0.0,1.0
2024-04-15,BA,167.82000732421875,167.82000732421875,6490700.0,0.0,1.0
2024-04-15,BAC,35.95000076293945,33.9610595703125,44392000.0,0.0,1.0
2024-04-15,CAT,363.9100036621094,352.31890869140625,2171000.0,0.0,1.0
2024-04-15,COST,718.280029296875,708.3206176757812,1808000.0,0.0,1.0
2024-04-15,CVX,157.58999633789062,141.99818420410156,7236900.0,0.0,1.0
2024-04-15,DIS,112.9499969482422,109.86906433105467,9637100.0,0.0,1.0
2024-04-15,GOOGL,154.86000061035156,153.40028381347656,27136500.0,0.0,1.0
2024-04-15,GS,400.8800048828125,380.7159118652344,6177000.0,0.0,1.0
2024-04-16,AAPL,169.3800048828125,167.55340576171875,73711200.0,0.0,1.0
2024-04-16,AMZN,183.32000732421875,183.32000732421875,32891300.0,0.0,1.0
2024-04-16,BA,170.5500030517578,170.5500030517578,7986700.0,0.0,1.0
2024-04-16,BAC,34.68000030517578,32.76132583618164,95566100.0,0.0,1.0
2024-04-16,CAT,359.8800048828125,348.4172668457031,2513900.0,0.0,1.0
2024-04-16,COST,715.969970703125,706.0425415039062,1412300.0,0.0,1.0
2024-04-16,CVX,156.27999877929688,140.81781005859375,5541900.0,0.0,1.0
2024-04-16,DIS,113.87999725341795,110.7737045288086,9291400.0,0.0,1.0
2024-04-16,GOOGL,154.39999389648438,152.9446258544922,20779500.0,0.0,1.0
2024-04-16,GS,396.8599853515625,376.8981323242187,3459700.0,0.0,1.0
2024-04-17,AAPL,168.0,166.18826293945312,50901200.0,0.0,1.0
2024-04-17,AMZN,181.27999877929688,181.27999877929688,31359700.0,0.0,1.0
2024-04-17,BA,170.2100067138672,170.2100067138672,8162600.0,0.0,1.0
2024-04-17,BAC,35.22999954223633,33.280887603759766,65951400.0,0.0,1.0
2024-04-17,CAT,358.32000732421875,346.906982421875,2313800.0,0.0,1.0
2024-04-17,COST,715.1900024414062,705.2733764648438,1376700.0,0.0,1.0
2024-04-17,CVX,156.39999389648438,140.92593383789062,6733900.0,0.0,1.0
2024-04-17,DIS,112.94000244140624,109.8593521118164,7379000.0,0.0,1.0
2024-04-17,GOOGL,155.47000122070312,154.0045623779297,21763100.0,0.0,1.0
2024-04-17,GS,403.9100036621094,383.5935363769531,4373800.0,0.0,1.0
2024-04-18,AAPL,167.0399932861328,165.23858642578125,43122900.0,0.0,1.0
2024-04-18,AMZN,179.22000122070312,179.22000122070312,30723800.0,0.0,1.0
2024-04-18,BA,170.22999572753906,170.22999572753906,5123000.0,0.0,1.0
2024-04-18,BAC,35.77000045776367,33.791015625,44506200.0,0.0,1.0
2024-04-18,CAT,357.92999267578125,346.5293884277344,2380700.0,0.0,1.0
2024-04-18,COST,711.25,701.387939453125,1846400.0,0.0,1.0
2024-04-18,CVX,157.57000732421875,141.98019409179688,4979200.0,0.0,1.0
2024-04-18,DIS,112.43000030517578,109.36326599121094,8235600.0,0.0,1.0
2024-04-18,GOOGL,156.00999450683594,154.5394287109375,19883000.0,0.0,1.0
2024-04-18,GS,403.1099853515625,382.833740234375,2776300.0,0.0,1.0
2024-04-19,AAPL,165.0,163.22061157226562,68149400.0,0.0,1.0
2024-04-19,AMZN,174.6300048828125,174.6300048828125,56000700.0,0.0,1.0
2024-04-19,BA,169.82000732421875,169.82000732421875,4693900.0,0.0,1.0
2024-04-19,BAC,36.970001220703125,34.924625396728516,56273700.0,0.0,1.0
2024-04-19,CAT,354.6600036621094,344.6151428222656,2929600.0,1.3,1.0
2024-04-19,COST,709.510009765625,699.6721801757812,2190400.0,0.0,1.0
2024-04-19,CVX,160.0,144.1697540283203,7734700.0,0.0,1.0
2024-04-19,DIS,112.61000061035156,109.5383529663086,9436000.0,0.0,1.0
2024-04-19,GOOGL,154.08999633789062,152.63754272460938,32615600.0,0.0,1.0
2024-04-19,GS,404.0,383.6790466308594,2805500.0,0.0,1.0
2024-04-22,AAPL,165.83999633789062,164.05157470703125,48116400.0,0.0,1.0
2024-04-22,AMZN,177.22999572753906,177.22999572753906,37924900.0,0.0,1.0
2024-04-22,BA,170.47999572753906,170.47999572753906,4724900.0,0.0,1.0
2024-04-22,BAC,37.72999954223633,35.642574310302734,43867100.0,0.0,1.0
2024-04-22,CAT,357.6099853515625,347.48162841796875,2085400.0,0.0,1.0
2024-04-22,COST,715.4600219726562,705.5396728515625,1437100.0,0.0,1.0
2024-04-22,CVX,161.9199981689453,145.89979553222656,6779200.0,0.0,1.0
2024-04-22,DIS,111.98999786376952,108.93526458740234,6901700.0,0.0,1.0
2024-04-22,GOOGL,156.27999877929688,154.80691528320312,26446200.0,0.0,1.0
2024-04-22,GS,417.3500061035156,396.3575134277344,4165600.0,0.0,1.0
2024-04-23,AAPL,166.89999389648438,165.10012817382812,49537800.0,0.0,1.0
2024-04-23,AMZN,179.5399932861328,179.5399932861328,37046500.0,0.0,1.0
2024-04-23,BA,169.17999267578125,169.17999267578125,7632100.0,0.0,1.0
2024-04-23,BAC,38.369998931884766,36.247169494628906,39180300.0,0.0,1.0
2024-04-23,CAT,363.25,352.96185302734375,1810700.0,0.0,1.0
2024-04-23,COST,722.6799926757812,712.65966796875,1176200.0,0.0,1.0
2024-04-23,CVX,162.85000610351562,146.73777770996094,5597600.0,0.0,1.0
2024-04-23,DIS,113.70999908447266,110.60833740234376,6839300.0,0.0,1.0
2024-04-23,GOOGL,158.25999450683594,156.7682342529297,21151600.0,0.0,1.0
2024-04-23,GS,424.0,402.6730346679687,2662300.0,0.0,1.0
2024-04-24,AAPL,169.02000427246094,167.197265625,48251800.0,0.0,1.0
2024-04-24,AMZN,176.58999633789062,176.58999633789062,34185100.0,0.0,1.0
2024-04-24,BA,164.3300018310547,164.3300018310547,20889300.0,0.0,1.0
2024-04-24,BAC,38.31999969482422,36.19993209838867,28670600.0,0.0,1.0
2024-04-24,CAT,363.5199890136719,353.2242431640625,3032700.0,0.0,1.0
2024-04-24,COST,723.8900146484375,713.8527221679688,1206600.0,0.0,1.0
2024-04-24,CVX,163.57000732421875,147.3865509033203,7610300.0,0.0,1.0
2024-04-24,DIS,113.91999816894533,110.81260681152344,6157200.0,0.0,1.0
2024-04-24,GOOGL,159.1300048828125,157.63006591796875,22779100.0,0.0,1.0
2024-04-24,GS,423.0400085449219,401.7613220214844,1575900.0,0.0,1.0
2024-04-25,AAPL,169.88999938964844,168.05787658691406,50558300.0,0.0,1.0
2024-04-25,AMZN,173.6699981689453,173.6699981689453,49249400.0,0.0,1.0
2024-04-25,BA,166.80999755859375,166.80999755859375,12504700.0,0.0,1.0
2024-04-25,BAC,37.90999984741211,35.81261444091797,41116000.0,0.0,1.0
2024-04-25,CAT,338.0,328.4270324707031,6459600.0,0.0,1.0
2024-04-25,COST,721.8599853515625,712.9935302734375,1613600.0,1.16,1.0
2024-04-25,CVX,165.27999877929688,148.92735290527344,9702600.0,0.0,1.0
2024-04-25,DIS,112.7699966430664,109.6939697265625,8045900.0,0.0,1.0
2024-04-25,GOOGL,156.0,154.52955627441406,57109700.0,0.0,1.0
2024-04-25,GS,420.0499877929687,398.9216918945313,1970100.0,0.0,1.0
2024-04-26,AAPL,169.3000030517578,167.47425842285156,44838400.0,0.0,1.0
2024-04-26,AMZN,179.6199951171875,179.6199951171875,43919800.0,0.0,1.0
2024-04-26,BA,167.22000122070312,167.22000122070312,7208100.0,0.0,1.0
2024-04-26,BAC,37.83000183105469,35.73704528808594,28668700.0,0.0,1.0
2024-04-26,CAT,343.3800048828125,333.6546630859375,3324600.0,0.0,1.0
2024-04-26,COST,729.1799926757812,720.2235107421875,1524400.0,0.0,1.0
2024-04-26,CVX,165.88999938964844,149.4770050048828,9736400.0,0.0,1.0
2024-04-26,DIS,112.7300033569336,109.6550750732422,6304800.0,0.0,1.0
2024-04-26,GOOGL,171.9499969482422,170.32919311523438,64665300.0,0.0,1.0
2024-04-26,GS,427.5700073242187,406.0634460449219,2322700.0,0.0,1.0
2024-04-29,AAPL,173.5,171.62893676757812,68169400.0,0.0,1.0
2024-04-29,AMZN,180.9600067138672,180.9600067138672,54063900.0,0.0,1.0
2024-04-29,BA,173.49000549316406,173.49000549316406,7788600.0,0.0,1.0
2024-04-29,BAC,37.54999923706055,35.47252655029297,26438800.0,0.0,1.0
2024-04-29,CAT,349.79998779296875,339.8927917480469,2171400.0,0.0,1.0
2024-04-29,COST,726.3300170898438,717.4085693359375,1526900.0,0.0,1.0
2024-04-29,CVX,166.3300018310547,149.8734588623047,6364000.0,0.0,1.0
2024-04-29,DIS,112.08000183105467,109.0228042602539,7151200.0,0.0,1.0
2024-04-29,GOOGL,166.14999389648438,164.58387756347656,45610000.0,0.0,1.0
2024-04-29,GS,430.80999755859375,409.1404724121094,2453000.0,0.0,1.0
2024-04-30,AAPL,170.3300018310547,168.49317932128906,65934800.0,0.0,1.0
2024-04-30,AMZN,175.0,175.0,94639800.0,0.0,1.0
2024-04-30,BA,167.83999633789062,167.83999633789062,8248800.0,0.0,1.0
2024-04-30,BAC,37.0099983215332,34.96240997314453,30283800.0,0.0,1.0
2024-04-30,CAT,334.57000732421875,325.09417724609375,4201700.0,0.0,1.0
2024-04-30,COST,722.9000244140625,714.0208129882812,1734800.0,0.0,1.0
2024-04-30,CVX,161.27000427246094,145.3140869140625,8457300.0,0.0,1.0
2024-04-30,DIS,111.0999984741211,108.0695343017578,8156600.0,0.0,1.0
2024-04-30,GOOGL,162.77999877929688,161.24563598632812,33562900.0,0.0,1.0
2024-04-30,GS,426.7099914550781,405.2466735839844,1829900.0,0.0,1.0
2024-05-01,AAPL,169.3000030517578,167.47425842285156,50383100.0,0.0,1.0
2024-05-01,AMZN,179.0,179.0,94645100.0,0.0,1.0
2024-05-01,BA,171.4600067138672,171.4600067138672,6191900.0,0.0,1.0
2024-05-01,BAC,36.95000076293945,34.90572738647461,32272000.0,0.0,1.0
2024-05-01,CAT,331.07000732421875,321.693359375,3520600.0,0.0,1.0
2024-05-01,COST,722.219970703125,713.34912109375,1609100.0,0.0,1.0
2024-05-01,CVX,159.6300048828125,143.83636474609375,7713700.0,0.0,1.0
2024-05-01,DIS,110.4800033569336,107.46646118164062,6338400.0,0.0,1.0
2024-05-01,GOOGL,163.86000061035156,162.31546020507812,33493200.0,0.0,1.0
2024-05-01,GS,426.9500122070313,405.47467041015625,2310100.0,0.0,1.0
2024-05-02,AAPL,173.02999877929688,171.1640167236328,94214900.0,0.0,1.0
2024-05-02,AMZN,184.72000122070312,184.72000122070312,54303500.0,0.0,1.0
2024-05-02,BA,178.85000610351562,178.85000610351562,10223700.0,0.0,1.0
2024-05-02,BAC,36.880001068115234,34.83960723876953,34860300.0,0.0,1.0
2024-05-02,CAT,335.44000244140625,325.9395446777344,2492000.0,0.0,1.0
2024-05-02,COST,732.4400024414062,723.4435424804688,1826900.0,0.0,1.0
2024-05-02,CVX,160.72999572753906,144.82754516601562,8597100.0,0.0,1.0
2024-05-02,DIS,112.62000274658205,109.54808044433594,6799800.0,0.0,1.0
2024-05-02,GOOGL,166.6199951171875,165.04942321777344,24294500.0,0.0,1.0
2024-05-02,GS,432.5700073242187,410.8119812011719,2087500.0,0.0,1.0
2024-05-03,AAPL,183.3800048828125,181.4024200439453,163224100.0,0.0,1.0
2024-05-03,AMZN,186.2100067138672,186.2100067138672,39172000.0,0.0,1.0
2024-05-03,BA,179.7899932861328,179.7899932861328,5416300.0,0.0,1.0
2024-05-03,BAC,37.25,35.18913650512695,34082700.0,0.0,1.0
2024-05-03,CAT,336.75,327.21240234375,1977100.0,0.0,1.0
2024-05-03,COST,743.9000244140625,734.7627563476562,2323300.0,0.0,1.0
2024-05-03,CVX,160.25,144.39500427246094,11664500.0,0.0,1.0
2024-05-03,DIS,113.66000366210938,110.55972290039062,7411100.0,0.0,1.0
2024-05-03,GOOGL,167.24000549316406,165.66360473632812,34662400.0,0.0,1.0
2024-05-03,GS,438.1799926757813,416.1398010253906,2406300.0,0.0,1.0
2024-05-06,AAPL,181.7100067138672,179.75042724609375,78569700.0,0.0,1.0
2024-05-06,AMZN,188.6999969482422,188.6999969482422,34725300.0,0.0,1.0
2024-05-06,BA,178.35000610351562,178.35000610351562,11913400.0,0.0,1.0
2024-05-06,BAC,37.689998626708984,35.60478591918945,28422300.0,0.0,1.0
2024-05-06,CAT,342.1000061035156,332.4108581542969,1653900.0,0.0,1.0
2024-05-06,COST,756.4500122070312,747.1586303710938,1773300.0,0.0,1.0
2024-05-06,CVX,162.3000030517578,146.2421875,8430300.0,0.0,1.0
2024-05-06,DIS,116.47000122070312,113.29306030273438,16303200.0,0.0,1.0
2024-05-06,GOOGL,168.10000610351562,166.51551818847656,21871300.0,0.0,1.0
2024-05-06,GS,443.6700134277344,421.3536376953125,1914300.0,0.0,1.0
2024-05-07,AAPL,182.3999938964844,180.43299865722656,77305800.0,0.0,1.0
2024-05-07,AMZN,188.7599945068359,188.7599945068359,34048900.0,0.0,1.0
2024-05-07,BA,176.7100067138672,176.7100067138672,5097500.0,0.0,1.0
2024-05-07,BAC,37.84000015258789,35.746490478515625,29119500.0,0.0,1.0
2024-05-07,CAT,345.0,335.228759765625,1965600.0,0.0,1.0
2024-05-07,COST,771.3099975585938,761.836181640625,1897800.0,0.0,1.0
2024-05-07,CVX,162.6699981689453,146.57557678222656,6869900.0,0.0,1.0
2024-05-07,DIS,105.38999938964844,102.5152816772461,55084600.0,0.0,1.0
2024-05-07,GOOGL,171.25,169.63577270507812,28039700.0,0.0,1.0
2024-05-07,GS,443.7999877929687,421.4770812988281,2058200.0,0.0,1.0
2024-05-08,AAPL,182.7400054931641,180.7693328857422,45057100.0,0.0,1.0
2024-05-08,AMZN,188.0,188.0,26136400.0,0.0,1.0
2024-05-08,BA,180.3500061035156,180.3500061035156,4956800.0,0.0,1.0
2024-05-08,BAC,37.709999084472656,35.62368392944336,32803300.0,0.0,1.0
2024-05-08,CAT,344.5,334.742919921875,2260300.0,0.0,1.0
2024-05-08,COST,763.4099731445312,754.0330810546875,1511900.0,0.0,1.0
2024-05-08,CVX,162.5399932861328,146.4584503173828,6706400.0,0.0,1.0
2024-05-08,DIS,105.44000244140624,102.5639190673828,15238100.0,0.0,1.0
2024-05-08,GOOGL,169.3800048828125,167.783447265625,19569100.0,0.0,1.0
2024-05-08,GS,446.9500122070313,424.46868896484375,2006700.0,0.0,1.0
2024-05-09,AAPL,184.57000732421875,182.57958984375,48983000.0,0.0,1.0
2024-05-09,AMZN,189.5,189.5,43368400.0,0.0,1.0
2024-05-09,BA,181.25,181.25,5107400.0,0.0,1.0
2024-05-09,BAC,38.279998779296875,36.16214370727539,26855400.0,0.0,1.0
2024-05-09,CAT,351.7799987792969,341.81671142578125,3208900.0,0.0,1.0
2024-05-09,COST,779.0399780273438,769.4711303710938,1716200.0,0.0,1.0
2024-05-09,CVX,165.4499969482422,149.0805206298828,6683300.0,0.0,1.0
2024-05-09,DIS,105.8000030517578,102.91411590576172,15096000.0,0.0,1.0
2024-05-09,GOOGL,169.9600067138672,168.3579559326172,15346700.0,0.0,1.0
2024-05-09,GS,455.55999755859375,432.6455993652344,2710200.0,0.0,1.0
2024-05-10,AAPL,183.0500030517578,181.3215789794922,50759500.0,0.25,1.0
2024-05-10,AMZN,187.47999572753903,187.47999572753903,34141800.0,0.0,1.0
2024-05-10,BA,178.50999450683594,178.50999450683594,3715500.0,0.0,1.0
2024-05-10,BAC,38.45000076293945,36.3227424621582,27359100.0,0.0,1.0
2024-05-10,CAT,354.7900085449219,344.7414855957031,2210600.0,0.0,1.0
2024-05-10,COST,787.1900024414062,777.5211181640625,1652700.0,0.0,1.0
2024-05-10,CVX,165.82000732421875,149.4139404296875,5490900.0,0.0,1.0
2024-05-10,DIS,105.79000091552734,102.90437316894533,15884600.0,0.0,1.0
2024-05-10,GOOGL,168.64999389648438,167.06027221679688,29799900.0,0.0,1.0
2024-05-10,GS,454.7300109863281,431.8572998046875,1823900.0,0.0,1.0
2024-05-13,AAPL,186.27999877929688,184.52105712890625,72044800.0,0.0,1.0
2024-05-13,AMZN,186.57000732421875,186.57000732421875,24898600.0,0.0,1.0
2024-05-13,BA,178.44000244140625,178.44000244140625,3105200.0,0.0,1.0
2024-05-13,BAC,38.209999084472656,36.09602355957031,24060600.0,0.0,1.0
2024-05-13,CAT,356.67999267578125,346.5779724121094,2051200.0,0.0,1.0
2024-05-13,COST,775.1500244140625,765.6290283203125,1596800.0,0.0,1.0
2024-05-13,CVX,164.52999877929688,148.2515411376953,6848300.0,0.0,1.0
2024-05-13,DIS,105.83000183105467,102.94328308105467,9666400.0,0.0,1.0
2024-05-13,GOOGL,169.13999938964844,167.5457000732422,31327600.0,0.0,1.0
2024-05-13,GS,453.55999755859375,430.7461242675781,1579600.0,0.0,1.0
2024-05-14,AAPL,187.42999267578125,185.6602325439453,52393600.0,0.0,1.0
2024-05-14,AMZN,187.07000732421875,187.07000732421875,38698200.0,0.0,1.0
2024-05-14,BA,180.7599945068359,180.7599945068359,4686500.0,0.0,1.0
2024-05-14,BAC,38.4900016784668,36.36052703857422,27594800.0,0.0,1.0
2024-05-14,CAT,358.17999267578125,348.03546142578125,1563400.0,0.0,1.0
2024-05-14,COST,777.9000244140625,768.3450927734375,1327700.0,0.0,1.0
2024-05-14,CVX,163.61000061035156,147.42259216308594,4924000.0,0.0,1.0
2024-05-14,DIS,105.3499984741211,102.47637939453124,11278400.0,0.0,1.0
2024-05-14,GOOGL,170.33999633789062,168.73440551757812,25127100.0,0.0,1.0
2024-05-14,GS,458.4700012207031,435.40924072265625,2412900.0,0.0,1.0
2024-05-15,AAPL,189.72000122070312,187.9285888671875,70400000.0,0.0,1.0
2024-05-15,AMZN,185.9900054931641,185.9900054931641,75459900.0,0.0,1.0
2024-05-15,BA,176.99000549316406,176.99000549316406,5858900.0,0.0,1.0
2024-05-15,BAC,38.90999984741211,36.75728988647461,34084400.0,0.0,1.0
2024-05-15,CAT,360.0400085449219,349.8428039550781,1913900.0,0.0,1.0
2024-05-15,COST,787.0399780273438,777.3728637695312,1661700.0,0.0,1.0
2024-05-15,CVX,163.0500030517578,146.91798400878906,7603100.0,0.0,1.0
2024-05-15,DIS,102.7699966430664,99.9667510986328,20745600.0,0.0,1.0
2024-05-15,GOOGL,172.50999450683594,170.8839111328125,26948400.0,0.0,1.0
2024-05-15,GS,466.0899963378906,442.6459045410156,2217700.0,0.0,1.0
2024-05-16,AAPL,189.83999633789065,188.0474395751953,52845200.0,0.0,1.0
2024-05-16,AMZN,183.6300048828125,183.6300048828125,38834500.0,0.0,1.0
2024-05-16,BA,182.9600067138672,182.9600067138672,6993200.0,0.0,1.0
2024-05-16,BAC,39.220001220703125,37.05014419555664,32554200.0,0.0,1.0
2024-05-16,CAT,350.7200012207031,340.7867736816406,2821700.0,0.0,1.0
2024-05-16,COST,793.0700073242188,783.328857421875,2000000.0,0.0,1.0
2024-05-16,CVX,161.08999633789062,146.6175994873047,6409400.0,1.63,1.0
2024-05-16,DIS,103.37000274658205,100.55038452148438,9476700.0,0.0,1.0
2024-05-16,GOOGL,174.17999267578125,172.5381622314453,27867900.0,0.0,1.0
2024-05-16,GS,464.5199890136719,441.15484619140625,2070300.0,0.0,1.0
2024-05-17,AAPL,189.8699951171875,188.07716369628903,41282900.0,0.0,1.0
2024-05-17,AMZN,184.6999969482422,184.6999969482422,33175700.0,0.0,1.0
2024-05-17,BA,184.9499969482422,184.9499969482422,5562400.0,0.0,1.0
2024-05-17,BAC,39.290000915527344,37.116268157958984,25537300.0,0.0,1.0
2024-05-17,CAT,356.2699890136719,346.1795349121094,2104300.0,0.0,1.0
2024-05-17,COST,795.8099975585938,786.03515625,1309100.0,0.0,1.0
2024-05-17,CVX,162.6699981689453,148.0557098388672,5497900.0,0.0,1.0
2024-05-17,DIS,103.25,100.43366241455078,7356000.0,0.0,1.0
2024-05-17,GOOGL,176.05999755859375,174.40045166015625,24479300.0,0.0,1.0
2024-05-17,GS,467.7200012207031,444.19390869140625,1655900.0,0.0,1.0
2024-05-20,AAPL,191.0399932861328,189.2361297607422,44361300.0,0.0,1.0
2024-05-20,AMZN,183.5399932861328,183.5399932861328,30511800.0,0.0,1.0
2024-05-20,BA,186.61000061035156,186.61000061035156,6228600.0,0.0,1.0
2024-05-20,BAC,38.81999969482422,36.672271728515625,28369800.0,0.0,1.0
2024-05-20,CAT,362.75,352.47607421875,2247900.0,0.0,1.0
2024-05-20,COST,793.0,783.2597045898438,1347100.0,0.0,1.0
2024-05-20,CVX,161.13999938964844,146.66314697265625,4913800.0,0.0,1.0
2024-05-20,DIS,102.9000015258789,100.09320068359376,7667400.0,0.0,1.0
2024-05-20,GOOGL,176.9199981689453,175.2523651123047,22554400.0,0.0,1.0
2024-05-20,GS,462.94000244140625,439.65435791015625,2591500.0,0.0,1.0
2024-05-21,AAPL,192.3500061035156,190.5337829589844,42309400.0,0.0,1.0
2024-05-21,AMZN,183.1499938964844,183.1499938964844,50839100.0,0.0,1.0
2024-05-21,BA,184.77999877929688,184.77999877929688,4349100.0,0.0,1.0
2024-05-21,BAC,39.650001525878906,37.45635223388672,31799200.0,0.0,1.0
2024-05-21,CAT,359.07000732421875,348.9002685546875,1841100.0,0.0,1.0
2024-05-21,COST,800.9299926757812,791.0923461914062,1375700.0,0.0,1.0
2024-05-21,CVX,159.97000122070312,145.59825134277344,4783300.0,0.0,1.0
2024-05-21,DIS,103.01000213623048,100.20021057128906,7333300.0,0.0,1.0
2024-05-21,GOOGL,177.85000610351562,176.173583984375,16989400.0,0.0,1.0
2024-05-21,GS,470.4100036621094,446.7486267089844,2762600.0,0.0,1.0
2024-05-22,AAPL,190.8999938964844,189.0974578857422,34648500.0,0.0,1.0
2024-05-22,AMZN,183.1300048828125,183.1300048828125,28148800.0,0.0,1.0
2024-05-22,BA,186.27999877929688,186.27999877929688,3785400.0,0.0,1.0
2024-05-22,BAC,39.7599983215332,37.560264587402344,42837600.0,0.0,1.0
2024-05-22,CAT,355.94000244140625,345.85894775390625,2104200.0,0.0,1.0
2024-05-22,COST,801.8599853515625,792.0108032226562,1192800.0,0.0,1.0
2024-05-22,CVX,157.57000732421875,143.4138641357422,6260500.0,0.0,1.0
2024-05-22,DIS,103.0199966430664,100.20993041992188,7190300.0,0.0,1.0
2024-05-22,GOOGL,176.3800048828125,174.71742248535156,17880000.0,0.0,1.0
2024-05-22,GS,462.3800048828125,439.12255859375,2729500.0,0.0,1.0
2024-05-23,AAPL,186.8800048828125,185.1154327392578,51005900.0,0.0,1.0
2024-05-23,AMZN,181.0500030517578,181.0500030517578,33670200.0,0.0,1.0
2024-05-23,BA,172.2100067138672,172.2100067138672,17116000.0,0.0,1.0
2024-05-23,BAC,39.16999816894531,37.00290298461914,39033900.0,0.0,1.0
2024-05-23,CAT,350.70001220703125,340.7673034667969,2749200.0,0.0,1.0
2024-05-23,COST,796.3400268554688,786.5586547851562,1519200.0,0.0,1.0
2024-05-23,CVX,156.94000244140625,142.84048461914062,6718400.0,0.0,1.0
2024-05-23,DIS,100.66000366210938,97.91431427001952,10504000.0,0.0,1.0
2024-05-23,GOOGL,173.5500030517578,171.9141387939453,21024900.0,0.0,1.0
2024-05-23,GS,458.1499938964844,435.1052856445313,2254500.0,0.0,1.0
2024-05-24,AAPL,189.97999572753903,188.18614196777344,36327000.0,0.0,1.0
2024-05-24,AMZN,180.75,180.75,27471600.0,0.0,1.0
2024-05-24,BA,174.52000427246094,174.52000427246094,9489400.0,0.0,1.0
2024-05-24,BAC,39.70000076293945,37.50358963012695,22166300.0,0.0,1.0
2024-05-24,CAT,348.8999938964844,339.0182800292969,2635200.0,0.0,1.0
2024-05-24,COST,809.72998046875,799.7842407226562,1623000.0,0.0,1.0
2024-05-24,CVX,157.75,143.5777130126953,4477700.0,0.0,1.0
2024-05-24,DIS,101.76000213623048,98.98429870605467,6451600.0,0.0,1.0
2024-05-24,GOOGL,174.99000549316406,173.3405303955078,16579400.0,0.0,1.0
2024-05-24,GS,461.1799926757813,437.9828796386719,1932200.0,0.0,1.0
2024-05-28,AAPL,189.9900054931641,188.1960601806641,52280100.0,0.0,1.0
2024-05-28,AMZN,182.1499938964844,182.1499938964844,29927000.0,0.0,1.0
2024-05-28,BA,175.0800018310547,175.0800018310547,5274400.0,0.0,1.0
2024-05-28,BAC,39.31999969482422,37.14461135864258,31217900.0,0.0,1.0
2024-05-28,CAT,346.4700012207031,336.6570739746094,2264900.0,0.0,1.0
2024-05-28,COST,813.1699829101562,803.181884765625,1986300.0,0.0,1.0
2024-05-28,CVX,159.0399932861328,144.7518310546875,6928300.0,0.0,1.0
2024-05-28,DIS,102.44000244140624,99.64574432373048,7813100.0,0.0,1.0
2024-05-28,GOOGL,176.39999389648438,174.73727416992188,20572200.0,0.0,1.0
2024-05-28,GS,459.80999755859375,436.6817626953125,1930800.0,0.0,1.0
2024-05-29,AAPL,190.2899932861328,188.49322509765625,53068000.0,0.0,1.0
2024-05-29,AMZN,182.02000427246097,182.02000427246097,32009300.0,0.0,1.0
2024-05-29,BA,171.64999389648438,171.64999389648438,3666400.0,0.0,1.0
2024-05-29,BAC,38.720001220703125,36.57780838012695,26677500.0,0.0,1.0
2024-05-29,CAT,338.1099853515625,328.533935546875,3040000.0,0.0,1.0
2024-05-29,COST,806.52001953125,796.6136474609375,2282800.0,0.0,1.0
2024-05-29,CVX,156.89999389648438,142.8040313720703,5909600.0,0.0,1.0
2024-05-29,DIS,100.87999725341795,98.12830352783205,7376300.0,0.0,1.0
2024-05-29,GOOGL,175.89999389648438,174.241943359375,23388700.0,0.0,1.0
2024-05-29,GS,457.1700134277344,434.1746520996094,2315700.0,0.0,1.0
2024-05-30,AAPL,191.2899932861328,189.48373413085935,49889100.0,0.0,1.0
2024-05-30,AMZN,179.32000732421875,179.32000732421875,29184700.0,0.0,1.0
2024-05-30,BA,172.75,172.75,3924700.0,0.0,1.0
2024-05-30,BAC,38.630001068115234,36.49277877807617,50989100.0,0.0,1.0
2024-05-30,CAT,339.25,329.64166259765625,2745800.0,0.0,1.0
2024-05-30,COST,815.3400268554688,805.3253784179688,2277800.0,0.0,1.0
2024-05-30,CVX,158.25999450683594,144.04188537597656,6369600.0,0.0,1.0
2024-05-30,DIS,101.6999969482422,98.92593383789062,7300600.0,0.0,1.0
2024-05-30,GOOGL,172.11000061035156,170.48770141601562,22931500.0,0.0,1.0
2024-05-30,GS,450.2300109863281,430.17132568359375,2135000.0,2.75,1.0
2024-05-31,AAPL,192.25,190.4346923828125,75158300.0,0.0,1.0
2024-05-31,AMZN,176.44000244140625,176.44000244140625,58903900.0,0.0,1.0
2024-05-31,BA,177.61000061035156,177.61000061035156,5774500.0,0.0,1.0
2024-05-31,BAC,39.9900016784668,37.77754592895508,58188400.0,0.0,1.0
2024-05-31,CAT,338.5199890136719,328.9322509765625,8319400.0,0.0,1.0
2024-05-31,COST,809.8900146484375,799.9422607421875,4360700.0,0.0,1.0
2024-05-31,CVX,162.3000030517578,147.7189178466797,10334200.0,0.0,1.0
2024-05-31,DIS,103.91000366210938,101.07565307617188,14735800.0,0.0,1.0
2024-05-31,GOOGL,172.5,170.87400817871094,37638900.0,0.0,1.0
2024-05-31,GS,456.5199890136719,436.1809997558594,2638300.0,0.0,1.0
2024-06-03,AAPL,194.02999877929688,192.19789123535156,50080500.0,0.0,1.0
2024-06-03,AMZN,178.33999633789062,178.33999633789062,30786600.0,0.0,1.0
2024-06-03,BA,184.57000732421875,184.57000732421875,8951600.0,0.0,1.0
2024-06-03,BAC,39.880001068115234,37.67362594604492,31898600.0,0.0,1.0
2024-06-03,CAT,331.3599853515625,321.9750671386719,3878600.0,0.0,1.0
2024-06-03,COST,815.3900146484375,805.3746948242188,2008700.0,0.0,1.0
2024-06-03,CVX,157.4600067138672,143.31378173828125,9009900.0,0.0,1.0
2024-06-03,DIS,102.7699966430664,99.9667510986328,6908600.0,0.0,1.0
2024-06-03,GOOGL,173.1699981689453,171.53770446777344,27459100.0,0.0,1.0
2024-06-03,GS,454.9800109863281,434.7096557617187,1930700.0,0.0,1.0
2024-06-04,AAPL,194.3500061035156,192.51486206054688,47471400.0,0.0,1.0
2024-06-04,AMZN,179.33999633789062,179.33999633789062,27198400.0,0.0,1.0
2024-06-04,BA,188.6199951171875,188.6199951171875,7176800.0,0.0,1.0
2024-06-04,BAC,39.68000030517578,37.48469161987305,26974200.0,0.0,1.0
2024-06-04,CAT,327.57000732421875,318.29241943359375,3706600.0,0.0,1.0
2024-06-04,COST,827.3900146484375,817.2272338867188,1754500.0,0.0,1.0
2024-06-04,CVX,156.1300048828125,142.10324096679688,6360500.0,0.0,1.0
2024-06-04,DIS,103.33000183105467,100.511474609375,7269100.0,0.0,1.0
2024-06-04,GOOGL,173.7899932861328,172.15184020996094,26879600.0,0.0,1.0
2024-06-04,GS,455.2999877929687,435.0153198242187,1835000.0,0.0,1.0
2024-06-05,AAPL,195.8699951171875,194.02052307128903,54156800.0,0.0,1.0
2024-06-05,AMZN,181.27999877929688,181.27999877929688,32116400.0,0.0,1.0
2024-06-05,BA,189.8500061035156,189.8500061035156,5944000.0,0.0,1.0
2024-06-05,BAC,39.959999084472656,37.74919128417969,34140300.0,0.0,1.0
2024-06-05,CAT,329.45001220703125,320.1191711425781,2616300.0,0.0,1.0
2024-06-05,COST,834.2999877929688,824.0524291992188,2080000.0,0.0,1.0
2024-06-05,CVX,154.97999572753906,141.0565643310547,7058500.0,0.0,1.0
2024-06-05,DIS,101.5,98.7313995361328,10796900.0,0.0,1.0
2024-06-05,GOOGL,175.41000366210938,173.756591796875,22068500.0,0.0,1.0
2024-06-05,GS,461.6799926757813,441.1111145019531,1678900.0,0.0,1.0
2024-06-06,AAPL,194.47999572753903,192.64361572265625,41181800.0,0.0,1.0
2024-06-06,AMZN,185.0,185.0,31371200.0,0.0,1.0
2024-06-06,BA,191.4199981689453,191.4199981689453,5942200.0,0.0,1.0
2024-06-06,BAC,39.70000076293945,37.50358963012695,38676400.0,0.0,1.0
2024-06-06,CAT,328.2900085449219,318.9920654296875,2452100.0,0.0,1.0
2024-06-06,COST,842.6400146484375,832.2899780273438,1735000.0,0.0,1.0
2024-06-06,CVX,155.92999267578125,141.9212188720703,5215100.0,0.0,1.0
2024-06-06,DIS,101.20999908447266,98.44929504394533,10294700.0,0.0,1.0
2024-06-06,GOOGL,176.72999572753906,175.0641632080078,23251000.0,0.0,1.0
2024-06-06,GS,458.1000061035156,437.6906127929687,1598000.0,0.0,1.0
2024-06-07,AAPL,196.88999938964844,195.03089904785156,53103900.0,0.0,1.0
2024-06-07,AMZN,184.3000030517578,184.3000030517578,28021500.0,0.0,1.0
2024-06-07,BA,190.2400054931641,190.2400054931641,3374500.0,0.0,1.0
2024-06-07,BAC,39.779998779296875,37.80772018432617,25928700.0,0.24,1.0
2024-06-07,CAT,328.94000244140625,319.62359619140625,2499100.0,0.0,1.0
2024-06-07,COST,845.5800170898438,835.1939086914062,1593600.0,0.0,1.0
2024-06-07,CVX,156.0800018310547,142.05775451660156,5887700.0,0.0,1.0
2024-06-07,DIS,101.54000091552734,98.77031707763672,6047800.0,0.0,1.0
2024-06-07,GOOGL,174.4600067138672,172.81553649902344,19661400.0,0.0,1.0
2024-06-07,GS,454.9100036621094,434.6427612304687,1736100.0,0.0,1.0
2024-06-10,AAPL,193.1199951171875,191.29649353027344,97010200.0,0.0,1.0
2024-06-10,AMZN,187.05999755859375,187.05999755859375,34445600.0,0.0,1.0
2024-06-10,BA,190.1199951171875,190.1199951171875,4385000.0,0.0,1.0
2024-06-10,BAC,39.66999816894531,37.70317459106445,37176200.0,0.0,1.0
2024-06-10,CAT,329.6099853515625,320.274658203125,2640500.0,0.0,1.0
2024-06-10,COST,848.3400268554688,837.9199829101562,1401600.0,0.0,1.0
2024-06-10,CVX,156.74000549316406,142.658447265625,7074700.0,0.0,1.0
2024-06-10,DIS,102.73999786376952,99.93756866455078,7621900.0,0.0,1.0
2024-06-10,GOOGL,175.00999450683594,173.55931091308594,23726700.0,0.2,1.0
2024-06-10,GS,453.5499877929687,433.3432922363281,1698600.0,0.0,1.0
2024-06-11,AAPL,207.1499938964844,205.1940155029297,172373300.0,0.0,1.0
2024-06-11,AMZN,187.22999572753903,187.22999572753903,27265100.0,0.0,1.0
2024-06-11,BA,185.5,185.5,5010100.0,0.0,1.0
2024-06-11,BAC,38.86000061035156,36.93333053588867,44629000.0,0.0,1.0
2024-06-11,CAT,327.30999755859375,318.0397644042969,3247000.0,0.0,1.0
2024-06-11,COST,849.3099975585938,838.8780517578125,1690500.0,0.0,1.0
2024-06-11,CVX,156.49000549316406,142.430908203125,5132000.0,0.0,1.0
2024-06-11,DIS,100.87000274658205,98.11858367919922,9134200.0,0.0,1.0
2024-06-11,GOOGL,176.6199951171875,175.1559600830078,21540600.0,0.0,1.0
2024-06-11,GS,444.2699890136719,424.4767456054687,1938200.0,0.0,1.0
2024-06-12,AAPL,213.07000732421875,211.05812072753903,198134300.0,0.0,1.0
2024-06-12,AMZN,186.88999938964844,186.88999938964844,33984200.0,0.0,1.0
2024-06-12,BA,182.6699981689453,182.6699981689453,5245200.0,0.0,1.0
2024-06-12,BAC,39.40999984741211,37.45606231689453,38964700.0,0.0,1.0
2024-06-12,CAT,328.7300109863281,319.4195861816406,4817300.0,0.0,1.0
2024-06-12,COST,847.8099975585938,837.396484375,1838300.0,0.0,1.0
2024-06-12,CVX,154.22000122070312,140.36485290527344,10017400.0,0.0,1.0
2024-06-12,DIS,100.8000030517578,98.05048370361328,9041800.0,0.0,1.0
2024-06-12,GOOGL,177.7899932861328,176.31625366210938,27864700.0,0.0,1.0
2024-06-12,GS,448.7000122070313,428.70941162109375,1733000.0,0.0,1.0
2024-06-13,AAPL,214.2400054931641,212.21707153320312,97862700.0,0.0,1.0
2024-06-13,AMZN,183.8300018310547,183.8300018310547,39721500.0,0.0,1.0
2024-06-13,BA,180.6999969482422,180.6999969482422,4201000.0,0.0,1.0
2024-06-13,BAC,39.2599983215332,37.31350326538086,40018700.0,0.0,1.0
2024-06-13,CAT,326.3599853515625,317.1166076660156,3183900.0,0.0,1.0
2024-06-13,COST,845.9600219726562,835.5692749023438,1322400.0,0.0,1.0
2024-06-13,CVX,152.83999633789062,139.1088104248047,6163000.0,0.0,1.0
2024-06-13,DIS,100.08999633789062,97.35984802246094,10164600.0,0.0,1.0
2024-06-13,GOOGL,175.16000366210938,173.7080841064453,20913300.0,0.0,1.0
2024-06-13,GS,446.3500061035156,426.464111328125,1849100.0,0.0,1.0
2024-06-14,AAPL,212.4900054931641,210.4835968017578,70122700.0,0.0,1.0
2024-06-14,AMZN,183.66000366210935,183.66000366210935,25456400.0,0.0,1.0
2024-06-14,BA,177.27000427246094,177.27000427246094,5106000.0,0.0,1.0
2024-06-14,BAC,39.2400016784668,37.29449462890625,32347900.0,0.0,1.0
2024-06-14,CAT,321.4700012207031,312.36517333984375,4195300.0,0.0,1.0
2024-06-14,COST,855.6699829101562,845.1598510742188,1395500.0,0.0,1.0
2024-06-14,CVX,152.57000732421875,138.86306762695312,6159100.0,0.0,1.0
2024-06-14,DIS,99.97000122070312,97.24313354492188,7087600.0,0.0,1.0
2024-06-14,GOOGL,176.7899932861328,175.32455444335938,18063600.0,0.0,1.0
2024-06-14,GS,446.4599914550781,426.5692138671875,1559100.0,0.0,1.0
2024-06-17,AAPL,216.6699981689453,214.6241149902344,93728300.0,0.0,1.0
2024-06-17,AMZN,184.05999755859375,184.05999755859375,35601900.0,0.0,1.0
2024-06-17,BA,178.38999938964844,178.38999938964844,4790000.0,0.0,1.0
2024-06-17,BAC,39.5099983215332,37.55110931396485,26135400.0,0.0,1.0
2024-06-17,CAT,322.3999938964844,313.26885986328125,3198900.0,0.0,1.0
2024-06-17,COST,867.9099731445312,857.2494506835938,1904900.0,0.0,1.0
2024-06-17,CVX,153.19000244140625,139.42738342285156,6321400.0,0.0,1.0
2024-06-17,DIS,101.5199966430664,98.75084686279295,10389000.0,0.0,1.0
2024-06-17,GOOGL,177.24000549316406,175.77085876464844,19618500.0,0.0,1.0
2024-06-17,GS,450.1799926757813,430.1235046386719,1531600.0,0.0,1.0
2024-06-18,AAPL,214.2899932861328,212.26658630371097,79943300.0,0.0,1.0
2024-06-18,AMZN,182.80999755859375,182.80999755859375,36659200.0,0.0,1.0
2024-06-18,BA,174.99000549316406,174.99000549316406,6179900.0,0.0,1.0
2024-06-18,BAC,39.9900016784668,38.0073127746582,30804500.0,0.0,1.0
2024-06-18,CAT,325.1400146484375,315.9312744140625,3275300.0,0.0,1.0
2024-06-18,COST,870.75,860.0546875,1763800.0,0.0,1.0
2024-06-18,CVX,153.3300018310547,139.55482482910156,6942900.0,0.0,1.0
2024-06-18,DIS,101.5,98.7313995361328,7044700.0,0.0,1.0
2024-06-18,GOOGL,175.08999633789062,173.63865661621094,21869900.0,0.0,1.0
2024-06-18,GS,457.4299926757813,437.0504150390625,1798400.0,0.0,1.0
2024-06-20,AAPL,209.67999267578125,207.7001190185547,86172500.0,0.0,1.0
2024-06-20,AMZN,186.1000061035156,186.1000061035156,44726800.0,0.0,1.0
2024-06-20,BA,176.3000030517578,176.3000030517578,5479300.0,0.0,1.0
2024-06-20,BAC,39.9900016784668,38.0073127746582,29383300.0,0.0,1.0
2024-06-20,CAT,329.1300048828125,319.8082580566406,4463300.0,0.0,1.0
2024-06-20,COST,862.4400024414062,851.8467407226562,1944600.0,0.0,1.0
2024-06-20,CVX,156.63999938964844,142.56741333007812,8336000.0,0.0,1.0
2024-06-20,DIS,101.83999633789062,99.06211853027344,7886900.0,0.0,1.0
2024-06-20,GOOGL,176.3000030517578,174.838623046875,20160100.0,0.0,1.0
2024-06-20,GS,458.0499877929687,437.6428833007813,2080600.0,0.0,1.0
2024-06-21,AAPL,207.4900054931641,205.5308380126953,241805100.0,0.0,1.0
2024-06-21,AMZN,189.0800018310547,189.0800018310547,70792500.0,0.0,1.0
2024-06-21,BA,176.55999755859375,176.55999755859375,8628200.0,0.0,1.0
2024-06-21,BAC,39.4900016784668,37.53209686279297,72244900.0,0.0,1.0
2024-06-21,CAT,327.8399963378906,318.5547790527344,8265100.0,0.0,1.0
2024-06-21,COST,848.3099975585938,837.8902587890625,3833100.0,0.0,1.0
2024-06-21,CVX,155.27999877929688,141.32960510253906,21289800.0,0.0,1.0
2024-06-21,DIS,102.2699966430664,99.48038482666016,14137300.0,0.0,1.0
2024-06-21,GOOGL,179.6300048828125,178.14105224609375,57759000.0,0.0,1.0
2024-06-21,GS,450.1799926757813,430.1235046386719,3780800.0,0.0,1.0
2024-06-24,AAPL,208.13999938964844,206.1746826171875,80727000.0,0.0,1.0
2024-06-24,AMZN,185.57000732421875,185.57000732421875,50610400.0,0.0,1.0
2024-06-24,BA,179.10000610351562,179.10000610351562,7388300.0,0.0,1.0
2024-06-24,BAC,40.02000045776367,38.03582000732422,31064900.0,0.0,1.0
2024-06-24,CAT,330.0,320.6535949707031,2447300.0,0.0,1.0
2024-06-24,COST,848.1599731445312,837.7421264648438,1722900.0,0.0,1.0
2024-06-24,CVX,159.30999755859375,144.99755859375,7971600.0,0.0,1.0
2024-06-24,DIS,101.9800033569336,99.19830322265624,7393600.0,0.0,1.0
2024-06-24,GOOGL,179.22000122070312,177.7344207763672,18298000.0,0.0,1.0
2024-06-24,GS,462.0899963378906,441.5028076171875,1882200.0,0.0,1.0
2024-06-25,AAPL,209.07000732421875,207.09588623046875,55549700.0,0.0,1.0
2024-06-25,AMZN,186.33999633789065,186.33999633789065,45366400.0,0.0,1.0
2024-06-25,BA,175.10000610351562,175.10000610351562,7434000.0,0.0,1.0
2024-06-25,BAC,39.380001068115234,37.42755126953125,30596000.0,0.0,1.0
2024-06-25,CAT,327.3999938964844,318.1272277832031,2990400.0,0.0,1.0
2024-06-25,COST,855.510009765625,845.001953125,1564200.0,0.0,1.0
2024-06-25,CVX,158.4600067138672,144.22389221191406,5985400.0,0.0,1.0
2024-06-25,DIS,102.1999969482422,99.41230010986328,10296100.0,0.0,1.0
2024-06-25,GOOGL,184.02999877929688,182.5045166015625,23130200.0,0.0,1.0
2024-06-25,GS,457.3800048828125,437.0027160644531,1555900.0,0.0,1.0
2024-06-26,AAPL,213.25,211.2364044189453,66213200.0,0.0,1.0
2024-06-26,AMZN,193.61000061035156,193.61000061035156,65103900.0,0.0,1.0
2024-06-26,BA,178.5,178.5,6553900.0,0.0,1.0
2024-06-26,BAC,39.0,37.06639099121094,44310200.0,0.0,1.0
2024-06-26,CAT,326.7300109863281,317.4761962890625,2198600.0,0.0,1.0
2024-06-26,COST,856.8400268554688,846.3155517578125,1505300.0,0.0,1.0
2024-06-26,CVX,155.9499969482422,141.93939208984375,8637800.0,0.0,1.0
2024-06-26,DIS,102.18000030517578,99.39285278320312,10122300.0,0.0,1.0
2024-06-26,GOOGL,183.8800048828125,182.35580444335935,19839000.0,0.0,1.0
2024-06-26,GS,455.8599853515625,435.5503845214844,2131700.0,0.0,1.0
2024-06-27,AAPL,214.1000061035156,212.0784149169922,49772700.0,0.0,1.0
2024-06-27,AMZN,197.8500061035156,197.8500061035156,74397500.0,0.0,1.0
2024-06-27,BA,182.5099945068359,182.5099945068359,8199000.0,0.0,1.0
2024-06-27,BAC,39.25,37.303993225097656,29464200.0,0.0,1.0
2024-06-27,CAT,327.4599914550781,318.1855163574219,1995100.0,0.0,1.0
2024-06-27,COST,850.6199951171875,840.1719970703125,1254900.0,0.0,1.0
2024-06-27,CVX,156.32000732421875,142.27621459960938,5568700.0,0.0,1.0
2024-06-27,DIS,102.16999816894533,99.38311767578124,8365200.0,0.0,1.0
2024-06-27,GOOGL,185.41000366210935,183.8731231689453,18848900.0,0.0,1.0
2024-06-27,GS,445.9599914550781,426.0915222167969,2835200.0,0.0,1.0
2024-06-28,AAPL,210.6199951171875,208.6312255859375,82542700.0,0.0,1.0
2024-06-28,AMZN,193.25,193.25,76930200.0,0.0,1.0
2024-06-28,BA,182.0099945068359,182.0099945068359,5899900.0,0.0,1.0
2024-06-28,BAC,39.77000045776367,37.7982177734375,52028200.0,0.0,1.0
2024-06-28,CAT,333.1000061035156,323.6658020019531,8891500.0,0.0,1.0
2024-06-28,COST,849.989990234375,839.5497436523438,2131700.0,0.0,1.0
2024-06-28,CVX,156.4199981689453,142.36720275878906,11283400.0,0.0,1.0
2024-06-28,DIS,99.29000091552734,96.5816879272461,21439400.0,0.0,1.0
2024-06-28,GOOGL,182.1499938964844,180.64012145996097,29156600.0,0.0,1.0
2024-06-28,GS,452.3200073242187,432.1681823730469,3839700.0,0.0,1.0
2024-07-01,AAPL,216.75,214.7033843994141,60402900.0,0.0,1.0
2024-07-01,AMZN,197.1999969482422,197.1999969482422,41192000.0,0.0,1.0
2024-07-01,BA,186.6999969482422,186.6999969482422,9056700.0,0.0,1.0
2024-07-01,BAC,40.0099983215332,38.02630615234375,26770500.0,0.0,1.0
2024-07-01,CAT,329.0799865722656,319.7596740722656,2950200.0,0.0,1.0
2024-07-01,COST,845.6699829101562,835.28271484375,1989000.0,0.0,1.0
2024-07-01,CVX,156.52000427246094,142.45823669433594,5584100.0,0.0,1.0
2024-07-01,DIS,98.04000091552734,95.36577606201172,15299000.0,0.0,1.0
2024-07-01,GOOGL,182.9900054931641,181.47315979003903,16006100.0,0.0,1.0
2024-07-01,GS,463.6600036621094,443.0028991699219,1850500.0,0.0,1.0
2024-07-02,AAPL,220.27000427246097,218.1901397705078,58046200.0,0.0,1.0
2024-07-02,AMZN,200.0,200.0,45600000.0,0.0,1.0
2024-07-02,BA,185.4199981689453,185.4199981689453,4110500.0,0.0,1.0
2024-07-02,BAC,40.93000030517578,38.90070343017578,35626100.0,0.0,1.0
2024-07-02,CAT,327.760009765625,318.47705078125,2119800.0,0.0,1.0
2024-07-02,COST,859.3599853515625,848.8045654296875,1377900.0,0.0,1.0
2024-07-02,CVX,156.75,142.6675567626953,7216800.0,0.0,1.0
2024-07-02,DIS,97.98999786376952,95.317138671875,13340300.0,0.0,1.0
2024-07-02,GOOGL,185.2400054931641,183.7045135498047,17372500.0,0.0,1.0
2024-07-02,GS,465.6099853515625,444.8659973144531,1491800.0,0.0,1.0
2024-07-03,AAPL,221.5500030517578,219.45802307128903,37369800.0,0.0,1.0
2024-07-03,AMZN,197.58999633789065,197.58999633789065,31597900.0,0.0,1.0
2024-07-03,BA,184.30999755859375,184.30999755859375,2764800.0,0.0,1.0
2024-07-03,BAC,40.900001525878906,38.8721923828125,17100700.0,0.0,1.0
2024-07-03,CAT,330.6099853515625,321.2463073730469,1352200.0,0.0,1.0
2024-07-03,COST,862.6599731445312,852.06396484375,814400.0,0.0,1.0
2024-07-03,CVX,156.7100067138672,142.63113403320312,3264200.0,0.0,1.0
2024-07-03,DIS,98.61000061035156,95.92021942138672,5030000.0,0.0,1.0
2024-07-03,GOOGL,185.82000732421875,184.2797393798828,10242100.0,0.0,1.0
2024-07-03,GS,467.9200134277344,447.0730895996094,993900.0,0.0,1.0
2024-07-05,AAPL,226.33999633789065,224.2028045654297,60412400.0,0.0,1.0
2024-07-05,AMZN,200.0,200.0,39858900.0,0.0,1.0
2024-07-05,BA,184.8300018310547,184.8300018310547,3290400.0,0.0,1.0
2024-07-05,BAC,40.40999984741211,38.40648651123047,23489000.0,0.0,1.0
2024-07-05,CAT,328.3500061035156,319.0503234863281,2280900.0,0.0,1.0
2024-07-05,COST,885.6699829101562,874.7913818359375,2620700.0,0.0,1.0
2024-07-05,CVX,154.30999755859375,140.44674682617188,6183100.0,0.0,1.0
2024-07-05,DIS,97.98999786376952,95.317138671875,8550800.0,0.0,1.0
2024-07-05,GOOGL,190.6000061035156,189.0201110839844,20967500.0,0.0,1.0
2024-07-05,GS,464.75,444.0443420410156,1593800.0,0.0,1.0
2024-07-08,AAPL,227.82000732421875,225.66883850097656,59085900.0,0.0,1.0
2024-07-08,AMZN,199.2899932861328,199.2899932861328,34767300.0,0.0,1.0
2024-07-08,BA,185.83999633789065,185.83999633789065,9878100.0,0.0,1.0
2024-07-08,BAC,40.619998931884766,38.606075286865234,26728500.0,0.0,1.0
2024-07-08,CAT,329.05999755859375,319.7402038574219,1913400.0,0.0,1.0
2024-07-08,COST,880.8400268554688,870.0208129882812,1611300.0,0.0,1.0
2024-07-08,CVX,154.3300018310547,140.4649658203125,4990700.0,0.0,1.0
2024-07-08,DIS,97.37000274658205,95.15100860595705,8167600.0,0.45,1.0
2024-07-08,GOOGL,189.02999877929688,187.4631195068359,21035900.0,0.0,1.0
2024-07-08,GS,464.8200073242187,444.1112365722656,2214300.0,0.0,1.0
2024-07-09,AAPL,228.67999267578125,226.52072143554688,48076100.0,0.0,1.0
2024-07-09,AMZN,199.33999633789065,199.33999633789065,32700100.0,0.0,1.0
2024-07-09,BA,183.2400054931641,183.2400054931641,3942900.0,0.0,1.0
2024-07-09,BAC,41.41999816894531,39.36640548706055,34697200.0,0.0,1.0
2024-07-09,CAT,326.05999755859375,316.8251953125,1896100.0,0.0,1.0
2024-07-09,COST,886.8499755859375,875.9569091796875,1356800.0,0.0,1.0
2024-07-09,CVX,152.97999572753906,139.2362060546875,5301600.0,0.0,1.0
2024-07-09,DIS,97.0500030517578,94.83830261230467,9044400.0,0.0,1.0
2024-07-09,GOOGL,188.97999572753903,187.41351318359375,15121400.0,0.0,1.0
2024-07-09,GS,472.8299865722656,451.7643432617187,4525100.0,0.0,1.0
2024-07-10,AAPL,232.97999572753903,230.7801055908203,62627700.0,0.0,1.0
2024-07-10,AMZN,199.7899932861328,199.7899932861328,32883800.0,0.0,1.0
2024-07-10,BA,183.72999572753903,183.72999572753903,3583200.0,0.0,1.0
2024-07-10,BAC,41.7400016784668,39.67053985595703,25333400.0,0.0,1.0
2024-07-10,CAT,328.4800109863281,319.1766662597656,2904400.0,0.0,1.0
2024-07-10,COST,884.3099975585938,873.4481201171875,1755800.0,0.0,1.0
2024-07-10,CVX,155.1300048828125,141.19309997558594,5416600.0,0.0,1.0
2024-07-10,DIS,96.97000122070312,94.76011657714844,7761100.0,0.0,1.0
2024-07-10,GOOGL,191.17999267578125,189.59527587890625,15952500.0,0.0,1.0
2024-07-10,GS,478.8900146484375,457.5544128417969,1946000.0,0.0,1.0
2024-07-11,AAPL,227.57000732421875,225.4212188720703,64710600.0,0.0,1.0
2024-07-11,AMZN,195.0500030517578,195.0500030517578,44565000.0,0.0,1.0
2024-07-11,BA,183.91000366210935,183.91000366210935,4840600.0,0.0,1.0
2024-07-11,BAC,41.810001373291016,39.73707580566406,33824600.0,0.0,1.0
2024-07-11,CAT,331.1300048828125,321.7516174316406,3016400.0,0.0,1.0
2024-07-11,COST,846.5900268554688,836.1915283203125,6021100.0,0.0,1.0
2024-07-11,CVX,155.25999450683594,141.31138610839844,8322500.0,0.0,1.0
2024-07-11,DIS,96.5999984741211,94.39855194091795,7422600.0,0.0,1.0
2024-07-11,GOOGL,185.57000732421875,184.03179931640625,25625800.0,0.0,1.0
2024-07-11,GS,479.2300109863281,457.8792724609375,2251400.0,0.0,1.0
2024-07-12,AAPL,230.5399932861328,228.36312866210935,53046500.0,0.0,1.0
2024-07-12,AMZN,194.4900054931641,194.4900054931641,30598500.0,0.0,1.0
2024-07-12,BA,182.30999755859375,182.30999755859375,5129300.0,0.0,1.0
2024-07-12,BAC,41.59000015258789,39.52798843383789,31856600.0,0.0,1.0
2024-07-12,CAT,335.5899963378906,326.08526611328125,2451300.0,0.0,1.0
2024-07-12,COST,842.9000244140625,832.5468139648438,3288400.0,0.0,1.0
2024-07-12,CVX,155.58999633789062,141.61175537109375,6446300.0,0.0,1.0
2024-07-12,DIS,97.12999725341795,94.91647338867188,6465700.0,0.0,1.0
2024-07-12,GOOGL,185.07000732421875,183.5359344482422,22898400.0,0.0,1.0
2024-07-12,GS,479.8800048828125,458.500244140625,2727800.0,0.0,1.0
2024-07-15,AAPL,234.3999938964844,232.18670654296875,62631300.0,0.0,1.0
2024-07-15,AMZN,192.72000122070312,192.72000122070312,40683200.0,0.0,1.0
2024-07-15,BA,179.11000061035156,179.11000061035156,5189000.0,0.0,1.0
2024-07-15,BAC,41.88999938964844,39.813114166259766,36648100.0,0.0,1.0
2024-07-15,CAT,345.7699890136719,335.9769592285156,3394300.0,0.0,1.0
2024-07-15,COST,848.72998046875,838.30517578125,2064000.0,0.0,1.0
2024-07-15,CVX,158.0399932861328,143.8416748046875,5661200.0,0.0,1.0
2024-07-15,DIS,96.87000274658205,94.66240692138672,7417700.0,0.0,1.0
2024-07-15,GOOGL,186.52999877929688,184.98382568359375,16474000.0,0.0,1.0
2024-07-15,GS,492.2300109863281,470.3000793457031,3568200.0,0.0,1.0
2024-07-16,AAPL,234.82000732421875,232.6027679443359,43234300.0,0.0,1.0
2024-07-16,AMZN,193.02000427246097,193.02000427246097,33994700.0,0.0,1.0
2024-07-16,BA,186.0500030517578,186.0500030517578,8546400.0,0.0,1.0
2024-07-16,BAC,44.130001068115234,41.94205474853515,75953300.0,0.0,1.0
2024-07-16,CAT,360.5799865722656,350.36749267578125,4637000.0,0.0,1.0
2024-07-16,COST,850.77001953125,840.3201904296875,1687600.0,0.0,1.0
2024-07-16,CVX,157.77000427246094,143.5959014892578,6924200.0,0.0,1.0
2024-07-16,DIS,98.47000122070312,96.22593688964844,10755500.0,0.0,1.0
2024-07-16,GOOGL,183.9199981689453,182.3954620361328,18290700.0,0.0,1.0
2024-07-16,GS,503.0199890136719,480.60931396484375,3981700.0,0.0,1.0
2024-07-17,AAPL,228.8800048828125,226.7188415527344,57345900.0,0.0,1.0
2024-07-17,AMZN,187.92999267578125,187.92999267578125,48076100.0,0.0,1.0
2024-07-17,BA,184.83999633789065,184.83999633789065,4899600.0,0.0,1.0
2024-07-17,BAC,43.97999954223633,41.79948425292969,65713600.0,0.0,1.0
2024-07-17,CAT,357.79998779296875,347.66619873046875,3061000.0,0.0,1.0
2024-07-17,COST,846.280029296875,835.88525390625,1783100.0,0.0,1.0
2024-07-17,CVX,161.22999572753906,146.7450714111328,7296600.0,0.0,1.0
2024-07-17,DIS,97.30999755859376,95.09236907958984,9456100.0,0.0,1.0
2024-07-17,GOOGL,181.02000427246097,179.51951599121094,20734100.0,0.0,1.0
2024-07-17,GS,502.1799926757813,479.8067626953125,3908900.0,0.0,1.0
2024-07-18,AAPL,224.17999267578125,222.0631866455078,66034600.0,0.0,1.0
2024-07-18,AMZN,183.75,183.75,51043600.0,0.0,1.0
2024-07-18,BA,180.22999572753903,180.22999572753903,5354800.0,0.0,1.0
2024-07-18,BAC,43.0099983215332,40.87757873535156,48549200.0,0.0,1.0
2024-07-18,CAT,356.0299987792969,345.94635009765625,3876300.0,0.0,1.0
2024-07-18,COST,839.3699951171875,829.0601196289062,2338500.0,0.0,1.0
2024-07-18,CVX,161.97000122070312,147.41856384277344,6577700.0,0.0,1.0
2024-07-18,DIS,96.79000091552734,94.58422088623048,7529400.0,0.0,1.0
2024-07-18,GOOGL,177.69000244140625,176.2171173095703,25315700.0,0.0,1.0
2024-07-18,GS,486.2099914550781,464.5482177734375,3320200.0,0.0,1.0
2024-07-19,AAPL,224.30999755859375,222.1919860839844,49151500.0,0.0,1.0
2024-07-19,AMZN,183.1300048828125,183.1300048828125,43081800.0,0.0,1.0
2024-07-19,BA,179.6699981689453,179.6699981689453,5121300.0,0.0,1.0
2024-07-19,BAC,42.900001525878906,40.77302932739258,43903000.0,0.0,1.0
2024-07-19,CAT,347.6300048828125,337.7843017578125,3462700.0,0.0,1.0
2024-07-19,COST,838.1300048828125,827.8353881835938,1984400.0,0.0,1.0
2024-07-19,CVX,159.14999389648438,144.8519287109375,6427700.0,0.0,1.0
2024-07-19,DIS,95.73999786376952,93.55815887451172,9301000.0,0.0,1.0
2024-07-19,GOOGL,177.66000366210938,176.18734741210938,18881900.0,0.0,1.0
2024-07-19,GS,484.9299926757813,463.3252868652344,2032700.0,0.0,1.0
2024-07-22,AAPL,223.9600067138672,221.8453063964844,48201800.0,0.0,1.0
2024-07-22,AMZN,182.5500030517578,182.5500030517578,39931900.0,0.0,1.0
2024-07-22,BA,178.89999389648438,178.89999389648438,4883500.0,0.0,1.0
2024-07-22,BAC,42.29999923706055,40.20277786254883,42838300.0,0.0,1.0
2024-07-22,CAT,347.8699951171875,339.39404296875,2659600.0,1.41,1.0
2024-07-22,COST,847.4199829101562,837.01123046875,1920200.0,0.0,1.0
2024-07-22,CVX,156.99000549316406,142.885986328125,5577300.0,0.0,1.0
2024-07-22,DIS,94.12999725341795,91.98484802246094,13377000.0,0.0,1.0
2024-07-22,GOOGL,181.6699981689453,180.16409301757812,24100300.0,0.0,1.0
2024-07-22,GS,487.0400085449219,465.3412780761719,1792500.0,0.0,1.0
2024-07-23,AAPL,225.0099945068359,222.88539123535156,39960300.0,0.0,1.0
2024-07-23,AMZN,186.41000366210935,186.41000366210935,47537700.0,0.0,1.0
2024-07-23,BA,186.47999572753903,186.47999572753903,7614300.0,0.0,1.0
2024-07-23,BAC,42.40999984741211,40.30731964111328,36705100.0,0.0,1.0
2024-07-23,CAT,344.1700134277344,335.7842102050781,2027800.0,0.0,1.0
2024-07-23,COST,852.1099853515625,841.6436767578125,1744100.0,0.0,1.0
2024-07-23,CVX,154.08999633789062,140.24652099609375,6238700.0,0.0,1.0
2024-07-23,DIS,90.94000244140624,88.8675537109375,22534700.0,0.0,1.0
2024-07-23,GOOGL,181.7899932861328,180.28309631347656,36352700.0,0.0,1.0
2024-07-23,GS,492.1499938964844,470.22357177734375,2020500.0,0.0,1.0
2024-07-24,AAPL,218.5399932861328,216.47645568847656,61777600.0,0.0,1.0
2024-07-24,AMZN,180.8300018310547,180.8300018310547,41532400.0,0.0,1.0
2024-07-24,BA,180.07000732421875,180.07000732421875,5109100.0,0.0,1.0
2024-07-24,BAC,42.189998626708984,40.09823226928711,36567200.0,0.0,1.0
2024-07-24,CAT,336.0400085449219,327.8523254394531,2835800.0,0.0,1.0
2024-07-24,COST,830.8200073242188,820.6151733398438,2511300.0,0.0,1.0
2024-07-24,CVX,155.07000732421875,141.13848876953125,5971700.0,0.0,1.0
2024-07-24,DIS,89.80000305175781,87.7535171508789,11768500.0,0.0,1.0
2024-07-24,GOOGL,172.6300048828125,171.19903564453125,49585200.0,0.0,1.0
2024-07-24,GS,486.7000122070313,465.0164489746094,1598600.0,0.0,1.0
2024-07-25,AAPL,217.4900054931641,215.43637084960935,51391200.0,0.0,1.0
2024-07-25,AMZN,179.85000610351562,179.85000610351562,44464200.0,0.0,1.0
2024-07-25,BA,184.3500061035156,184.3500061035156,6128000.0,0.0,1.0
2024-07-25,BAC,41.68000030517578,39.61351776123047,41593900.0,0.0,1.0
2024-07-25,CAT,344.29998779296875,335.9111022949219,3291300.0,0.0,1.0
2024-07-25,COST,815.9500122070312,805.9278564453125,2183700.0,0.0,1.0
2024-07-25,CVX,157.5399932861328,143.3865509033203,5432100.0,0.0,1.0
2024-07-25,DIS,89.20999908447266,87.17696380615234,10765300.0,0.0,1.0
2024-07-25,GOOGL,167.27999877929688,165.8933868408203,44852000.0,0.0,1.0
2024-07-25,GS,491.7099914550781,469.80322265625,1489700.0,0.0,1.0
2024-07-26,AAPL,217.9600067138672,215.9019470214844,41601300.0,0.0,1.0
2024-07-26,AMZN,182.5,182.5,29506000.0,0.0,1.0
2024-07-26,BA,186.88999938964844,186.88999938964844,6272000.0,0.0,1.0
2024-07-26,BAC,41.66999816894531,39.60401153564453,52049300.0,0.0,1.0
2024-07-26,CAT,350.4800109863281,341.94049072265625,1894900.0,0.0,1.0
2024-07-26,COST,817.5999755859375,808.7071533203125,1441500.0,1.16,1.0
2024-07-26,CVX,157.83999633789062,143.65960693359375,5232500.0,0.0,1.0
2024-07-26,DIS,89.93000030517578,87.88056182861328,11301900.0,0.0,1.0
2024-07-26,GOOGL,167.0,165.61572265625,41336900.0,0.0,1.0
2024-07-26,GS,499.0299987792969,476.7970886230469,2249700.0,0.0,1.0
2024-07-29,AAPL,218.2400054931641,216.1792907714844,36311800.0,0.0,1.0
2024-07-29,AMZN,183.1999969482422,183.1999969482422,33270100.0,0.0,1.0
2024-07-29,BA,185.42999267578125,185.42999267578125,3608600.0,0.0,1.0
2024-07-29,BAC,41.09000015258789,39.05276870727539,37133100.0,0.0,1.0
2024-07-29,CAT,344.5299987792969,336.13543701171875,2190300.0,0.0,1.0
2024-07-29,COST,815.5599975585938,806.689453125,1320400.0,0.0,1.0
2024-07-29,CVX,156.60000610351562,142.53102111816406,5072000.0,0.0,1.0
2024-07-29,DIS,92.13999938964844,90.04019927978516,13024800.0,0.0,1.0
2024-07-29,GOOGL,169.52999877929688,168.12474060058594,20293800.0,0.0,1.0
2024-07-29,GS,492.7200012207031,470.7682189941406,1599500.0,0.0,1.0
2024-07-30,AAPL,218.8000030517578,216.7340087890625,41643800.0,0.0,1.0
2024-07-30,AMZN,181.7100067138672,181.7100067138672,39508600.0,0.0,1.0
2024-07-30,BA,186.86000061035156,186.86000061035156,4789000.0,0.0,1.0
2024-07-30,BAC,41.279998779296875,39.23334503173828,44163200.0,0.0,1.0
2024-07-30,CAT,341.7200012207031,333.3939208984375,1970800.0,0.0,1.0
2024-07-30,COST,810.030029296875,801.2195434570312,2017200.0,0.0,1.0
2024-07-30,CVX,159.57000732421875,145.2342071533203,5740900.0,0.0,1.0
2024-07-30,DIS,93.79000091552734,91.65260314941406,9896100.0,0.0,1.0
2024-07-30,GOOGL,170.2899932861328,168.87843322753906,18959700.0,0.0,1.0
2024-07-30,GS,505.6700134277344,483.1412658691406,2642500.0,0.0,1.0
2024-07-31,AAPL,222.0800018310547,219.98301696777344,50036300.0,0.0,1.0
2024-07-31,AMZN,186.97999572753903,186.97999572753903,41667300.0,0.0,1.0
2024-07-31,BA,190.6000061035156,190.6000061035156,15417000.0,0.0,1.0
2024-07-31,BAC,40.310001373291016,38.31144332885742,50851600.0,0.0,1.0
2024-07-31,CAT,346.20001220703125,337.7648010253906,2568100.0,0.0,1.0
2024-07-31,COST,822.0,813.059326171875,2135000.0,0.0,1.0
2024-07-31,CVX,160.47000122070312,146.05335998535156,6209200.0,0.0,1.0
2024-07-31,DIS,93.69000244140624,91.55487060546876,10241800.0,0.0,1.0
2024-07-31,GOOGL,171.5399932861328,170.11807250976562,25729100.0,0.0,1.0
2024-07-31,GS,509.0299987792969,486.3515319824219,2658900.0,0.0,1.0
2024-08-01,AAPL,218.36000061035156,216.2981719970703,62501000.0,0.0,1.0
2024-08-01,AMZN,184.07000732421875,184.07000732421875,70435600.0,0.0,1.0
2024-08-01,BA,178.30999755859375,178.30999755859375,13887000.0,0.0,1.0
2024-08-01,BAC,39.5,37.54159927368164,60107800.0,0.0,1.0
2024-08-01,CAT,331.5199890136719,323.4424133300781,3747900.0,0.0,1.0
2024-08-01,COST,816.8900146484375,808.0050048828125,1861400.0,0.0,1.0
2024-08-01,CVX,152.6199951171875,138.90859985351562,16689900.0,0.0,1.0
2024-08-01,DIS,93.0500030517578,90.9294662475586,9263600.0,0.0,1.0
2024-08-01,GOOGL,170.75999450683594,169.3445587158203,24531400.0,0.0,1.0
2024-08-01,GS,500.1199951171875,477.8385314941406,4006800.0,0.0,1.0
2024-08-02,AAPL,219.86000061035156,217.7839813232422,105568600.0,0.0,1.0
2024-08-02,AMZN,167.89999389648438,167.89999389648438,141448400.0,0.0,1.0
2024-08-02,BA,169.9499969482422,169.9499969482422,11742800.0,0.0,1.0
2024-08-02,BAC,37.58000183105469,35.71678924560547,76728000.0,0.0,1.0
2024-08-02,CAT,320.8699951171875,313.05194091796875,4246700.0,0.0,1.0
2024-08-02,COST,822.0800170898438,813.138427734375,2598500.0,0.0,1.0
2024-08-02,CVX,148.5500030517578,135.20423889160156,13278600.0,0.0,1.0
2024-08-02,DIS,89.56999969482422,87.52876281738281,15433600.0,0.0,1.0
2024-08-02,GOOGL,166.66000366210938,165.27853393554688,29130100.0,0.0,1.0
2024-08-02,GS,470.6400146484375,449.67193603515625,6115500.0,0.0,1.0
2024-08-05,AAPL,209.27000427246097,207.29400634765625,119548600.0,0.0,1.0
2024-08-05,AMZN,161.02000427246094,161.02000427246094,83149400.0,0.0,1.0
2024-08-05,BA,167.02999877929688,167.02999877929688,9255100.0,0.0,1.0
2024-08-05,BAC,36.650001525878906,34.83290481567383,76075200.0,0.0,1.0
2024-08-05,CAT,316.79998779296875,309.08111572265625,4681300.0,0.0,1.0
2024-08-05,COST,801.8300170898438,793.1087036132812,2820900.0,0.0,1.0
2024-08-05,CVX,144.66000366210938,131.66372680664062,13037200.0,0.0,1.0
2024-08-05,DIS,87.77999877929688,85.77955627441406,19103200.0,0.0,1.0
2024-08-05,GOOGL,159.25,157.92996215820312,53630700.0,0.0,1.0
2024-08-05,GS,459.0199890136719,438.5696105957031,4177200.0,0.0,1.0
2024-08-06,AAPL,207.22999572753903,205.2732391357422,69660500.0,0.0,1.0
2024-08-06,AMZN,161.92999267578125,161.92999267578125,59950800.0,0.0,1.0
2024-08-06,BA,165.0399932861328,165.0399932861328,5817300.0,0.0,1.0
2024-08-06,BAC,36.91999816894531,35.08951950073242,40614100.0,0.0,1.0
2024-08-06,CAT,326.44000244140625,318.4862060546875,5071700.0,0.0,1.0
2024-08-06,COST,816.8800048828125,807.9951171875,2476300.0,0.0,1.0
2024-08-06,CVX,143.22999572753906,130.3621826171875,9692700.0,0.0,1.0
2024-08-06,DIS,89.97000122070312,87.91964721679688,21717500.0,0.0,1.0
2024-08-06,GOOGL,158.2899932861328,156.97793579101562,49004600.0,0.0,1.0
2024-08-06,GS,470.2200012207031,449.2706298828125,2209300.0,0.0,1.0
2024-08-07,AAPL,209.82000732421875,207.83880615234375,63516400.0,0.0,1.0
2024-08-07,AMZN,162.77000427246094,162.77000427246094,48408200.0,0.0,1.0
2024-08-07,BA,163.24000549316406,163.24000549316406,5186400.0,0.0,1.0
2024-08-07,BAC,37.29999923706055,35.450679779052734,44952400.0,0.0,1.0
2024-08-07,CAT,325.79998779296875,317.8618469238281,3011700.0,0.0,1.0
2024-08-07,COST,810.2999877929688,801.4866943359375,1702000.0,0.0,1.0
2024-08-07,CVX,142.41000366210938,129.61585998535156,8867900.0,0.0,1.0
2024-08-07,DIS,85.95999908447266,84.00102996826172,30581900.0,0.0,1.0
2024-08-07,GOOGL,158.94000244140625,157.62252807617188,25138600.0,0.0,1.0
2024-08-07,GS,473.010009765625,451.9364013671875,2587600.0,0.0,1.0
2024-08-08,AAPL,213.30999755859375,211.29583740234375,47161100.0,0.0,1.0
2024-08-08,AMZN,165.8000030517578,165.8000030517578,44616200.0,0.0,1.0
2024-08-08,BA,168.8699951171875,168.8699951171875,6063800.0,0.0,1.0
2024-08-08,BAC,38.209999084472656,36.315555572509766,36557800.0,0.0,1.0
2024-08-08,CAT,336.1600036621094,327.9693603515625,2268300.0,0.0,1.0
2024-08-08,COST,839.4299926757812,830.2998046875,2345000.0,0.0,1.0
2024-08-08,CVX,144.49000549316406,131.50897216796875,7531100.0,0.0,1.0
2024-08-08,DIS,85.95999908447266,84.00102996826172,21890500.0,0.0,1.0
2024-08-08,GOOGL,162.02999877929688,160.6868896484375,25578800.0,0.0,1.0
2024-08-08,GS,485.7699890136719,464.1278381347656,1936400.0,0.0,1.0
2024-08-09,AAPL,216.2400054931641,214.19818115234375,42201600.0,0.0,1.0
2024-08-09,AMZN,166.94000244140625,166.94000244140625,36401000.0,0.0,1.0
2024-08-09,BA,167.91000366210938,167.91000366210938,3635600.0,0.0,1.0
2024-08-09,BAC,38.279998779296875,36.38208770751953,26411200.0,0.0,1.0
2024-08-09,CAT,338.260009765625,330.0181884765625,1668100.0,0.0,1.0
2024-08-09,COST,854.9299926757812,845.6312255859375,1710600.0,0.0,1.0
2024-08-09,CVX,144.99000549316406,131.9640655517578,7653100.0,0.0,1.0
2024-08-09,DIS,86.20999908447266,84.2453384399414,16008400.0,0.0,1.0
2024-08-09,GOOGL,163.6699981689453,162.31329345703125,28602300.0,0.0,1.0
2024-08-09,GS,490.260009765625,468.4177856445313,1622700.0,0.0,1.0
2024-08-12,AAPL,217.52999877929688,215.72543334960935,38028100.0,0.25,1.0
2024-08-12,AMZN,166.8000030517578,166.8000030517578,30072800.0,0.0,1.0
2024-08-12,BA,164.1300048828125,164.1300048828125,4715600.0,0.0,1.0
2024-08-12,BAC,38.16999816894531,36.27754592895508,33040600.0,0.0,1.0
2024-08-12,CAT,336.0299987792969,327.8425598144531,2127600.0,0.0,1.0
2024-08-12,COST,863.5700073242188,854.17724609375,1748200.0,0.0,1.0
2024-08-12,CVX,145.02000427246094,131.99139404296875,8442200.0,0.0,1.0
2024-08-12,DIS,85.94999694824219,83.99125671386719,11754600.0,0.0,1.0
2024-08-12,GOOGL,162.2899932861328,160.9447479248047,15895300.0,0.0,1.0
2024-08-12,GS,485.5,463.8698425292969,1839300.0,0.0,1.0
2024-08-13,AAPL,221.27000427246097,219.43438720703125,44155300.0,0.0,1.0
2024-08-13,AMZN,170.22999572753906,170.22999572753906,39237900.0,0.0,1.0
2024-08-13,BA,168.75999450683594,168.75999450683594,6475500.0,0.0,1.0
2024-08-13,BAC,38.459999084472656,36.553165435791016,21553500.0,0.0,1.0
2024-08-13,CAT,338.79998779296875,330.5450439453125,1503800.0,0.0,1.0
2024-08-13,COST,864.8200073242188,855.41357421875,1484100.0,0.0,1.0
2024-08-13,CVX,144.14999389648438,131.19952392578125,7794800.0,0.0,1.0
2024-08-13,DIS,85.5999984741211,83.64923858642578,14615200.0,0.0,1.0
2024-08-13,GOOGL,164.16000366210938,162.7992706298828,18551700.0,0.0,1.0
2024-08-13,GS,491.94000244140625,470.02301025390625,1243700.0,0.0,1.0
2024-08-14,AAPL,221.72000122070312,219.8806610107422,41960600.0,0.0,1.0
2024-08-14,AMZN,170.10000610351562,170.10000610351562,28843800.0,0.0,1.0
2024-08-14,BA,168.5,168.5,3852700.0,0.0,1.0
2024-08-14,BAC,38.810001373291016,36.88581466674805,25658900.0,0.0,1.0
2024-08-14,CAT,337.5899963378906,329.3645324707031,1610900.0,0.0,1.0
2024-08-14,COST,862.7100219726562,853.3265991210938,1341500.0,0.0,1.0
2024-08-14,CVX,144.6699981689453,131.6728057861328,5874200.0,0.0,1.0
2024-08-14,DIS,86.30000305175781,84.33329010009766,9475100.0,0.0,1.0
2024-08-14,GOOGL,160.3699951171875,159.04066467285156,40591100.0,0.0,1.0
2024-08-14,GS,498.7000122070313,476.4818420410156,1545600.0,0.0,1.0
2024-08-15,AAPL,224.72000122070312,222.85577392578125,46414000.0,0.0,1.0
2024-08-15,AMZN,177.58999633789062,177.58999633789062,51698500.0,0.0,1.0
2024-08-15,BA,176.41000366210938,176.41000366210938,5942200.0,0.0,1.0
2024-08-15,BAC,39.029998779296875,37.09490585327149,37379800.0,0.0,1.0
2024-08-15,CAT,345.6400146484375,337.2184143066406,3232600.0,0.0,1.0
2024-08-15,COST,877.3499755859375,867.8073120117188,1923800.0,0.0,1.0
2024-08-15,CVX,146.8000030517578,133.6114501953125,6304200.0,0.0,1.0
2024-08-15,DIS,88.79000091552734,86.76654052734375,12401000.0,0.0,1.0
2024-08-15,GOOGL,161.3000030517578,159.96298217773438,31524300.0,0.0,1.0
2024-08-15,GS,499.0199890136719,476.78753662109375,1732300.0,0.0,1.0
2024-08-16,AAPL,226.0500030517578,224.17474365234375,44340200.0,0.0,1.0
2024-08-16,AMZN,177.05999755859375,177.05999755859375,31489200.0,0.0,1.0
2024-08-16,BA,179.99000549316406,179.99000549316406,6731500.0,0.0,1.0
2024-08-16,BAC,39.34000015258789,37.38953399658203,26886600.0,0.0,1.0
2024-08-16,CAT,343.4800109863281,335.11102294921875,2483800.0,0.0,1.0
2024-08-16,COST,870.5900268554688,861.1209106445312,1516300.0,0.0,1.0
2024-08-16,CVX,147.27000427246094,134.0392303466797,6874400.0,0.0,1.0
2024-08-16,DIS,89.30000305175781,87.26492309570312,10277700.0,0.0,1.0
2024-08-16,GOOGL,162.9600067138672,161.60922241210938,24208600.0,0.0,1.0
2024-08-16,GS,504.260009765625,481.7940979003906,1587000.0,0.0,1.0
2024-08-19,AAPL,225.88999938964844,224.01605224609375,40687800.0,0.0,1.0
2024-08-19,AMZN,178.22000122070312,178.22000122070312,31129800.0,0.0,1.0
2024-08-19,BA,179.63999938964844,179.63999938964844,3894200.0,0.0,1.0
2024-08-19,BAC,39.66999816894531,37.70317459106445,27268900.0,0.0,1.0
2024-08-19,CAT,344.6499938964844,336.2525329589844,2252600.0,0.0,1.0
2024-08-19,COST,872.3499755859375,862.8616333007812,1318400.0,0.0,1.0
2024-08-19,CVX,146.8300018310547,135.13442993164062,5967400.0,1.63,1.0
2024-08-19,DIS,90.81999969482422,88.75027465820312,9723600.0,0.0,1.0
2024-08-19,GOOGL,166.6699981689453,165.28843688964844,22416200.0,0.0,1.0
2024-08-19,GS,504.6799926757813,482.1954040527344,1027900.0,0.0,1.0
2024-08-20,AAPL,226.5099945068359,224.6309356689453,30299000.0,0.0,1.0
2024-08-20,AMZN,178.8800048828125,178.8800048828125,26255200.0,0.0,1.0
2024-08-20,BA,172.10000610351562,172.10000610351562,9549100.0,0.0,1.0
2024-08-20,BAC,38.689998626708984,36.771759033203125,44440800.0,0.0,1.0
2024-08-20,CAT,343.29998779296875,334.9354248046875,1479500.0,0.0,1.0
2024-08-20,COST,876.2000122070312,866.6698608398438,1104600.0,0.0,1.0
2024-08-20,CVX,144.69000244140625,133.16490173339844,7497600.0,0.0,1.0
2024-08-20,DIS,89.73999786376953,87.69488525390625,8863400.0,0.0,1.0
2024-08-20,GOOGL,167.17999267578125,165.7942352294922,18341500.0,0.0,1.0
2024-08-20,GS,497.3399963378906,475.182373046875,2122700.0,0.0,1.0
2024-08-21,AAPL,226.3999938964844,224.52182006835935,34765500.0,0.0,1.0
2024-08-21,AMZN,180.11000061035156,180.11000061035156,35599100.0,0.0,1.0
2024-08-21,BA,173.42999267578125,173.42999267578125,4493600.0,0.0,1.0
2024-08-21,BAC,38.75,36.82878494262695,33751100.0,0.0,1.0
2024-08-21,CAT,342.9700012207031,334.61346435546875,1433200.0,0.0,1.0
2024-08-21,COST,881.4199829101562,871.8330078125,1465500.0,0.0,1.0
2024-08-21,CVX,145.32000732421875,133.74472045898438,5985000.0,0.0,1.0
2024-08-21,DIS,90.72000122070312,88.65255737304688,7637600.0,0.0,1.0
2024-08-21,GOOGL,165.85000610351562,164.47525024414062,22902000.0,0.0,1.0
2024-08-21,GS,496.4599914550781,474.3415832519531,917100.0,0.0,1.0
2024-08-22,AAPL,224.52999877929688,222.66734313964844,43695300.0,0.0,1.0
2024-08-22,AMZN,176.1300048828125,176.1300048828125,32047500.0,0.0,1.0
2024-08-22,BA,172.75999450683594,172.75999450683594,2788000.0,0.0,1.0
2024-08-22,BAC,39.2400016784668,37.29449462890625,35421600.0,0.0,1.0
2024-08-22,CAT,342.3599853515625,334.0182800292969,2021400.0,0.0,1.0
2024-08-22,COST,877.5599975585938,868.0150146484375,1440900.0,0.0,1.0
2024-08-22,CVX,145.72999572753906,134.12205505371094,4027000.0,0.0,1.0
2024-08-22,DIS,89.91999816894531,87.87078857421875,7613000.0,0.0,1.0
2024-08-22,GOOGL,163.8000030517578,162.44224548339844,22493300.0,0.0,1.0
2024-08-22,GS,497.75,475.5740966796875,943800.0,0.0,1.0
2024-08-23,AAPL,226.83999633789065,224.9581756591797,38677300.0,0.0,1.0
2024-08-23,AMZN,177.0399932861328,177.0399932861328,29150100.0,0.0,1.0
2024-08-23,BA,174.9600067138672,174.9600067138672,4405900.0,0.0,1.0
2024-08-23,BAC,39.77000045776367,37.7982177734375,45616600.0,0.0,1.0
2024-08-23,CAT,348.4100036621094,339.9209289550781,2183900.0,0.0,1.0
2024-08-23,COST,879.2100219726562,869.6471557617188,1305800.0,0.0,1.0
2024-08-23,CVX,147.6199951171875,135.8614959716797,4824100.0,0.0,1.0
2024-08-23,DIS,90.55999755859376,88.49620056152344,7369200.0,0.0,1.0
2024-08-23,GOOGL,165.6199951171875,164.2471466064453,13955700.0,0.0,1.0
2024-08-23,GS,509.4200134277344,486.7242126464844,1751800.0,0.0,1.0
2024-08-26,AAPL,227.17999267578125,225.2953643798828,30602200.0,0.0,1.0
2024-08-26,AMZN,175.5,175.5,22366200.0,0.0,1.0
2024-08-26,BA,173.47999572753906,173.47999572753906,4034300.0,0.0,1.0
2024-08-26,BAC,39.91999816894531,37.940773010253906,44659500.0,0.0,1.0
2024-08-26,CAT,351.1600036621094,342.6038818359375,1718100.0,0.0,1.0
2024-08-26,COST,892.510009765625,882.8024291992188,1737000.0,0.0,1.0
2024-08-26,CVX,148.5,136.67141723632812,5780300.0,0.0,1.0
2024-08-26,DIS,91.77999877929688,89.68840026855469,8043800.0,0.0,1.0
2024-08-26,GOOGL,166.16000366210938,164.7826690673828,14190400.0,0.0,1.0
2024-08-26,GS,507.8699951171875,485.2432556152344,1084200.0,0.0,1.0
2024-08-27,AAPL,228.02999877929688,226.13832092285156,35934600.0,0.0,1.0
2024-08-27,AMZN,173.1199951171875,173.1199951171875,29842000.0,0.0,1.0
2024-08-27,BA,173.0500030517578,173.0500030517578,3295800.0,0.0,1.0
2024-08-27,BAC,39.66999816894531,37.70317459106445,32323900.0,0.0,1.0
2024-08-27,CAT,351.1199951171875,342.56488037109375,1210800.0,0.0,1.0
2024-08-27,COST,908.9000244140624,899.01416015625,2098900.0,0.0,1.0
2024-08-27,CVX,146.9499969482422,135.244873046875,5100000.0,0.0,1.0
2024-08-27,DIS,90.9000015258789,88.82845306396484,7237400.0,0.0,1.0
2024-08-27,GOOGL,164.67999267578125,163.31495666503906,11821900.0,0.0,1.0
2024-08-27,GS,507.260009765625,484.6604309082031,977900.0,0.0,1.0
2024-08-28,AAPL,226.4900054931641,224.6110687255859,38052200.0,0.0,1.0
2024-08-28,AMZN,170.8000030517578,170.8000030517578,29045000.0,0.0,1.0
2024-08-28,BA,170.7100067138672,170.7100067138672,4550300.0,0.0,1.0
2024-08-28,BAC,39.95000076293945,37.969295501708984,40700500.0,0.0,1.0
2024-08-28,CAT,348.20001220703125,339.716064453125,1514500.0,0.0,1.0
2024-08-28,COST,888.0499877929688,878.3909912109375,1668400.0,0.0,1.0
2024-08-28,CVX,146.0,134.37057495117188,5614400.0,0.0,1.0
2024-08-28,DIS,89.48999786376953,87.4505844116211,8569700.0,0.0,1.0
2024-08-28,GOOGL,162.85000610351562,161.50013732910156,16407400.0,0.0,1.0
2024-08-28,GS,503.3299865722656,480.905517578125,1568100.0,0.0,1.0
2024-08-29,AAPL,229.7899932861328,227.8836975097656,51906300.0,0.0,1.0
2024-08-29,AMZN,172.1199951171875,172.1199951171875,26407800.0,0.0,1.0
2024-08-29,BA,172.25999450683594,172.25999450683594,4119500.0,0.0,1.0
2024-08-29,BAC,40.16999816894531,38.178375244140625,34810800.0,0.0,1.0
2024-08-29,CAT,351.6400146484375,343.0722351074219,1664500.0,0.0,1.0
2024-08-29,COST,886.6300048828125,876.9863891601562,1709900.0,0.0,1.0
2024-08-29,CVX,147.4199981689453,135.67745971679688,4466700.0,0.0,1.0
2024-08-29,DIS,89.80999755859375,87.76329040527344,6181800.0,0.0,1.0
2024-08-29,GOOGL,161.77999877929688,160.43898010253906,19699800.0,0.0,1.0
2024-08-29,GS,510.1000061035156,487.3739318847656,1566300.0,0.0,1.0
2024-08-30,AAPL,229.0,227.10023498535156,52990800.0,0.0,1.0
2024-08-30,AMZN,178.5,178.5,43429400.0,0.0,1.0
2024-08-30,BA,173.74000549316406,173.74000549316406,4146200.0,0.0,1.0
2024-08-30,BAC,40.75,38.72962188720703,49098200.0,0.0,1.0
2024-08-30,CAT,356.1000061035156,347.423583984375,2974100.0,0.0,1.0
2024-08-30,COST,892.3800048828125,882.673828125,1933500.0,0.0,1.0
2024-08-30,CVX,147.9499969482422,136.1652374267578,6414800.0,0.0,1.0
2024-08-30,DIS,90.37999725341795,88.32030487060547,8403600.0,0.0,1.0
2024-08-30,GOOGL,163.3800048828125,162.02572631835938,22123800.0,0.0,1.0
2024-08-30,GS,510.25,490.40130615234375,1838900.0,3.0,1.0
2024-09-03,AAPL,222.77000427246097,220.9219665527344,50190600.0,0.0,1.0
2024-09-03,AMZN,176.25,176.25,37817500.0,0.0,1.0
2024-09-03,BA,161.02000427246094,161.02000427246094,17925400.0,0.0,1.0
2024-09-03,BAC,40.70000076293945,38.682106018066406,48489300.0,0.0,1.0
2024-09-03,CAT,340.239990234375,331.949951171875,3107200.0,0.0,1.0
2024-09-03,COST,878.5700073242188,869.0140991210938,1784200.0,0.0,1.0
2024-09-03,CVX,144.66000366210938,133.1372833251953,7944700.0,0.0,1.0
2024-09-03,DIS,89.12999725341797,87.09879302978516,8465500.0,0.0,1.0
2024-09-03,GOOGL,157.36000061035156,156.05560302734375,38945300.0,0.0,1.0
2024-09-03,GS,487.4599914550781,468.4978637695313,2373600.0,0.0,1.0
2024-09-04,AAPL,220.8500061035156,219.0178680419922,43840200.0,0.0,1.0
2024-09-04,AMZN,173.3300018310547,173.3300018310547,30309200.0,0.0,1.0
2024-09-04,BA,163.22000122070312,163.22000122070312,7316300.0,0.0,1.0
2024-09-04,BAC,40.5,38.49201965332031,39629600.0,0.0,1.0
2024-09-04,CAT,336.75,328.5450134277344,2782500.0,0.0,1.0
2024-09-04,COST,890.02001953125,880.339599609375,1425200.0,0.0,1.0
2024-09-04,CVX,142.07000732421875,130.75360107421875,9820700.0,0.0,1.0
2024-09-04,DIS,89.25,87.21604919433594,6317200.0,0.0,1.0
2024-09-04,GOOGL,156.4499969482422,155.1531524658203,19353800.0,0.0,1.0
2024-09-04,GS,490.6400146484375,471.55419921875,1509400.0,0.0,1.0
2024-09-05,AAPL,222.3800048828125,220.53518676757812,36615400.0,0.0,1.0
2024-09-05,AMZN,177.88999938964844,177.88999938964844,40170500.0,0.0,1.0
2024-09-05,BA,162.14999389648438,162.14999389648438,4717500.0,0.0,1.0
2024-09-05,BAC,40.13999938964844,38.14986801147461,34214500.0,0.0,1.0
2024-09-05,CAT,333.55999755859375,325.4327087402344,2525500.0,0.0,1.0
2024-09-05,COST,885.97998046875,876.3433837890625,1998800.0,0.0,1.0
2024-09-05,CVX,140.92999267578125,129.7043914794922,9371100.0,0.0,1.0
2024-09-05,DIS,88.6500015258789,86.62973022460938,6234100.0,0.0,1.0
2024-09-05,GOOGL,157.24000549316406,155.93663024902344,18688700.0,0.0,1.0
2024-09-05,GS,487.8800048828125,468.9015808105469,1828300.0,0.0,1.0
2024-09-06,AAPL,220.82000732421875,218.98812866210935,48423000.0,0.0,1.0
2024-09-06,AMZN,171.38999938964844,171.38999938964844,41466500.0,0.0,1.0
2024-09-06,BA,157.6199951171875,157.6199951171875,7328600.0,0.0,1.0
2024-09-06,BAC,38.7599983215332,37.078460693359375,47007600.0,0.26,1.0
2024-09-06,CAT,329.3599853515625,321.3350524902344,2676600.0,0.0,1.0
2024-09-06,COST,876.6799926757812,867.1446533203125,2074600.0,0.0,1.0
2024-09-06,CVX,138.55999755859375,127.52317810058594,7836400.0,0.0,1.0
2024-09-06,DIS,87.94000244140625,85.9359130859375,7791500.0,0.0,1.0
2024-09-06,GOOGL,150.9199981689453,149.6690216064453,37912100.0,0.0,1.0
2024-09-06,GS,479.6099853515625,460.9532470703125,1995600.0,0.0,1.0
2024-09-09,AAPL,220.91000366210935,219.0773773193359,67180000.0,0.0,1.0
2024-09-09,AMZN,175.39999389648438,175.39999389648438,29037400.0,0.0,1.0
2024-09-09,BA,162.91000366210938,162.91000366210938,9091500.0,0.0,1.0
2024-09-09,BAC,39.470001220703125,37.757659912109375,37610200.0,0.0,1.0
2024-09-09,CAT,334.0400085449219,325.9010314941406,2355800.0,0.0,1.0
2024-09-09,COST,896.489990234375,886.7391357421875,1954000.0,0.0,1.0
2024-09-09,CVX,140.3000030517578,129.12457275390625,9892300.0,0.0,1.0
2024-09-09,DIS,88.33999633789062,86.32678985595703,8750200.0,0.0,1.0
2024-09-09,GOOGL,148.7100067138672,147.67303466796875,39260500.0,0.2,1.0
2024-09-09,GS,488.5700073242187,469.5647277832031,1714200.0,0.0,1.0
2024-09-10,AAPL,220.11000061035156,218.28399658203125,51591000.0,0.0,1.0
2024-09-10,AMZN,179.5500030517578,179.5500030517578,36233800.0,0.0,1.0
2024-09-10,BA,160.07000732421875,160.07000732421875,6367100.0,0.0,1.0
2024-09-10,BAC,39.279998779296875,37.575897216796875,53983900.0,0.0,1.0
2024-09-10,CAT,334.1600036621094,326.01812744140625,1869200.0,0.0,1.0
2024-09-10,COST,894.2899780273438,884.5630493164062,1360800.0,0.0,1.0
2024-09-10,CVX,138.22999572753906,127.2194595336914,8202500.0,0.0,1.0
2024-09-10,DIS,88.4000015258789,86.38542938232422,6858300.0,0.0,1.0
2024-09-10,GOOGL,148.66000366210938,147.62338256835938,31118800.0,0.0,1.0
2024-09-10,GS,467.1300048828125,448.9587707519531,3583100.0,0.0,1.0
2024-09-11,AAPL,222.66000366210935,220.8128662109375,44587100.0,0.0,1.0
2024-09-11,AMZN,184.52000427246097,184.52000427246097,42564700.0,0.0,1.0
2024-09-11,BA,161.3300018310547,161.3300018310547,6664800.0,0.0,1.0
2024-09-11,BAC,39.0,37.308048248291016,41190000.0,0.0,1.0
2024-09-11,CAT,335.0,326.8376770019531,1934700.0,0.0,1.0
2024-09-11,COST,900.4000244140625,890.6066284179688,1796100.0,0.0,1.0
2024-09-11,CVX,137.8800048828125,126.8973617553711,9534000.0,0.0,1.0
2024-09-11,DIS,88.31999969482422,86.3072509765625,10779000.0,0.0,1.0
2024-09-11,GOOGL,151.16000366210938,150.10594177246094,29607700.0,0.0,1.0
2024-09-11,GS,471.1700134277344,452.8415832519531,2426500.0,0.0,1.0
2024-09-12,AAPL,222.77000427246097,220.9219665527344,37455600.0,0.0,1.0
2024-09-12,AMZN,187.0,187.0,33544200.0,0.0,1.0
2024-09-12,BA,162.77000427246094,162.77000427246094,4742700.0,0.0,1.0
2024-09-12,BAC,38.779998779296875,37.09759140014648,39921600.0,0.0,1.0
2024-09-12,CAT,339.5799865722656,331.3060607910156,1747000.0,0.0,1.0
2024-09-12,COST,915.030029296875,905.0774536132812,1867300.0,0.0,1.0
2024-09-12,CVX,139.2100067138672,128.12139892578125,6591500.0,0.0,1.0
2024-09-12,DIS,89.30000305175781,87.26492309570312,7173300.0,0.0,1.0
2024-09-12,GOOGL,154.69000244140625,153.611328125,29621500.0,0.0,1.0
2024-09-12,GS,474.05999755859375,455.6191711425781,1480500.0,0.0,1.0
2024-09-13,AAPL,222.5,220.6541748046875,36766600.0,0.0,1.0
2024-09-13,AMZN,186.4900054931641,186.4900054931641,26495400.0,0.0,1.0
2024-09-13,BA,156.77000427246094,156.77000427246094,19003400.0,0.0,1.0
2024-09-13,BAC,38.650001525878906,36.973236083984375,31887300.0,0.0,1.0
2024-09-13,CAT,345.30999755859375,336.8964538574219,2518600.0,0.0,1.0
2024-09-13,COST,916.0,906.0369873046876,1327500.0,0.0,1.0
2024-09-13,CVX,140.61000061035156,129.40989685058594,5900700.0,0.0,1.0
2024-09-13,DIS,90.5500030517578,88.48644256591797,7084200.0,0.0,1.0
2024-09-13,GOOGL,157.4600067138672,156.3620147705078,29591200.0,0.0,1.0
2024-09-13,GS,478.989990234375,460.357421875,1794500.0,0.0,1.0
2024-09-16,AAPL,216.32000732421875,214.52545166015625,59357400.0,0.0,1.0
2024-09-16,AMZN,184.88999938964844,184.88999938964844,26065500.0,0.0,1.0
2024-09-16,BA,155.5500030517578,155.5500030517578,9955200.0,0.0,1.0
2024-09-16,BAC,39.099998474121094,37.403709411621094,26336400.0,0.0,1.0
2024-09-16,CAT,347.9599914550781,339.4818420410156,1648200.0,0.0,1.0
2024-09-16,COST,907.8699951171876,897.995361328125,1661000.0,0.0,1.0
2024-09-16,CVX,142.08999633789062,130.77200317382812,6864300.0,0.0,1.0
2024-09-16,DIS,91.8499984741211,89.75680541992188,9028600.0,0.0,1.0
2024-09-16,GOOGL,158.05999755859375,156.95779418945312,18379800.0,0.0,1.0
2024-09-16,GS,485.1600036621094,466.287353515625,1500300.0,0.0,1.0
2024-09-17,AAPL,216.7899932861328,214.99154663085935,45519300.0,0.0,1.0
2024-09-17,AMZN,186.8800048828125,186.8800048828125,26091700.0,0.0,1.0
2024-09-17,BA,156.38999938964844,156.38999938964844,8123200.0,0.0,1.0
2024-09-17,BAC,39.54999923706055,37.834190368652344,27769400.0,0.0,1.0
2024-09-17,CAT,353.69000244140625,345.0722351074219,2088400.0,0.0,1.0
2024-09-17,COST,897.27001953125,887.5106811523438,1387000.0,0.0,1.0
2024-09-17,CVX,143.41000366210938,131.9868621826172,7338800.0,0.0,1.0
2024-09-17,DIS,92.86000061035156,90.74378967285156,8193100.0,0.0,1.0
2024-09-17,GOOGL,159.32000732421875,158.2090301513672,20715600.0,0.0,1.0
2024-09-17,GS,485.3900146484375,466.5083923339844,1444900.0,0.0,1.0
2024-09-18,AAPL,220.69000244140625,218.8592071533203,59894900.0,0.0,1.0
2024-09-18,AMZN,186.42999267578125,186.42999267578125,34448100.0,0.0,1.0
2024-09-18,BA,155.11000061035156,155.11000061035156,7714400.0,0.0,1.0
2024-09-18,BAC,39.619998931884766,37.901145935058594,42527800.0,0.0,1.0
2024-09-18,CAT,355.1199951171875,346.4673767089844,1990700.0,0.0,1.0
2024-09-18,COST,892.52001953125,882.8123168945312,1338200.0,0.0,1.0
2024-09-18,CVX,143.9600067138672,132.49305725097656,6180300.0,0.0,1.0
2024-09-18,DIS,93.58000183105467,91.4473876953125,10289800.0,0.0,1.0
2024-09-18,GOOGL,159.80999755859375,158.6956329345703,23677300.0,0.0,1.0
2024-09-18,GS,484.5799865722656,465.7298583984375,1699500.0,0.0,1.0
2024-09-19,AAPL,228.8699951171875,226.9713134765625,66781300.0,0.0,1.0
2024-09-19,AMZN,189.8699951171875,189.8699951171875,39543200.0,0.0,1.0
2024-09-19,BA,154.58999633789062,154.58999633789062,9570000.0,0.0,1.0
2024-09-19,BAC,40.869998931884766,39.09691619873047,57977800.0,0.0,1.0
2024-09-19,CAT,373.30999755859375,364.2142639160156,4066600.0,0.0,1.0
2024-09-19,COST,900.739990234375,890.94287109375,1747500.0,0.0,1.0
2024-09-19,CVX,144.99000549316406,133.44102478027344,7247400.0,0.0,1.0
2024-09-19,DIS,93.4499969482422,91.3203353881836,10912400.0,0.0,1.0
2024-09-19,GOOGL,162.13999938964844,161.00936889648438,26587700.0,0.0,1.0
2024-09-19,GS,503.8299865722656,484.2310791015625,3060700.0,0.0,1.0
2024-09-20,AAPL,228.1999969482422,226.3069000244141,318679900.0,0.0,1.0
2024-09-20,AMZN,191.6000061035156,191.6000061035156,100378600.0,0.0,1.0
2024-09-20,BA,153.2899932861328,153.2899932861328,13919400.0,0.0,1.0
2024-09-20,BAC,40.27000045776367,38.522953033447266,70725000.0,0.0,1.0
2024-09-20,CAT,368.8200073242187,359.8336181640625,5440500.0,0.0,1.0
2024-09-20,COST,906.97998046875,897.1150512695312,4658200.0,0.0,1.0
2024-09-20,CVX,145.67999267578125,134.07601928710938,23162900.0,0.0,1.0
2024-09-20,DIS,93.75,91.6135025024414,19251500.0,0.0,1.0
2024-09-20,GOOGL,163.58999633789062,162.44927978515625,40896400.0,0.0,1.0
2024-09-20,GS,498.4299926757813,479.0411376953125,4452600.0,0.0,1.0
2024-09-23,AAPL,226.47000122070312,224.5912628173828,54146000.0,0.0,1.0
2024-09-23,AMZN,193.8800048828125,193.8800048828125,36993100.0,0.0,1.0
2024-09-23,BA,156.3000030517578,156.3000030517578,12476800.0,0.0,1.0
2024-09-23,BAC,39.869998931884766,38.14030838012695,31714800.0,0.0,1.0
2024-09-23,CAT,371.1700134277344,362.1263427734375,2442700.0,0.0,1.0
2024-09-23,COST,917.0800170898438,907.1051635742188,1697600.0,0.0,1.0
2024-09-23,CVX,147.5399932861328,135.7878875732422,6960600.0,0.0,1.0
2024-09-23,DIS,92.97000122070312,90.85128021240234,7338700.0,0.0,1.0
2024-09-23,GOOGL,161.85000610351562,160.7213897705078,24150900.0,0.0,1.0
2024-09-23,GS,497.4100036621094,478.0608825683594,953200.0,0.0,1.0
2024-09-24,AAPL,227.3699951171875,225.48377990722656,43556100.0,0.0,1.0
2024-09-24,AMZN,193.9600067138672,193.9600067138672,43478900.0,0.0,1.0
2024-09-24,BA,155.80999755859375,155.80999755859375,7414900.0,0.0,1.0
2024-09-24,BAC,39.45000076293945,37.738529205322266,32534900.0,0.0,1.0
2024-09-24,CAT,385.9299926757813,376.5267333984375,4024300.0,0.0,1.0
2024-09-24,COST,901.5399780273438,891.7342529296875,2432600.0,0.0,1.0
2024-09-24,CVX,147.4499969482422,135.70506286621094,6014200.0,0.0,1.0
2024-09-24,DIS,93.69000244140624,91.55487060546876,7860300.0,0.0,1.0
2024-09-24,GOOGL,162.2899932861328,161.1583251953125,23332100.0,0.0,1.0
2024-09-24,GS,498.0199890136719,478.6471252441406,1035400.0,0.0,1.0
2024-09-25,AAPL,226.3699951171875,224.49208068847656,42308700.0,0.0,1.0
2024-09-25,AMZN,192.52999877929688,192.52999877929688,26391100.0,0.0,1.0
2024-09-25,BA,152.22000122070312,152.22000122070312,9587700.0,0.0,1.0
2024-09-25,BAC,39.25,37.54719924926758,28866000.0,0.0,1.0
2024-09-25,CAT,378.25,369.0338439941406,2661500.0,0.0,1.0
2024-09-25,COST,908.4199829101562,898.5393676757812,1728100.0,0.0,1.0
2024-09-25,CVX,143.97000122070312,132.50225830078125,7888400.0,0.0,1.0
2024-09-25,DIS,93.91999816894533,91.77963256835938,8408200.0,0.0,1.0
2024-09-25,GOOGL,161.49000549316406,160.36390686035156,18869200.0,0.0,1.0
2024-09-25,GS,491.1400146484375,472.0347900390625,1763900.0,0.0,1.0
2024-09-26,AAPL,227.52000427246097,225.6325531005859,36636700.0,0.0,1.0
2024-09-26,AMZN,191.16000366210935,191.16000366210935,36334900.0,0.0,1.0
2024-09-26,BA,154.5800018310547,154.5800018310547,11414400.0,0.0,1.0
2024-09-26,BAC,39.52000045776367,37.80548858642578,39601400.0,0.0,1.0
2024-09-26,CAT,390.9599914550781,381.43414306640625,3906800.0,0.0,1.0
2024-09-26,COST,901.4400024414062,891.63525390625,2738600.0,0.0,1.0
2024-09-26,CVX,141.99000549316406,130.67996215820312,8046200.0,0.0,1.0
2024-09-26,DIS,95.1999969482422,93.03045654296876,10061600.0,0.0,1.0
2024-09-26,GOOGL,162.72999572753906,161.59524536132812,20319300.0,0.0,1.0
2024-09-26,GS,496.9200134277344,477.58990478515625,1378100.0,0.0,1.0
2024-09-27,AAPL,227.7899932861328,225.90028381347656,34026000.0,0.0,1.0
2024-09-27,AMZN,187.97000122070312,187.97000122070312,36002300.0,0.0,1.0
2024-09-27,BA,156.32000732421875,156.32000732421875,7637000.0,0.0,1.0
2024-09-27,BAC,39.400001525878906,37.690696716308594,27861100.0,0.0,1.0
2024-09-27,CAT,391.0799865722656,381.5512390136719,2683700.0,0.0,1.0
2024-09-27,COST,885.6199951171875,875.9874267578125,3459100.0,0.0,1.0
2024-09-27,CVX,145.49000549316406,133.90118408203125,8049200.0,0.0,1.0
2024-09-27,DIS,96.01000213623048,93.8219985961914,10155400.0,0.0,1.0
2024-09-27,GOOGL,163.9499969482422,162.80674743652344,21101300.0,0.0,1.0
2024-09-27,GS,498.510009765625,479.1180419921875,1420100.0,0.0,1.0
2024-09-30,AAPL,233.0,231.06707763671875,54541900.0,0.0,1.0
2024-09-30,AMZN,186.3300018310547,186.3300018310547,41583900.0,0.0,1.0
2024-09-30,BA,152.0399932861328,152.0399932861328,10902200.0,0.0,1.0
2024-09-30,BAC,39.68000030517578,37.95854949951172,35055200.0,0.0,1.0
2024-09-30,CAT,391.1199951171875,381.5903015136719,2251300.0,0.0,1.0
2024-09-30,COST,886.52001953125,876.8775634765625,2142900.0,0.0,1.0
2024-09-30,CVX,147.27000427246094,135.53939819335938,7491700.0,0.0,1.0
2024-09-30,DIS,96.19000244140624,93.9979019165039,7982300.0,0.0,1.0
2024-09-30,GOOGL,165.85000610351562,164.69351196289062,20413900.0,0.0,1.0
2024-09-30,GS,495.1099853515625,475.8502807617187,1602500.0,0.0,1.0
2024-10-01,AAPL,226.2100067138672,224.3334045410156,63285000.0,0.0,1.0
2024-10-01,AMZN,185.1300048828125,185.1300048828125,36044900.0,0.0,1.0
2024-10-01,BA,154.22000122070312,154.22000122070312,12588800.0,0.0,1.0
2024-10-01,BAC,39.220001220703125,37.51850509643555,26291200.0,0.0,1.0
2024-10-01,CAT,392.3900146484375,382.8293151855469,2091400.0,0.0,1.0
2024-10-01,COST,877.3800048828125,867.8369140625,1836700.0,0.0,1.0
2024-10-01,CVX,149.6999969482422,137.7758331298828,9489100.0,0.0,1.0
2024-10-01,DIS,94.0500030517578,91.90666961669922,10099200.0,0.0,1.0
2024-10-01,GOOGL,166.99000549316406,165.82554626464844,28338100.0,0.0,1.0
2024-10-01,GS,490.1700134277344,471.1025085449219,1528600.0,0.0,1.0
2024-10-02,AAPL,226.77999877929688,224.8986663818359,32880600.0,0.0,1.0
2024-10-02,AMZN,184.7599945068359,184.7599945068359,23704100.0,0.0,1.0
2024-10-02,BA,152.88999938964844,152.88999938964844,4357000.0,0.0,1.0
2024-10-02,BAC,39.22999954223633,37.528076171875,23302700.0,0.0,1.0
2024-10-02,CAT,394.0499877929687,384.4488830566406,1767900.0,0.0,1.0
2024-10-02,COST,878.530029296875,868.974609375,1317100.0,0.0,1.0
2024-10-02,CVX,150.9499969482422,138.92626953125,8105400.0,0.0,1.0
2024-10-02,DIS,94.1500015258789,92.00439453125,6144200.0,0.0,1.0
2024-10-02,GOOGL,165.86000061035156,164.7034454345703,17760200.0,0.0,1.0
2024-10-02,GS,491.989990234375,472.8516540527344,1445100.0,0.0,1.0
2024-10-03,AAPL,225.6699981689453,223.79788208007812,34044200.0,0.0,1.0
2024-10-03,AMZN,181.9600067138672,181.9600067138672,30204300.0,0.0,1.0
2024-10-03,BA,150.52000427246094,150.52000427246094,5704800.0,0.0,1.0
2024-10-03,BAC,39.25,37.54719924926758,26030200.0,0.0,1.0
2024-10-03,CAT,391.0899963378906,381.5610046386719,1866100.0,0.0,1.0
2024-10-03,COST,875.6699829101562,866.1454467773438,1451900.0,0.0,1.0
2024-10-03,CVX,151.25,139.202392578125,6553300.0,0.0,1.0
2024-10-03,DIS,93.62999725341795,91.4962387084961,6180300.0,0.0,1.0
2024-10-03,GOOGL,165.86000061035156,164.7034454345703,15073100.0,0.0,1.0
2024-10-03,GS,486.1000061035156,467.1907653808594,1290600.0,0.0,1.0
2024-10-04,AAPL,226.8000030517578,224.91851806640625,37245100.0,0.0,1.0
2024-10-04,AMZN,186.5099945068359,186.5099945068359,40890300.0,0.0,1.0
2024-10-04,BA,155.0,155.0,6657500.0,0.0,1.0
2024-10-04,BAC,40.11000061035156,38.36988830566406,34209900.0,0.0,1.0
2024-10-04,CAT,397.0899963378906,387.414794921875,1675100.0,0.0,1.0
2024-10-04,COST,883.1099853515625,873.5046997070312,1516400.0,0.0,1.0
2024-10-04,CVX,150.74000549316406,138.73297119140625,7892400.0,0.0,1.0
2024-10-04,DIS,95.1500015258789,92.98160552978516,6308900.0,0.0,1.0
2024-10-04,GOOGL,167.05999755859375,165.89505004882812,19047400.0,0.0,1.0
2024-10-04,GS,495.1600036621094,475.89837646484375,1721600.0,0.0,1.0
2024-10-07,AAPL,221.69000244140625,219.85089111328125,39505400.0,0.0,1.0
2024-10-07,AMZN,180.8000030517578,180.8000030517578,42364200.0,0.0,1.0
2024-10-07,BA,155.91000366210938,155.91000366210938,6267900.0,0.0,1.0
2024-10-07,BAC,39.959999084472656,38.22639846801758,27177500.0,0.0,1.0
2024-10-07,CAT,398.25,388.5465698242187,2224500.0,0.0,1.0
2024-10-07,COST,873.5900268554688,864.0882568359375,1963200.0,0.0,1.0
2024-10-07,CVX,151.1199951171875,139.0827178955078,5895900.0,0.0,1.0
2024-10-07,DIS,92.38999938964844,90.28450012207033,11043600.0,0.0,1.0
2024-10-07,GOOGL,162.97999572753906,161.84352111816406,22463100.0,0.0,1.0
2024-10-07,GS,494.6199951171875,475.3793640136719,1173300.0,0.0,1.0
2024-10-08,AAPL,225.77000427246097,223.8970642089844,31855700.0,0.0,1.0
2024-10-08,AMZN,182.72000122070312,182.72000122070312,26372100.0,0.0,1.0
2024-10-08,BA,154.64999389648438,154.64999389648438,5336300.0,0.0,1.0
2024-10-08,BAC,39.93000030517578,38.19770050048828,26023600.0,0.0,1.0
2024-10-08,CAT,387.9599914550781,378.5072937011719,2438800.0,0.0,1.0
2024-10-08,COST,890.4199829101562,880.7351684570312,1697900.0,0.0,1.0
2024-10-08,CVX,148.75,136.90150451660156,5892700.0,0.0,1.0
2024-10-08,DIS,92.51000213623048,90.40176391601562,10209100.0,0.0,1.0
2024-10-08,GOOGL,164.3800048828125,163.23374938964844,23072700.0,0.0,1.0
2024-10-08,GS,496.5700073242187,477.2535095214844,1296700.0,0.0,1.0
2024-10-09,AAPL,229.5399932861328,227.63577270507812,33591100.0,0.0,1.0
2024-10-09,AMZN,185.1699981689453,185.1699981689453,26343100.0,0.0,1.0
2024-10-09,BA,149.3699951171875,149.3699951171875,12488500.0,0.0,1.0
2024-10-09,BAC,40.189998626708984,38.44642639160156,27421000.0,0.0,1.0
2024-10-09,CAT,396.19000244140625,386.5367431640625,1757900.0,0.0,1.0
2024-10-09,COST,909.0999755859376,899.2120361328125,1956500.0,0.0,1.0
2024-10-09,CVX,149.64999389648438,137.7298126220703,4973500.0,0.0,1.0
2024-10-09,DIS,93.5999984741211,91.4669189453125,8654500.0,0.0,1.0
2024-10-09,GOOGL,161.86000061035156,160.7313232421875,31181800.0,0.0,1.0
2024-10-09,GS,505.1799926757813,485.528564453125,1695900.0,0.0,1.0
2024-10-10,AAPL,229.0399932861328,227.1399383544922,28183500.0,0.0,1.0
2024-10-10,AMZN,186.6499938964844,186.6499938964844,27785000.0,0.0,1.0
2024-10-10,BA,146.6199951171875,146.6199951171875,11275800.0,0.0,1.0
2024-10-10,BAC,39.970001220703125,38.23596954345703,26182300.0,0.0,1.0
2024-10-10,CAT,396.6400146484375,386.9757690429687,1331700.0,0.0,1.0
2024-10-10,COST,893.6300048828125,883.9103393554688,1765800.0,0.0,1.0
2024-10-10,CVX,150.6199951171875,138.62252807617188,4420900.0,0.0,1.0
2024-10-10,DIS,92.98999786376952,90.8708267211914,6698000.0,0.0,1.0
2024-10-10,GOOGL,162.0800018310547,160.9497833251953,14144100.0,0.0,1.0
2024-10-10,GS,503.7200012207031,484.1253662109375,1309000.0,0.0,1.0
2024-10-11,AAPL,227.5500030517578,225.66229248046875,31759200.0,0.0,1.0
2024-10-11,AMZN,188.82000732421875,188.82000732421875,25751600.0,0.0,1.0
2024-10-11,BA,151.02000427246094,151.02000427246094,10688600.0,0.0,1.0
2024-10-11,BAC,41.95000076293945,40.130069732666016,50660700.0,0.0,1.0
2024-10-11,CAT,402.0199890136719,392.22467041015625,2110400.0,0.0,1.0
2024-10-11,COST,889.030029296875,879.3602905273438,1527300.0,0.0,1.0
2024-10-11,CVX,151.4199981689453,139.35879516601562,5051300.0,0.0,1.0
2024-10-11,DIS,94.12999725341795,91.98484802246094,8089100.0,0.0,1.0
2024-10-11,GOOGL,163.24000549316406,162.10169982910156,15344300.0,0.0,1.0
2024-10-11,GS,516.2999877929688,496.2159729003906,2409700.0,0.0,1.0
2024-10-14,AAPL,231.3000030517578,229.38116455078125,39882100.0,0.0,1.0
2024-10-14,AMZN,187.5399932861328,187.5399932861328,22614400.0,0.0,1.0
2024-10-14,BA,148.99000549316406,148.99000549316406,9737000.0,0.0,1.0
2024-10-14,BAC,41.90999984741211,40.09180450439453,28098900.0,0.0,1.0
2024-10-14,CAT,393.9500122070313,384.351318359375,3006100.0,0.0,1.0
2024-10-14,COST,889.760009765625,880.0823974609375,1431500.0,0.0,1.0
2024-10-14,CVX,151.77999877929688,139.69015502929688,4214700.0,0.0,1.0
2024-10-14,DIS,94.97000122070312,92.8057098388672,6262000.0,0.0,1.0
2024-10-14,GOOGL,164.9600067138672,163.80970764160156,19016100.0,0.0,1.0
2024-10-14,GS,522.75,502.4151611328125,2174900.0,0.0,1.0
2024-10-15,AAPL,233.8500061035156,231.91004943847656,64751400.0,0.0,1.0
2024-10-15,AMZN,187.69000244140625,187.69000244140625,32178900.0,0.0,1.0
2024-10-15,BA,152.35000610351562,152.35000610351562,11241700.0,0.0,1.0
2024-10-15,BAC,42.13999938964844,40.311824798583984,61490000.0,0.0,1.0
2024-10-15,CAT,387.989990234375,378.5364990234375,2715100.0,0.0,1.0
2024-10-15,COST,894.6099853515625,884.8795776367188,1613900.0,0.0,1.0
2024-10-15,CVX,147.72999572753906,135.96275329589844,6704600.0,0.0,1.0
2024-10-15,DIS,94.22000122070312,92.07279205322266,6535800.0,0.0,1.0
2024-10-15,GOOGL,165.4600067138672,164.3062286376953,20247200.0,0.0,1.0
2024-10-15,GS,522.3800048828125,502.05950927734375,4525400.0,0.0,1.0
2024-10-16,AAPL,231.77999877929688,229.8571929931641,34082200.0,0.0,1.0
2024-10-16,AMZN,186.88999938964844,186.88999938964844,23456800.0,0.0,1.0
2024-10-16,BA,154.89999389648438,154.89999389648438,8356200.0,0.0,1.0
2024-10-16,BAC,42.79999923706055,40.94318771362305,42437800.0,0.0,1.0
2024-10-16,CAT,393.6199951171875,384.02935791015625,1551600.0,0.0,1.0
2024-10-16,COST,887.3800048828125,877.7282104492188,1475500.0,0.0,1.0
2024-10-16,CVX,148.72999572753906,136.88308715820312,4303700.0,0.0,1.0
2024-10-16,DIS,96.75,94.5451431274414,9936300.0,0.0,1.0
2024-10-16,GOOGL,165.16000366210938,164.00833129882812,16406000.0,0.0,1.0
2024-10-16,GS,529.8599853515625,509.2484436035156,2649000.0,0.0,1.0
2024-10-17,AAPL,232.1499938964844,230.22412109375,32993800.0,0.0,1.0
2024-10-17,AMZN,187.52999877929688,187.52999877929688,25039400.0,0.0,1.0
2024-10-17,BA,155.30999755859375,155.30999755859375,6291800.0,0.0,1.0
2024-10-17,BAC,42.599998474121094,40.75186538696289,31708600.0,0.0,1.0
2024-10-17,CAT,394.489990234375,384.878173828125,1561500.0,0.0,1.0
2024-10-17,COST,885.2899780273438,875.6608276367188,1321500.0,0.0,1.0
2024-10-17,CVX,151.1999969482422,139.15635681152344,6593100.0,0.0,1.0
2024-10-17,DIS,96.54000091552734,94.33992767333984,9542500.0,0.0,1.0
2024-10-17,GOOGL,162.92999267578125,161.79385375976562,21453400.0,0.0,1.0
2024-10-17,GS,529.0,508.42193603515625,2123500.0,0.0,1.0
2024-10-18,AAPL,235.0,233.05047607421875,46431500.0,0.0,1.0
2024-10-18,AMZN,188.9900054931641,188.9900054931641,37417700.0,0.0,1.0
2024-10-18,BA,155.0,155.0,6030200.0,0.0,1.0
2024-10-18,BAC,42.31999969482422,40.48401641845703,30593500.0,0.0,1.0
2024-10-18,CAT,393.8599853515625,384.2634887695313,3024100.0,0.0,1.0
2024-10-18,COST,889.5599975585938,879.884521484375,1654000.0,0.0,1.0
2024-10-18,CVX,150.75,138.74220275878906,5208200.0,0.0,1.0
2024-10-18,DIS,97.27999877929688,95.06305694580078,8609700.0,0.0,1.0
2024-10-18,GOOGL,163.4199981689453,162.2804718017578,19757700.0,0.0,1.0
2024-10-18,GS,528.5,507.94146728515625,1779200.0,0.0,1.0
2024-10-21,AAPL,236.47999572753903,234.51821899414065,36254500.0,0.0,1.0
2024-10-21,AMZN,189.07000732421875,189.07000732421875,24639400.0,0.0,1.0
2024-10-21,BA,159.82000732421875,159.82000732421875,13277600.0,0.0,1.0
2024-10-21,BAC,41.7599983215332,39.94830703735352,26589500.0,0.0,1.0
2024-10-21,CAT,390.4800109863281,382.3345947265625,2375900.0,1.41,1.0
2024-10-21,COST,886.77001953125,877.1248779296875,1184900.0,0.0,1.0
2024-10-21,CVX,150.8800048828125,138.86183166503906,5074000.0,0.0,1.0
2024-10-21,DIS,96.62000274658205,94.41809844970705,8189900.0,0.0,1.0
2024-10-21,GOOGL,164.07000732421875,162.92591857910156,20946500.0,0.0,1.0
2024-10-21,GS,517.7999877929688,497.65771484375,1752100.0,0.0,1.0
2024-10-22,AAPL,235.86000061035156,233.90335083007812,38846600.0,0.0,1.0
2024-10-22,AMZN,189.6999969482422,189.6999969482422,29650600.0,0.0,1.0
2024-10-22,BA,159.8800048828125,159.8800048828125,7380800.0,0.0,1.0
2024-10-22,BAC,42.29999923706055,40.464881896972656,37104400.0,0.0,1.0
2024-10-22,CAT,388.4599914550781,380.3567199707031,1523900.0,0.0,1.0
2024-10-22,COST,893.489990234375,883.7717895507812,1189700.0,0.0,1.0
2024-10-22,CVX,150.9199981689453,138.89865112304688,4416400.0,0.0,1.0
2024-10-22,DIS,96.73999786376952,94.53536224365234,5344300.0,0.0,1.0
2024-10-22,GOOGL,165.13999938964844,163.9884490966797,16568100.0,0.0,1.0
2024-10-22,GS,518.2999877929688,498.1382751464844,1588000.0,0.0,1.0
2024-10-23,AAPL,230.7599945068359,228.84564208984375,52287000.0,0.0,1.0
2024-10-23,AMZN,184.7100067138672,184.7100067138672,31937100.0,0.0,1.0
2024-10-23,BA,157.05999755859375,157.05999755859375,15931500.0,0.0,1.0
2024-10-23,BAC,42.34000015258789,40.503150939941406,28569400.0,0.0,1.0
2024-10-23,CAT,385.7300109863281,377.6837158203125,1500900.0,0.0,1.0
2024-10-23,COST,899.1699829101562,889.389892578125,2193500.0,0.0,1.0
2024-10-23,CVX,150.47999572753906,138.4936981201172,5248600.0,0.0,1.0
2024-10-23,DIS,96.23999786376952,94.04676055908205,5388500.0,0.0,1.0
2024-10-23,GOOGL,162.77999877929688,161.64491271972656,18280500.0,0.0,1.0
2024-10-23,GS,517.2000122070312,497.0810241699219,1263200.0,0.0,1.0
2024-10-24,AAPL,230.57000732421875,228.65724182128903,31109500.0,0.0,1.0
2024-10-24,AMZN,186.3800048828125,186.3800048828125,21647400.0,0.0,1.0
2024-10-24,BA,155.1999969482422,155.1999969482422,9774400.0,0.0,1.0
2024-10-24,BAC,42.650001525878906,40.79969787597656,28392000.0,0.0,1.0
2024-10-24,CAT,387.05999755859375,378.9859619140625,1844100.0,0.0,1.0
2024-10-24,COST,893.4199829101562,883.7025146484375,1649600.0,0.0,1.0
2024-10-24,CVX,150.4499969482422,138.46609497070312,5474300.0,0.0,1.0
2024-10-24,DIS,95.4000015258789,93.22589874267578,5015300.0,0.0,1.0
2024-10-24,GOOGL,162.72000122070312,161.5853271484375,22412500.0,0.0,1.0
2024-10-24,GS,524.5,504.0969848632813,2058200.0,0.0,1.0
2024-10-25,AAPL,231.41000366210935,229.49026489257812,38802300.0,0.0,1.0
2024-10-25,AMZN,187.8300018310547,187.8300018310547,29362100.0,0.0,1.0
2024-10-25,BA,155.00999450683594,155.00999450683594,8153000.0,0.0,1.0
2024-10-25,BAC,41.88999938964844,40.07267761230469,27466900.0,0.0,1.0
2024-10-25,CAT,385.9700012207031,377.9186706542969,1606800.0,0.0,1.0
2024-10-25,COST,891.219970703125,881.5263671875,1425800.0,0.0,1.0
2024-10-25,CVX,150.80999755859375,138.7974090576172,6839900.0,0.0,1.0
2024-10-25,DIS,95.02999877929688,92.86432647705078,6638100.0,0.0,1.0
2024-10-25,GOOGL,165.27000427246094,164.11753845214844,19828900.0,0.0,1.0
2024-10-25,GS,512.5999755859375,492.6599426269531,1633200.0,0.0,1.0
2024-10-28,AAPL,233.3999938964844,231.4637451171875,36087100.0,0.0,1.0
2024-10-28,AMZN,188.38999938964844,188.38999938964844,27930800.0,0.0,1.0
2024-10-28,BA,150.69000244140625,150.69000244140625,20992500.0,0.0,1.0
2024-10-28,BAC,42.619998931884766,40.77100372314453,24527600.0,0.0,1.0
2024-10-28,CAT,390.6099853515625,382.4619140625,3213900.0,0.0,1.0
2024-10-28,COST,890.9600219726562,881.269287109375,912500.0,0.0,1.0
2024-10-28,CVX,150.5399932861328,138.54891967773438,8892000.0,0.0,1.0
2024-10-28,DIS,96.1999969482422,94.0076675415039,8146400.0,0.0,1.0
2024-10-28,GOOGL,166.72000122070312,165.55743408203125,32138600.0,0.0,1.0
2024-10-28,GS,523.5800170898438,503.21282958984375,1687100.0,0.0,1.0
2024-10-29,AAPL,233.6699981689453,231.7315216064453,35417200.0,0.0,1.0
2024-10-29,AMZN,190.8300018310547,190.8300018310547,35690200.0,0.0,1.0
2024-10-29,BA,152.97999572753906,152.97999572753906,66387700.0,0.0,1.0
2024-10-29,BAC,42.529998779296875,40.68490219116211,22313500.0,0.0,1.0
2024-10-29,CAT,387.510009765625,379.4265747070313,2186400.0,0.0,1.0
2024-10-29,COST,886.989990234375,877.3424682617188,1361700.0,0.0,1.0
2024-10-29,CVX,148.52000427246094,136.68984985351562,6014700.0,0.0,1.0
2024-10-29,DIS,96.12999725341795,93.93926239013672,6834400.0,0.0,1.0
2024-10-29,GOOGL,169.67999267578125,168.49679565429688,42169000.0,0.0,1.0
2024-10-29,GS,524.280029296875,503.8856201171875,1281600.0,0.0,1.0
2024-10-30,AAPL,230.1000061035156,228.191162109375,47070900.0,0.0,1.0
2024-10-30,AMZN,192.72999572753903,192.72999572753903,37707600.0,0.0,1.0
2024-10-30,BA,154.2899932861328,154.2899932861328,50738400.0,0.0,1.0
2024-10-30,BAC,42.310001373291016,40.474456787109375,38100500.0,0.0,1.0
2024-10-30,CAT,379.239990234375,371.3291015625,4037500.0,0.0,1.0
2024-10-30,COST,879.0900268554688,869.5283813476562,1412200.0,0.0,1.0
2024-10-30,CVX,148.0500030517578,136.25726318359375,5784000.0,0.0,1.0
2024-10-30,DIS,95.08000183105467,92.91320037841795,7718200.0,0.0,1.0
2024-10-30,GOOGL,174.4600067138672,173.24346923828125,68890800.0,0.0,1.0
2024-10-30,GS,524.4000244140625,504.0009460449219,1441600.0,0.0,1.0
2024-10-31,AAPL,225.91000366210935,224.0359039306641,64370100.0,0.0,1.0
2024-10-31,AMZN,186.3999938964844,186.3999938964844,75146800.0,0.0,1.0
2024-10-31,BA,149.30999755859375,149.30999755859375,29388200.0,0.0,1.0
2024-10-31,BAC,41.81999969482422,40.00570297241211,28138200.0,0.0,1.0
2024-10-31,CAT,376.2000122070313,368.35247802734375,2394500.0,0.0,1.0
2024-10-31,COST,874.1799926757812,864.671875,1771900.0,0.0,1.0
2024-10-31,CVX,148.82000732421875,136.9659423828125,8400900.0,0.0,1.0
2024-10-31,DIS,96.1999969482422,94.0076675415039,8147700.0,0.0,1.0
2024-10-31,GOOGL,171.11000061035156,169.9168243408203,44769000.0,0.0,1.0
2024-10-31,GS,517.7899780273438,497.6480407714844,2061700.0,0.0,1.0
2024-11-01,AAPL,222.91000366210935,221.060791015625,65276700.0,0.0,1.0
2024-11-01,AMZN,197.92999267578125,197.92999267578125,99687800.0,0.0,1.0
2024-11-01,BA,154.58999633789062,154.58999633789062,18894500.0,0.0,1.0
2024-11-01,BAC,41.7599983215332,39.94830703735352,31220000.0,0.0,1.0
2024-11-01,CAT,379.6300048828125,371.7109375,1633300.0,0.0,1.0
2024-11-01,COST,877.3099975585938,868.9207763671875,1625200.0,1.16,1.0
2024-11-01,CVX,153.07000732421875,140.87742614746094,11728000.0,0.0,1.0
2024-11-01,DIS,95.80999755859376,93.62655639648438,7944900.0,0.0,1.0
2024-11-01,GOOGL,171.2899932861328,170.09555053710938,31796500.0,0.0,1.0
2024-11-01,GS,519.3499755859375,499.1473083496094,1625000.0,0.0,1.0
2024-11-04,AAPL,222.0099945068359,220.168212890625,44944500.0,0.0,1.0
2024-11-04,AMZN,195.77999877929688,195.77999877929688,38492100.0,0.0,1.0
2024-11-04,BA,155.07000732421875,155.07000732421875,10290400.0,0.0,1.0
2024-11-04,BAC,41.33000183105469,39.536964416503906,31110100.0,0.0,1.0
2024-11-04,CAT,376.5199890136719,368.6658020019531,1793600.0,0.0,1.0
2024-11-04,COST,886.0700073242188,877.5969848632812,1576700.0,0.0,1.0
2024-11-04,CVX,153.97000122070312,141.70570373535156,6130000.0,0.0,1.0
2024-11-04,DIS,95.79000091552734,93.60701751708984,6088000.0,0.0,1.0
2024-11-04,GOOGL,169.24000549316406,168.05987548828125,21492700.0,0.0,1.0
2024-11-04,GS,511.4700012207031,491.5738830566406,1797800.0,0.0,1.0
2024-11-05,AAPL,223.4499969482422,221.59629821777344,28111300.0,0.0,1.0
2024-11-05,AMZN,199.5,199.5,30564800.0,0.0,1.0
2024-11-05,BA,151.0,151.0,23126600.0,0.0,1.0
2024-11-05,BAC,41.880001068115234,40.063106536865234,30851400.0,0.0,1.0
2024-11-05,CAT,383.3699951171875,375.3729248046875,1724100.0,0.0,1.0
2024-11-05,COST,890.1699829101562,881.6578369140625,1622300.0,0.0,1.0
2024-11-05,CVX,153.41000366210938,141.19032287597656,5978900.0,0.0,1.0
2024-11-05,DIS,96.62999725341795,94.42787170410156,6561700.0,0.0,1.0
2024-11-05,GOOGL,169.74000549316406,168.55638122558594,18242100.0,0.0,1.0
2024-11-05,GS,526.9600219726562,506.4612426757813,2169900.0,0.0,1.0
2024-11-06,AAPL,222.72000122070312,220.87234497070312,54561100.0,0.0,1.0
2024-11-06,AMZN,207.08999633789065,207.08999633789065,72292200.0,0.0,1.0
2024-11-06,BA,147.16000366210938,147.16000366210938,28069300.0,0.0,1.0
2024-11-06,BAC,45.40999984741211,43.439964294433594,110086700.0,0.0,1.0
2024-11-06,CAT,416.8800048828125,408.1839294433594,4720000.0,0.0,1.0
2024-11-06,COST,899.25,890.6509399414062,2437400.0,0.0,1.0
2024-11-06,CVX,157.72000122070312,145.15701293945312,12118900.0,0.0,1.0
2024-11-06,DIS,98.88999938964844,96.63636779785156,11325100.0,0.0,1.0
2024-11-06,GOOGL,176.50999450683594,175.27915954589844,33695500.0,0.0,1.0
2024-11-06,GS,595.97998046875,572.7964477539062,8042800.0,0.0,1.0
2024-11-07,AAPL,227.47999572753903,225.5928497314453,42137700.0,0.0,1.0
2024-11-07,AMZN,210.0500030517578,210.0500030517578,52878400.0,0.0,1.0
2024-11-07,BA,150.97999572753906,150.97999572753906,14709200.0,0.0,1.0
2024-11-07,BAC,44.77000045776367,42.827728271484375,48339700.0,0.0,1.0
2024-11-07,CAT,408.2099914550781,399.6947326660156,3211100.0,0.0,1.0
2024-11-07,COST,913.9299926757812,905.1906127929688,2145500.0,0.0,1.0
2024-11-07,CVX,156.77000427246094,144.2826690673828,8143200.0,0.0,1.0
2024-11-07,DIS,98.93000030517578,96.67545318603516,7805100.0,0.0,1.0
2024-11-07,GOOGL,180.75,179.48960876464844,25352900.0,0.0,1.0
2024-11-07,GS,582.1699829101562,559.523681640625,4475600.0,0.0,1.0
2024-11-08,AAPL,226.9600067138672,225.32481384277344,38328800.0,0.25,1.0
2024-11-08,AMZN,208.17999267578125,208.17999267578125,36075800.0,0.0,1.0
2024-11-08,BA,151.67999267578125,151.67999267578125,12996800.0,0.0,1.0
2024-11-08,BAC,45.130001068115234,43.1721076965332,38331800.0,0.0,1.0
2024-11-08,CAT,393.3699951171875,385.1643371582031,3345900.0,0.0,1.0
2024-11-08,COST,943.7999877929688,934.77490234375,3277100.0,0.0,1.0
2024-11-08,CVX,156.92999267578125,144.429931640625,6041500.0,0.0,1.0
2024-11-08,DIS,99.0199966430664,96.7634048461914,7982100.0,0.0,1.0
2024-11-08,GOOGL,178.35000610351562,177.10633850097656,22006200.0,0.0,1.0
2024-11-08,GS,589.260009765625,566.337890625,2714000.0,0.0,1.0
2024-11-11,AAPL,224.22999572753903,222.61447143554688,42005600.0,0.0,1.0
2024-11-11,AMZN,206.83999633789065,206.83999633789065,35456000.0,0.0,1.0
2024-11-11,BA,148.9600067138672,148.9600067138672,12799100.0,0.0,1.0
2024-11-11,BAC,46.08000183105469,44.080902099609375,43293500.0,0.0,1.0
2024-11-11,CAT,396.5400085449219,388.2681884765625,1858900.0,0.0,1.0
2024-11-11,COST,932.8800048828124,923.9594116210938,2181800.0,0.0,1.0
2024-11-11,CVX,156.5,144.03419494628906,7771700.0,0.0,1.0
2024-11-11,DIS,100.86000061035156,98.5614776611328,9137900.0,0.0,1.0
2024-11-11,GOOGL,180.3500061035156,179.0924072265625,17450400.0,0.0,1.0
2024-11-11,GS,602.3400268554688,578.9089965820312,2510800.0,0.0,1.0
2024-11-12,AAPL,224.22999572753903,222.61447143554688,40398300.0,0.0,1.0
2024-11-12,AMZN,208.91000366210935,208.91000366210935,38942900.0,0.0,1.0
2024-11-12,BA,145.1699981689453,145.1699981689453,16746700.0,0.0,1.0
2024-11-12,BAC,45.86000061035156,43.87044143676758,38155900.0,0.0,1.0
2024-11-12,CAT,393.010009765625,384.8117980957031,1737100.0,0.0,1.0
2024-11-12,COST,932.3800048828124,923.4642333984376,1691400.0,0.0,1.0
2024-11-12,CVX,155.2899932861328,142.9205322265625,5681900.0,0.0,1.0
2024-11-12,DIS,100.98999786376952,98.68850708007812,9366200.0,0.0,1.0
2024-11-12,GOOGL,181.6199951171875,180.35350036621097,25134900.0,0.0,1.0
2024-11-12,GS,592.5900268554688,569.538330078125,2392900.0,0.0,1.0
2024-11-13,AAPL,225.1199951171875,223.49806213378903,48566200.0,0.0,1.0
2024-11-13,AMZN,214.1000061035156,214.1000061035156,46212900.0,0.0,1.0
2024-11-13,BA,139.97000122070312,139.97000122070312,21249600.0,0.0,1.0
2024-11-13,BAC,45.869998931884766,43.8800048828125,36903900.0,0.0,1.0
2024-11-13,CAT,387.0700073242187,378.9957275390625,2001900.0,0.0,1.0
2024-11-13,COST,933.72998046875,924.80126953125,1757600.0,0.0,1.0
2024-11-13,CVX,158.72000122070312,146.0773468017578,8824000.0,0.0,1.0
2024-11-13,DIS,102.72000122070312,100.37908935546876,17701300.0,0.0,1.0
2024-11-13,GOOGL,178.8800048828125,177.63265991210938,23184000.0,0.0,1.0
2024-11-13,GS,594.219970703125,571.1048583984375,1763100.0,0.0,1.0
2024-11-14,AAPL,228.22000122070312,226.57574462890625,44923900.0,0.0,1.0
2024-11-14,AMZN,211.47999572753903,211.47999572753903,42620300.0,0.0,1.0
2024-11-14,BA,138.13999938964844,138.13999938964844,15646700.0,0.0,1.0
2024-11-14,BAC,45.900001525878906,43.908695220947266,35733100.0,0.0,1.0
2024-11-14,CAT,387.3599853515625,379.2796936035156,1372500.0,0.0,1.0
2024-11-14,COST,923.8900146484376,915.055419921875,1859900.0,0.0,1.0
2024-11-14,CVX,161.8000030517578,148.9120330810547,10111200.0,0.0,1.0
2024-11-14,DIS,109.12000274658205,106.63323974609376,47436100.0,0.0,1.0
2024-11-14,GOOGL,175.5800018310547,174.3556365966797,31007500.0,0.0,1.0
2024-11-14,GS,588.6099853515625,565.713134765625,1670500.0,0.0,1.0
2024-11-15,AAPL,225.0,223.37892150878903,47923700.0,0.0,1.0
2024-11-15,AMZN,202.61000061035156,202.61000061035156,86591100.0,0.0,1.0
2024-11-15,BA,140.19000244140625,140.19000244140625,12120100.0,0.0,1.0
2024-11-15,BAC,46.75,44.72182846069336,40488900.0,0.0,1.0
2024-11-15,CAT,384.0700073242187,376.0583190917969,2165500.0,0.0,1.0
2024-11-15,COST,907.0700073242188,898.396240234375,2269900.0,0.0,1.0
2024-11-15,CVX,161.4199981689453,148.5623016357422,9022800.0,0.0,1.0
2024-11-15,DIS,115.08000183105467,112.45741271972656,32048000.0,0.0,1.0
2024-11-15,GOOGL,172.49000549316406,171.28720092773438,32504600.0,0.0,1.0
2024-11-15,GS,593.5399780273438,570.4513549804688,2007700.0,0.0,1.0
2024-11-18,AAPL,228.02000427246097,226.37716674804688,44633700.0,0.0,1.0
2024-11-18,AMZN,201.6999969482422,201.6999969482422,36409900.0,0.0,1.0
2024-11-18,BA,143.8699951171875,143.8699951171875,12251600.0,0.0,1.0
2024-11-18,BAC,46.720001220703125,44.69313049316406,32360300.0,0.0,1.0
2024-11-18,CAT,384.4599914550781,376.4402160644531,1626200.0,0.0,1.0
2024-11-18,COST,919.510009765625,910.7173461914062,1797300.0,0.0,1.0
2024-11-18,CVX,160.75999450683594,149.46414184570312,6075400.0,1.63,1.0
2024-11-18,DIS,113.54000091552734,110.95250701904295,14226200.0,0.0,1.0
2024-11-18,GOOGL,175.3000030517578,174.07760620117188,20135300.0,0.0,1.0
2024-11-18,GS,587.989990234375,565.1172485351562,1848900.0,0.0,1.0
2024-11-19,AAPL,228.27999877929688,226.63531494140625,36211800.0,0.0,1.0
2024-11-19,AMZN,204.61000061035156,204.61000061035156,31197900.0,0.0,1.0
2024-11-19,BA,145.60000610351562,145.60000610351562,8247300.0,0.0,1.0
2024-11-19,BAC,46.40999984741211,44.396575927734375,28534100.0,0.0,1.0
2024-11-19,CAT,382.3299865722656,374.3545837402344,1793200.0,0.0,1.0
2024-11-19,COST,930.1500244140624,921.255615234375,1690500.0,0.0,1.0
2024-11-19,CVX,159.60000610351562,148.38565063476562,4657400.0,0.0,1.0
2024-11-19,DIS,112.41999816894533,109.8580322265625,12166800.0,0.0,1.0
2024-11-19,GOOGL,178.1199951171875,176.8779296875,23434900.0,0.0,1.0
2024-11-19,GS,581.3800048828125,558.764404296875,2217400.0,0.0,1.0
2024-11-20,AAPL,229.0,227.35009765625,35169600.0,0.0,1.0
2024-11-20,AMZN,202.8800048828125,202.8800048828125,32769000.0,0.0,1.0
2024-11-20,BA,146.0800018310547,146.0800018310547,9232100.0,0.0,1.0
2024-11-20,BAC,46.060001373291016,44.061763763427734,28021000.0,0.0,1.0
2024-11-20,CAT,381.5,373.54193115234375,1859600.0,0.0,1.0
2024-11-20,COST,928.0800170898438,919.205322265625,1452100.0,0.0,1.0
2024-11-20,CVX,161.3300018310547,149.9940948486328,6391300.0,0.0,1.0
2024-11-20,DIS,114.26000213623048,111.65609741210938,9319300.0,0.0,1.0
2024-11-20,GOOGL,175.97999572753906,174.75286865234375,18997100.0,0.0,1.0
2024-11-20,GS,581.9299926757812,559.2930297851562,1528600.0,0.0,1.0
2024-11-21,AAPL,228.52000427246097,226.8735809326172,42108300.0,0.0,1.0
2024-11-21,AMZN,198.3800048828125,198.3800048828125,58800000.0,0.0,1.0
2024-11-21,BA,143.41000366210938,143.41000366210938,7845100.0,0.0,1.0
2024-11-21,BAC,46.459999084472656,44.44440841674805,45336500.0,0.0,1.0
2024-11-21,CAT,389.5899963378906,381.4631652832031,1833500.0,0.0,1.0
2024-11-21,COST,955.6500244140624,946.5117797851562,2320500.0,0.0,1.0
2024-11-21,CVX,161.6300048828125,150.2729949951172,7945200.0,0.0,1.0
2024-11-21,DIS,114.72000122070312,112.10562133789062,10261000.0,0.0,1.0
2024-11-21,GOOGL,167.6300048828125,166.46109008789062,59734400.0,0.0,1.0
2024-11-21,GS,596.1099853515625,572.92138671875,2281900.0,0.0,1.0
2024-11-22,AAPL,229.8699951171875,228.21385192871097,38168300.0,0.0,1.0
2024-11-22,AMZN,197.1199951171875,197.1199951171875,31530800.0,0.0,1.0
2024-11-22,BA,149.2899932861328,149.2899932861328,13353100.0,0.0,1.0
2024-11-22,BAC,47.0,44.96097946166992,37996200.0,0.0,1.0
2024-11-22,CAT,397.489990234375,389.1983947753906,1893000.0,0.0,1.0
2024-11-22,COST,964.010009765625,954.791748046875,2078700.0,0.0,1.0
2024-11-22,CVX,162.36000061035156,150.95172119140625,7005900.0,0.0,1.0
2024-11-22,DIS,115.6500015258789,113.0144271850586,10098000.0,0.0,1.0
2024-11-22,GOOGL,164.75999450683594,163.611083984375,38604600.0,0.0,1.0
2024-11-22,GS,602.780029296875,579.33203125,1733700.0,0.0,1.0
2024-11-25,AAPL,232.8699951171875,231.1922149658203,90152800.0,0.0,1.0
2024-11-25,AMZN,201.4499969482422,201.4499969482422,40685700.0,0.0,1.0
2024-11-25,BA,153.10000610351562,153.10000610351562,11479400.0,0.0,1.0
2024-11-25,BAC,47.5,45.43929290771485,42718600.0,0.0,1.0
2024-11-25,CAT,405.6499938964844,397.1881408691406,4398000.0,0.0,1.0
2024-11-25,COST,960.8900146484376,951.7015380859376,3240900.0,0.0,1.0
2024-11-25,CVX,160.36000061035156,149.0922393798828,10702400.0,0.0,1.0
2024-11-25,DIS,116.0,113.3564453125,10397800.0,0.0,1.0
2024-11-25,GOOGL,167.64999389648438,166.48095703125,33135300.0,0.0,1.0
2024-11-25,GS,603.030029296875,579.572265625,2940800.0,0.0,1.0
2024-11-26,AAPL,235.05999755859375,233.366455078125,45986200.0,0.0,1.0
2024-11-26,AMZN,207.86000061035156,207.86000061035156,41673700.0,0.0,1.0
2024-11-26,BA,150.75999450683594,150.75999450683594,8235000.0,0.0,1.0
2024-11-26,BAC,47.75,45.67844772338867,30301500.0,0.0,1.0
2024-11-26,CAT,407.8299865722656,399.3226623535156,1796600.0,0.0,1.0
2024-11-26,COST,971.5,962.2101440429688,1438000.0,0.0,1.0
2024-11-26,CVX,162.52999877929688,151.10977172851562,7369500.0,0.0,1.0
2024-11-26,DIS,115.4499969482422,112.81897735595705,6808100.0,0.0,1.0
2024-11-26,GOOGL,169.1199951171875,167.94068908691406,20486700.0,0.0,1.0
2024-11-26,GS,605.5,581.9461669921875,2846500.0,0.0,1.0
2024-11-27,AAPL,234.92999267578125,233.2373809814453,33498400.0,0.0,1.0
2024-11-27,AMZN,205.7400054931641,205.7400054931641,28061600.0,0.0,1.0
2024-11-27,BA,152.39999389648438,152.39999389648438,5210100.0,0.0,1.0
2024-11-27,BAC,47.77000045776367,45.69757843017578,23278400.0,0.0,1.0
2024-11-27,CAT,403.7000122070313,395.27886962890625,1371900.0,0.0,1.0
2024-11-27,COST,961.5499877929688,952.3552856445312,1499500.0,0.0,1.0
2024-11-27,CVX,162.11000061035156,150.7192840576172,7674500.0,0.0,1.0
2024-11-27,DIS,117.5999984741211,114.91998291015624,8142400.0,0.0,1.0
2024-11-27,GOOGL,169.22999572753906,168.0499267578125,19266500.0,0.0,1.0
2024-11-27,GS,605.4299926757812,581.87890625,1424500.0,0.0,1.0
2024-11-29,AAPL,237.3300018310547,235.6201171875,28481400.0,0.0,1.0
2024-11-29,AMZN,207.88999938964844,207.88999938964844,24892400.0,0.0,1.0
2024-11-29,BA,155.44000244140625,155.44000244140625,7100100.0,0.0,1.0
2024-11-29,BAC,47.5099983215332,45.448856353759766,23262000.0,0.0,1.0
2024-11-29,CAT,406.1099853515625,397.6385498046875,1962100.0,0.0,1.0
2024-11-29,COST,971.8800048828124,962.5864868164062,1095900.0,0.0,1.0
2024-11-29,CVX,161.92999267578125,150.5519256591797,5077000.0,0.0,1.0
2024-11-29,DIS,117.47000122070312,114.7929458618164,5095200.0,0.0,1.0
2024-11-29,GOOGL,168.9499969482422,167.77188110351562,14257200.0,0.0,1.0
2024-11-29,GS,608.5700073242188,584.8967895507812,1170200.0,0.0,1.0
2024-12-02,AAPL,239.58999633789065,237.86380004882812,48137100.0,0.0,1.0
2024-12-02,AMZN,210.7100067138672,210.7100067138672,39523200.0,0.0,1.0
2024-12-02,BA,156.5399932861328,156.5399932861328,10097900.0,0.0,1.0
2024-12-02,BAC,47.040000915527344,44.99924850463867,35891500.0,0.0,1.0
2024-12-02,CAT,402.510009765625,394.11370849609375,1548500.0,0.0,1.0
2024-12-02,COST,975.0,965.6766357421876,1955800.0,0.0,1.0
2024-12-02,CVX,162.2100067138672,150.812255859375,6229600.0,0.0,1.0
2024-12-02,DIS,117.16000366210938,114.4900131225586,8390500.0,0.0,1.0
2024-12-02,GOOGL,171.49000549316406,170.29417419433594,23789100.0,0.0,1.0
2024-12-02,GS,601.7100219726562,581.1685791015625,1804100.0,3.0,1.0
2024-12-03,AAPL,242.6499938964844,240.90174865722656,38861000.0,0.0,1.0
2024-12-03,AMZN,213.44000244140625,213.44000244140625,32214800.0,0.0,1.0
2024-12-03,BA,155.0,155.0,6130300.0,0.0,1.0
2024-12-03,BAC,46.81999969482422,44.788787841796875,38123800.0,0.0,1.0
2024-12-03,CAT,399.260009765625,390.9314880371094,1716200.0,0.0,1.0
2024-12-03,COST,982.1500244140624,972.75830078125,1653900.0,0.0,1.0
2024-12-03,CVX,161.9199981689453,150.5426025390625,5900100.0,0.0,1.0
2024-12-03,DIS,116.4499969482422,113.7961883544922,9194000.0,0.0,1.0
2024-12-03,GOOGL,171.33999633789062,170.14520263671875,22248700.0,0.0,1.0
2024-12-03,GS,602.0800170898438,581.5259399414062,1718100.0,0.0,1.0
2024-12-04,AAPL,243.0099945068359,241.25917053222656,44383900.0,0.0,1.0
2024-12-04,AMZN,218.16000366210935,218.16000366210935,48745700.0,0.0,1.0
2024-12-04,BA,158.27999877929688,158.27999877929688,9269300.0,0.0,1.0
2024-12-04,BAC,46.369998931884766,44.35831451416016,24941300.0,0.0,1.0
2024-12-04,CAT,399.510009765625,391.1763000488281,1193800.0,0.0,1.0
2024-12-04,COST,990.9199829101562,981.4443969726562,1784700.0,0.0,1.0
2024-12-04,CVX,158.32000732421875,147.19558715820312,7862700.0,0.0,1.0
2024-12-04,DIS,116.98999786376952,114.3238754272461,7996200.0,0.0,1.0
2024-12-04,GOOGL,174.3699951171875,173.1540985107422,31615100.0,0.0,1.0
2024-12-04,GS,598.7100219726562,578.27099609375,1617300.0,0.0,1.0
2024-12-05,AAPL,243.0399932861328,241.2889709472656,40033900.0,0.0,1.0
2024-12-05,AMZN,220.5500030517578,220.5500030517578,41140200.0,0.0,1.0
2024-12-05,BA,156.6699981689453,156.6699981689453,7119800.0,0.0,1.0
2024-12-05,BAC,47.0,44.96097946166992,31572100.0,0.0,1.0
2024-12-05,CAT,394.9800109863281,386.74072265625,1291400.0,0.0,1.0
2024-12-05,COST,982.260009765625,972.8673095703124,2089400.0,0.0,1.0
2024-12-05,CVX,159.3300018310547,148.13461303710938,6358400.0,0.0,1.0
2024-12-05,DIS,116.5,113.84505462646484,9823600.0,0.0,1.0
2024-12-05,GOOGL,172.63999938964844,171.4361572265625,21356200.0,0.0,1.0
2024-12-05,GS,596.7999877929688,576.4262084960938,1672800.0,0.0,1.0
2024-12-06,AAPL,242.83999633789065,241.09039306640625,36870600.0,0.0,1.0
2024-12-06,AMZN,227.02999877929688,227.02999877929688,44178100.0,0.0,1.0
2024-12-06,BA,153.92999267578125,153.92999267578125,8182700.0,0.0,1.0
2024-12-06,BAC,46.75,44.97060012817383,28931700.0,0.26,1.0
2024-12-06,CAT,395.0299987792969,386.7897033691406,1331000.0,0.0,1.0
2024-12-06,COST,992.6099853515624,983.1182250976562,1737300.0,0.0,1.0
2024-12-06,CVX,155.24000549316406,144.3319854736328,9701700.0,0.0,1.0
2024-12-06,DIS,116.7300033569336,114.06981658935548,6677900.0,0.0,1.0
2024-12-06,GOOGL,174.7100067138672,173.49171447753906,21462400.0,0.0,1.0
2024-12-06,GS,599.6799926757812,579.2078247070312,1405700.0,0.0,1.0
2024-12-09,AAPL,246.75,244.97222900390625,44649200.0,0.0,1.0
2024-12-09,AMZN,226.08999633789065,226.08999633789065,46819400.0,0.0,1.0
2024-12-09,BA,157.0399932861328,157.0399932861328,13540000.0,0.0,1.0
2024-12-09,BAC,45.90999984741211,44.162574768066406,34660900.0,0.0,1.0
2024-12-09,CAT,399.260009765625,390.9314880371094,1739800.0,0.0,1.0
2024-12-09,COST,987.8599853515624,978.4136352539062,1855500.0,0.0,1.0
2024-12-09,CVX,157.0800018310547,146.04269409179688,9404500.0,0.0,1.0
2024-12-09,DIS,114.61000061035156,111.99812316894533,8666100.0,0.0,1.0
2024-12-09,GOOGL,175.3699951171875,174.34669494628906,25389600.0,0.2,1.0
2024-12-09,GS,594.1199951171875,573.8375244140625,1633200.0,0.0,1.0
2024-12-10,AAPL,247.77000427246097,245.98489379882812,36914800.0,0.0,1.0
2024-12-10,AMZN,225.0399932861328,225.0399932861328,31199900.0,0.0,1.0
2024-12-10,BA,164.10000610351562,164.10000610351562,17149200.0,0.0,1.0
2024-12-10,BAC,45.75,44.00865936279297,35665800.0,0.0,1.0
2024-12-10,CAT,388.3900146484375,380.2882385253906,2251000.0,0.0,1.0
2024-12-10,COST,993.4000244140624,983.9007568359376,1556800.0,0.0,1.0
2024-12-10,CVX,157.0,145.9683380126953,9126200.0,0.0,1.0
2024-12-10,DIS,114.7300033569336,112.11538696289062,7526400.0,0.0,1.0
2024-12-10,GOOGL,185.1699981689453,184.0895233154297,54813000.0,0.0,1.0
2024-12-10,GS,585.030029296875,565.0579223632812,2600800.0,0.0,1.0
2024-12-11,AAPL,246.4900054931641,244.714111328125,45205800.0,0.0,1.0
2024-12-11,AMZN,230.2599945068359,230.2599945068359,35385800.0,0.0,1.0
2024-12-11,BA,165.9600067138672,165.9600067138672,13116600.0,0.0,1.0
2024-12-11,BAC,46.08000183105469,44.32610702514648,36790500.0,0.0,1.0
2024-12-11,CAT,388.8699951171875,380.7581787109375,1651600.0,0.0,1.0
2024-12-11,COST,994.6900024414062,985.1783447265624,1903600.0,0.0,1.0
2024-12-11,CVX,156.2100067138672,145.2338409423828,13764700.0,0.0,1.0
2024-12-11,DIS,114.61000061035156,111.99812316894533,6426800.0,0.0,1.0
2024-12-11,GOOGL,195.3999938964844,194.25982666015625,67894100.0,0.0,1.0
2024-12-11,GS,592.5599975585938,572.330810546875,2195300.0,0.0,1.0
2024-12-12,AAPL,247.9600067138672,246.1735382080078,32777500.0,0.0,1.0
2024-12-12,AMZN,228.97000122070312,228.97000122070312,28204100.0,0.0,1.0
2024-12-12,BA,167.75,167.75,10617700.0,0.0,1.0
2024-12-12,BAC,46.08000183105469,44.32610702514648,24017300.0,0.0,1.0
2024-12-12,CAT,380.7799987792969,372.8369445800781,1804600.0,0.0,1.0
2024-12-12,COST,988.3900146484376,978.9385986328124,2344300.0,0.0,1.0
2024-12-12,CVX,154.7100067138672,143.83924865722656,7621500.0,0.0,1.0
2024-12-12,DIS,114.9000015258789,112.2815170288086,5285100.0,0.0,1.0
2024-12-12,GOOGL,191.9600067138672,190.8398895263672,34817500.0,0.0,1.0
2024-12-12,GS,591.6099853515625,571.4132080078125,1218400.0,0.0,1.0
2024-12-13,AAPL,248.1300048828125,246.34228515625,33155300.0,0.0,1.0
2024-12-13,AMZN,227.4600067138672,227.4600067138672,28768100.0,0.0,1.0
2024-12-13,BA,169.64999389648438,169.64999389648438,9754900.0,0.0,1.0
2024-12-13,BAC,45.66999816894531,43.93170928955078,32902300.0,0.0,1.0
2024-12-13,CAT,380.510009765625,372.5726013183594,2034800.0,0.0,1.0
2024-12-13,COST,989.3499755859376,979.889404296875,2951900.0,0.0,1.0
2024-12-13,CVX,153.8699951171875,143.05825805664062,5816200.0,0.0,1.0
2024-12-13,DIS,113.33999633789062,110.75706481933594,6864500.0,0.0,1.0
2024-12-13,GOOGL,189.82000732421875,188.71240234375,25143500.0,0.0,1.0
2024-12-13,GS,585.47998046875,565.4924926757812,1215000.0,0.0,1.0
2024-12-16,AAPL,251.0399932861328,249.23130798339844,51694800.0,0.0,1.0
2024-12-16,AMZN,232.92999267578125,232.92999267578125,37552100.0,0.0,1.0
2024-12-16,BA,173.1699981689453,173.1699981689453,13050700.0,0.0,1.0
2024-12-16,BAC,45.470001220703125,43.73932266235352,27330400.0,0.0,1.0
2024-12-16,CAT,378.9200134277344,371.0157775878906,1311100.0,0.0,1.0
2024-12-16,COST,992.8699951171876,983.3757934570312,2581300.0,0.0,1.0
2024-12-16,CVX,149.36000061035156,138.8651580810547,11961200.0,0.0,1.0
2024-12-16,DIS,112.11000061035156,110.04054260253906,10528500.0,0.5,1.0
2024-12-16,GOOGL,196.66000366210935,195.51248168945312,44934900.0,0.0,1.0
2024-12-16,GS,586.3300170898438,566.3135986328125,1713300.0,0.0,1.0
2024-12-17,AAPL,253.47999572753903,251.65370178222656,51356400.0,0.0,1.0
2024-12-17,AMZN,231.1499938964844,231.1499938964844,35948100.0,0.0,1.0
2024-12-17,BA,173.02999877929688,173.02999877929688,13557100.0,0.0,1.0
2024-12-17,BAC,45.04999923706055,43.33530807495117,33054600.0,0.0,1.0
2024-12-17,CAT,375.7999877929687,367.9608459472656,2138700.0,0.0,1.0
2024-12-17,COST,982.0800170898438,972.68896484375,2050200.0,0.0,1.0
2024-12-17,CVX,148.11000061035156,137.70298767089844,11909300.0,0.0,1.0
2024-12-17,DIS,113.0199966430664,110.9337387084961,12238600.0,0.0,1.0
2024-12-17,GOOGL,195.4199981689453,194.2796936035156,43504000.0,0.0,1.0
2024-12-17,GS,574.6799926757812,555.0612182617188,2314100.0,0.0,1.0
2024-12-18,AAPL,248.0500030517578,246.26287841796875,56774100.0,0.0,1.0
2024-12-18,AMZN,220.52000427246097,220.52000427246097,43281400.0,0.0,1.0
2024-12-18,BA,172.6199951171875,172.6199951171875,15437200.0,0.0,1.0
2024-12-18,BAC,43.5,41.84429931640625,41771900.0,0.0,1.0
2024-12-18,CAT,363.8900146484375,356.2992858886719,2820700.0,0.0,1.0
2024-12-18,COST,964.739990234375,955.5147705078124,2725300.0,0.0,1.0
2024-12-18,CVX,144.0800018310547,133.9561767578125,10174500.0,0.0,1.0
2024-12-18,DIS,111.3499984741211,109.29456329345705,12292800.0,0.0,1.0
2024-12-18,GOOGL,188.3999938964844,187.3006591796875,34166100.0,0.0,1.0
2024-12-18,GS,550.25,531.4652709960938,3271600.0,0.0,1.0
2024-12-19,AAPL,249.7899932861328,247.9903259277344,60882300.0,0.0,1.0
2024-12-19,AMZN,223.2899932861328,223.2899932861328,39918700.0,0.0,1.0
2024-12-19,BA,177.0399932861328,177.0399932861328,14777100.0,0.0,1.0
2024-12-19,BAC,43.380001068115234,41.7288703918457,38583600.0,0.0,1.0
2024-12-19,CAT,360.3699951171875,352.8526916503906,2616700.0,0.0,1.0
2024-12-19,COST,954.7999877929688,945.6697998046876,2610800.0,0.0,1.0
2024-12-19,CVX,141.14999389648438,131.23204040527344,16544300.0,0.0,1.0
2024-12-19,DIS,111.37000274658205,109.31420135498048,9468500.0,0.0,1.0
2024-12-19,GOOGL,188.5099945068359,187.41001892089844,32265200.0,0.0,1.0
2024-12-19,GS,553.989990234375,535.0775756835938,2753300.0,0.0,1.0
2024-12-20,AAPL,254.4900054931641,252.656494140625,147495300.0,0.0,1.0
2024-12-20,AMZN,224.9199981689453,224.9199981689453,88279200.0,0.0,1.0
2024-12-20,BA,177.35000610351562,177.35000610351562,23233700.0,0.0,1.0
2024-12-20,BAC,44.16999816894531,42.488792419433594,74222200.0,0.0,1.0
2024-12-20,CAT,366.0400085449219,358.4044189453125,5142000.0,0.0,1.0
2024-12-20,COST,954.0700073242188,944.94677734375,5373800.0,0.0,1.0
2024-12-20,CVX,142.85000610351562,132.81259155273438,32209200.0,0.0,1.0
2024-12-20,DIS,112.02999877929688,109.9620132446289,17955300.0,0.0,1.0
2024-12-20,GOOGL,191.41000366210935,190.29312133789065,63462900.0,0.0,1.0
2024-12-20,GS,566.0999755859375,546.7741088867188,4515900.0,0.0,1.0
2024-12-23,AAPL,255.27000427246097,253.43084716796875,40858800.0,0.0,1.0
2024-12-23,AMZN,225.05999755859375,225.05999755859375,28070000.0,0.0,1.0
2024-12-23,BA,177.69000244140625,177.69000244140625,8486400.0,0.0,1.0
2024-12-23,BAC,43.88999938964844,42.219451904296875,35374800.0,0.0,1.0
2024-12-23,CAT,365.3900146484375,357.76800537109375,1804900.0,0.0,1.0
2024-12-23,COST,949.9099731445312,940.8265991210938,1856800.0,0.0,1.0
2024-12-23,CVX,142.97000122070312,132.92416381835938,8156500.0,0.0,1.0
2024-12-23,DIS,111.4000015258789,109.3436508178711,6037200.0,0.0,1.0
2024-12-23,GOOGL,194.6300048828125,193.4943084716797,25675000.0,0.0,1.0
2024-12-23,GS,570.780029296875,551.29443359375,1519500.0,0.0,1.0
2024-12-24,AAPL,258.20001220703125,256.33978271484375,23234700.0,0.0,1.0
2024-12-24,AMZN,229.0500030517578,229.0500030517578,15007500.0,0.0,1.0
2024-12-24,BA,179.33999633789062,179.33999633789062,4317000.0,0.0,1.0
2024-12-24,BAC,44.380001068115234,42.69081497192383,12054400.0,0.0,1.0
2024-12-24,CAT,367.5700073242187,359.90252685546875,886000.0,0.0,1.0
2024-12-24,COST,958.8200073242188,949.6514282226562,939000.0,0.0,1.0
2024-12-24,CVX,143.83999633789062,133.73301696777344,3556100.0,0.0,1.0
2024-12-24,DIS,112.55999755859376,110.4822235107422,2475000.0,0.0,1.0
2024-12-24,GOOGL,196.11000061035156,194.96568298339844,10403300.0,0.0,1.0
2024-12-24,GS,582.7899780273438,562.8944702148438,913400.0,0.0,1.0
2024-12-26,AAPL,259.0199890136719,257.15380859375,27237100.0,0.0,1.0
2024-12-26,AMZN,227.0500030517578,227.0500030517578,16146700.0,0.0,1.0
2024-12-26,BA,180.3800048828125,180.3800048828125,5905700.0,0.0,1.0
2024-12-26,BAC,44.54999923706055,42.854339599609375,16077400.0,0.0,1.0
2024-12-26,CAT,367.1199951171875,359.4619140625,1097900.0,0.0,1.0
2024-12-26,COST,956.1400146484376,946.9969482421876,969000.0,0.0,1.0
2024-12-26,CVX,143.97999572753906,133.86317443847656,4492600.0,0.0,1.0
2024-12-26,DIS,112.5500030517578,110.47241973876952,4781400.0,0.0,1.0
2024-12-26,GOOGL,195.6000061035156,194.45867919921875,12046600.0,0.0,1.0
2024-12-26,GS,581.22998046875,561.3876953125,1092000.0,0.0,1.0
2024-12-27,AAPL,255.58999633789065,253.74853515625,42355300.0,0.0,1.0
2024-12-27,AMZN,223.75,223.75,27367100.0,0.0,1.0
2024-12-27,BA,180.72000122070312,180.72000122070312,6806900.0,0.0,1.0
2024-12-27,BAC,44.34000015258789,42.65232849121094,17972500.0,0.0,1.0
2024-12-27,CAT,364.8599853515625,357.2489929199219,1245800.0,0.0,1.0
2024-12-27,COST,939.7000122070312,930.7142333984376,1943400.0,0.0,1.0
2024-12-27,CVX,144.0,133.8817596435547,5296500.0,0.0,1.0
2024-12-27,DIS,111.5500030517578,109.49088287353516,4523800.0,0.0,1.0
2024-12-27,GOOGL,192.7599945068359,191.63522338867188,18891400.0,0.0,1.0
2024-12-27,GS,576.1799926757812,556.5100708007812,1486000.0,0.0,1.0
2024-12-30,AAPL,252.1999969482422,250.38294982910156,35557500.0,0.0,1.0
2024-12-30,AMZN,221.3000030517578,221.3000030517578,28321200.0,0.0,1.0
2024-12-30,BA,176.5500030517578,176.5500030517578,18082300.0,0.0,1.0
2024-12-30,BAC,43.90999984741211,42.23870086669922,16109800.0,0.0,1.0
2024-12-30,CAT,363.010009765625,355.4376525878906,1422200.0,0.0,1.0
2024-12-30,COST,922.2100219726562,913.3914184570312,1881200.0,0.0,1.0
2024-12-30,CVX,143.07000732421875,133.0171356201172,6194800.0,0.0,1.0
2024-12-30,DIS,110.8000030517578,108.75472259521484,5716300.0,0.0,1.0
2024-12-30,GOOGL,191.2400054931641,190.12408447265625,14264700.0,0.0,1.0
2024-12-30,GS,573.5499877929688,553.9699096679688,1265900.0,0.0,1.0
2024-12-31,AAPL,250.4199981689453,248.61578369140625,39480700.0,0.0,1.0
2024-12-31,AMZN,219.38999938964844,219.38999938964844,24819700.0,0.0,1.0
2024-12-31,BA,177.0,177.0,9748600.0,0.0,1.0
2024-12-31,BAC,43.95000076293945,42.27717208862305,16110400.0,0.0,1.0
2024-12-31,CAT,362.760009765625,355.1928405761719,1168100.0,0.0,1.0
2024-12-31,COST,916.27001953125,907.5082397460938,1742900.0,0.0,1.0
2024-12-31,CVX,144.83999633789062,134.66275024414062,6137800.0,0.0,1.0
2024-12-31,DIS,111.3499984741211,109.29456329345705,4757500.0,0.0,1.0
2024-12-31,GOOGL,189.3000030517578,188.19541931152344,17466900.0,0.0,1.0
2024-12-31,GS,572.6199951171875,553.071533203125,1055800.0,0.0,1.0
2025-01-02,AAPL,243.8500061035156,242.09312438964844,55740700.0,0.0,1.0
2025-01-02,AMZN,220.22000122070312,220.22000122070312,33956600.0,0.0,1.0
2025-01-02,BA,171.8699951171875,171.8699951171875,12450000.0,0.0,1.0
2025-01-02,BAC,44.290000915527344,42.60423278808594,25610600.0,0.0,1.0
2025-01-02,CAT,359.7699890136719,352.2652282714844,1802600.0,0.0,1.0
2025-01-02,COST,909.8099975585938,901.110107421875,1765100.0,0.0,1.0
2025-01-02,CVX,146.7100067138672,136.4013671875,7170300.0,0.0,1.0
2025-01-02,DIS,110.81999969482422,108.77435302734376,5688100.0,0.0,1.0
2025-01-02,GOOGL,189.42999267578125,188.3246612548828,20370800.0,0.0,1.0
2025-01-02,GS,574.969970703125,555.3413696289062,2219000.0,0.0,1.0
2025-01-03,AAPL,243.36000061035156,241.60665893554688,40244100.0,0.0,1.0
2025-01-03,AMZN,224.19000244140625,224.19000244140625,27515600.0,0.0,1.0
2025-01-03,BA,169.89999389648438,169.89999389648438,10513800.0,0.0,1.0
2025-01-03,BAC,44.810001373291016,43.10444259643555,23455700.0,0.0,1.0
2025-01-03,CAT,363.7900085449219,356.20135498046875,1390800.0,0.0,1.0
2025-01-03,COST,916.5800170898438,907.8153076171876,1612200.0,0.0,1.0
2025-01-03,CVX,147.85000610351562,137.46127319335938,5809000.0,0.0,1.0
2025-01-03,DIS,111.16000366210938,109.10808563232422,5393100.0,0.0,1.0
2025-01-03,GOOGL,191.7899932861328,190.6708984375,18596200.0,0.0,1.0
2025-01-03,GS,580.1300048828125,560.3252563476562,1422600.0,0.0,1.0
2025-01-06,AAPL,245.0,243.23483276367188,45045600.0,0.0,1.0
2025-01-06,AMZN,227.61000061035156,227.61000061035156,31849800.0,0.0,1.0
2025-01-06,BA,170.77999877929688,170.77999877929688,11133400.0,0.0,1.0
2025-01-06,BAC,45.400001525878906,43.67198181152344,30518500.0,0.0,1.0
2025-01-06,CAT,364.2000122070313,356.60284423828125,1590700.0,0.0,1.0
2025-01-06,COST,922.7100219726562,913.88671875,1970400.0,0.0,1.0
2025-01-06,CVX,147.25999450683594,136.9127197265625,5888700.0,0.0,1.0
2025-01-06,DIS,111.0500030517578,109.00011444091795,6274400.0,0.0,1.0
2025-01-06,GOOGL,196.8699951171875,195.7212371826172,29563600.0,0.0,1.0
2025-01-06,GS,583.3900146484375,563.4739990234375,2257000.0,0.0,1.0
2025-01-07,AAPL,242.2100067138672,240.46495056152344,40856000.0,0.0,1.0
2025-01-07,AMZN,222.11000061035156,222.11000061035156,28084200.0,0.0,1.0
2025-01-07,BA,172.50999450683594,172.50999450683594,7045000.0,0.0,1.0
2025-01-07,BAC,46.08000183105469,44.32610702514648,41111200.0,0.0,1.0
2025-01-07,CAT,363.0,355.4278259277344,1607400.0,0.0,1.0
2025-01-07,COST,921.3699951171876,912.5593872070312,1888000.0,0.0,1.0
2025-01-07,CVX,149.58999633789062,139.07899475097656,7736000.0,0.0,1.0
2025-01-07,DIS,111.38999938964844,109.3338394165039,7878800.0,0.0,1.0
2025-01-07,GOOGL,195.4900054931641,194.3492889404297,26487200.0,0.0,1.0
2025-01-07,GS,580.1199951171875,560.3156127929688,2021900.0,0.0,1.0
2025-01-08,AAPL,242.6999969482422,240.951416015625,37628900.0,0.0,1.0
2025-01-08,AMZN,222.1300048828125,222.1300048828125,25033300.0,0.0,1.0
2025-01-08,BA,171.75999450683594,171.75999450683594,5108700.0,0.0,1.0
2025-01-08,BAC,46.209999084472656,44.45115661621094,40246000.0,0.0,1.0
2025-01-08,CAT,361.0700073242187,353.5380859375,1828800.0,0.0,1.0
2025-01-08,COST,927.3699951171876,918.502197265625,1774800.0,0.0,1.0
2025-01-08,CVX,150.3000030517578,139.73910522460938,7640900.0,0.0,1.0
2025-01-08,DIS,109.76000213623048,107.73391723632812,7805300.0,0.0,1.0
2025-01-08,GOOGL,193.9499969482422,192.8182830810547,24864800.0,0.0,1.0
2025-01-08,GS,580.02001953125,560.218994140625,1513400.0,0.0,1.0
2025-01-10,AAPL,236.8500061035156,235.1435546875,61710900.0,0.0,1.0
2025-01-10,AMZN,218.94000244140625,218.94000244140625,36811500.0,0.0,1.0
2025-01-10,BA,172.0,172.0,7556800.0,0.0,1.0
2025-01-10,BAC,45.11000061035156,43.39302062988281,40741300.0,0.0,1.0
2025-01-10,CAT,351.0,343.67822265625,2773900.0,0.0,1.0
2025-01-10,COST,936.9400024414062,927.9805908203124,2765800.0,0.0,1.0
2025-01-10,CVX,153.13999938964844,142.37953186035156,11074700.0,0.0,1.0
2025-01-10,DIS,108.6500015258789,106.64441680908205,8835500.0,0.0,1.0
2025-01-10,GOOGL,192.0399932861328,190.91941833496097,26665200.0,0.0,1.0
2025-01-10,GS,560.0,540.8823852539062,2817900.0,0.0,1.0
2025-01-13,AAPL,234.3999938964844,232.7111968994141,49630700.0,0.0,1.0
2025-01-13,AMZN,218.4600067138672,218.4600067138672,27262700.0,0.0,1.0
2025-01-13,BA,170.57000732421875,170.57000732421875,6049600.0,0.0,1.0
2025-01-13,BAC,45.060001373291016,43.34492111206055,34353600.0,0.0,1.0
2025-01-13,CAT,362.5,354.9382629394531,2746000.0,0.0,1.0
2025-01-13,COST,924.7000122070312,915.8576049804688,1693800.0,0.0,1.0
2025-01-13,CVX,155.35000610351562,144.4342498779297,11774100.0,0.0,1.0
2025-01-13,DIS,108.08000183105467,106.0849380493164,6690200.0,0.0,1.0
2025-01-13,GOOGL,191.0099945068359,189.8954315185547,21823700.0,0.0,1.0
2025-01-13,GS,562.9500122070312,543.731689453125,1871200.0,0.0,1.0
2025-01-14,AAPL,233.27999877929688,231.5992889404297,39435300.0,0.0,1.0
2025-01-14,AMZN,217.7599945068359,217.7599945068359,24711700.0,0.0,1.0
2025-01-14,BA,167.02000427246094,167.02000427246094,7966900.0,0.0,1.0
2025-01-14,BAC,45.779998779296875,44.03751754760742,36379000.0,0.0,1.0
2025-01-14,CAT,371.5700073242187,363.819091796875,2331700.0,0.0,1.0
2025-01-14,COST,917.22998046875,908.4591064453124,1683800.0,0.0,1.0
2025-01-14,CVX,156.89999389648438,145.87533569335938,6830200.0,0.0,1.0
2025-01-14,DIS,108.12000274658205,106.12419891357422,5501600.0,0.0,1.0
2025-01-14,GOOGL,189.66000366210935,188.55332946777344,17174900.0,0.0,1.0
2025-01-14,GS,571.530029296875,552.0188598632812,2221900.0,0.0,1.0
2025-01-15,AAPL,237.8699951171875,236.15621948242188,39832000.0,0.0,1.0
2025-01-15,AMZN,223.3500061035156,223.3500061035156,31291300.0,0.0,1.0
2025-01-15,BA,166.1999969482422,166.1999969482422,6451000.0,0.0,1.0
2025-01-15,BAC,47.099998474121094,45.30727767944336,57154800.0,0.0,1.0
2025-01-15,CAT,374.8900146484375,367.06982421875,1984500.0,0.0,1.0
2025-01-15,COST,923.5,914.6691284179688,1839400.0,0.0,1.0
2025-01-15,CVX,158.3300018310547,147.20484924316406,7900000.0,0.0,1.0
2025-01-15,DIS,108.18000030517578,106.1830825805664,6296900.0,0.0,1.0
2025-01-15,GOOGL,195.5500030517578,194.40896606445312,21776000.0,0.0,1.0
2025-01-15,GS,605.9199829101562,585.2348022460938,5119800.0,0.0,1.0
2025-01-16,AAPL,228.2599945068359,226.6154632568359,71759100.0,0.0,1.0
2025-01-16,AMZN,220.66000366210935,220.66000366210935,24757300.0,0.0,1.0
2025-01-16,BA,168.92999267578125,168.92999267578125,5812300.0,0.0,1.0
2025-01-16,BAC,46.63999938964844,44.86478805541992,56339300.0,0.0,1.0
2025-01-16,CAT,380.5499877929687,372.6117858886719,1974700.0,0.0,1.0
2025-01-16,COST,919.75,910.9549560546876,1353000.0,0.0,1.0
2025-01-16,CVX,159.3800048828125,148.1811065673828,5578900.0,0.0,1.0
2025-01-16,DIS,106.45999908447266,104.49483489990234,7872800.0,0.0,1.0
2025-01-16,GOOGL,192.91000366210935,191.7843475341797,17815400.0,0.0,1.0
2025-01-16,GS,612.989990234375,592.0633544921875,3224500.0,0.0,1.0
2025-01-17,AAPL,229.97999572753903,228.32305908203125,68488300.0,0.0,1.0
2025-01-17,AMZN,225.94000244140625,225.94000244140625,42370100.0,0.0,1.0
2025-01-17,BA,171.08999633789062,171.08999633789062,9557100.0,0.0,1.0
2025-01-17,BAC,46.529998779296875,44.75897216796875,44486100.0,0.0,1.0
2025-01-17,CAT,386.0199890136719,377.9676208496094,2605900.0,0.0,1.0
2025-01-17,COST,943.1900024414062,934.1707153320312,2375000.0,0.0,1.0
2025-01-17,CVX,161.47000122070312,150.12425231933594,9260400.0,0.0,1.0
2025-01-17,DIS,107.0199966430664,105.04450225830078,7144300.0,0.0,1.0
2025-01-17,GOOGL,196.0,194.85630798339844,27735100.0,0.0,1.0
2025-01-17,GS,625.9400024414062,604.5712890625,3425200.0,0.0,1.0
2025-01-21,AAPL,222.63999938964844,221.03594970703125,98070400.0,0.0,1.0
2025-01-21,AMZN,230.7100067138672,230.7100067138672,39951500.0,0.0,1.0
2025-01-21,BA,175.55999755859375,175.55999755859375,8755300.0,0.0,1.0
2025-01-21,BAC,46.65999984741211,44.884029388427734,52089100.0,0.0,1.0
2025-01-21,CAT,398.3599853515625,391.4801635742187,3144500.0,1.41,1.0
2025-01-21,COST,947.72998046875,938.6673583984376,2042400.0,0.0,1.0
2025-01-21,CVX,158.24000549316406,147.12123107910156,10131400.0,0.0,1.0
2025-01-21,DIS,108.6999969482422,106.6934814453125,8643700.0,0.0,1.0
2025-01-21,GOOGL,198.0500030517578,196.8943634033203,29971300.0,0.0,1.0
2025-01-21,GS,634.739990234375,613.0709838867188,5076700.0,0.0,1.0
2025-01-22,AAPL,223.8300018310547,222.2173767089844,64126500.0,0.0,1.0
2025-01-22,AMZN,235.0099945068359,235.0099945068359,41448200.0,0.0,1.0
2025-01-22,BA,174.8000030517578,174.8000030517578,5134400.0,0.0,1.0
2025-01-22,BAC,45.790000915527344,44.047142028808594,40296200.0,0.0,1.0
2025-01-22,CAT,397.6099853515625,390.74310302734375,1994800.0,0.0,1.0
2025-01-22,COST,944.7000122070312,935.6664428710938,2155000.0,0.0,1.0
2025-01-22,CVX,156.41000366210938,145.41976928710938,7232200.0,0.0,1.0
2025-01-22,DIS,108.80999755859376,106.80145263671876,8781700.0,0.0,1.0
2025-01-22,GOOGL,198.3699951171875,197.2124938964844,26200600.0,0.0,1.0
2025-01-22,GS,632.72998046875,611.1294555664062,2835700.0,0.0,1.0
2025-01-23,AAPL,223.66000366210935,222.048583984375,60234800.0,0.0,1.0
2025-01-23,AMZN,235.4199981689453,235.4199981689453,26404400.0,0.0,1.0
2025-01-23,BA,178.5,178.5,7097300.0,0.0,1.0
2025-01-23,BAC,46.38999938964844,44.62430191040039,35324100.0,0.0,1.0
2025-01-23,CAT,406.3999938964844,399.38128662109375,2587400.0,0.0,1.0
2025-01-23,COST,942.1599731445312,933.150634765625,1352400.0,0.0,1.0
2025-01-23,CVX,156.00999450683594,145.04788208007812,5979800.0,0.0,1.0
2025-01-23,DIS,111.04000091552734,108.99028778076172,7608300.0,0.0,1.0
2025-01-23,GOOGL,197.97999572753903,196.8247833251953,26951400.0,0.0,1.0
2025-01-23,GS,639.5,617.66845703125,2582700.0,0.0,1.0
2025-01-24,AAPL,222.77999877929688,221.1749267578125,54697900.0,0.0,1.0
2025-01-24,AMZN,234.8500061035156,234.8500061035156,25890700.0,0.0,1.0
2025-01-24,BA,176.05999755859375,176.05999755859375,9304200.0,0.0,1.0
2025-01-24,BAC,46.52000045776367,44.74935531616211,24655100.0,0.0,1.0
2025-01-24,CAT,407.6300048828125,400.590087890625,1938200.0,0.0,1.0
2025-01-24,COST,939.6799926757812,930.6943359375,1562400.0,0.0,1.0
2025-01-24,CVX,155.64999389648438,144.71316528320312,8003800.0,0.0,1.0
2025-01-24,DIS,112.16000366210938,110.08961486816406,8304500.0,0.0,1.0
2025-01-24,GOOGL,200.2100067138672,199.041748046875,23877500.0,0.0,1.0
2025-01-24,GS,636.9000244140625,615.1571655273438,3183500.0,0.0,1.0
2025-01-27,AAPL,229.86000061035156,228.2039337158203,94863400.0,0.0,1.0
2025-01-27,AMZN,235.4199981689453,235.4199981689453,49428300.0,0.0,1.0
2025-01-27,BA,175.16000366210938,175.16000366210938,7148600.0,0.0,1.0
2025-01-27,BAC,47.09000015258789,45.29765319824219,44260000.0,0.0,1.0
2025-01-27,CAT,394.9800109863281,388.1585083007813,2964400.0,0.0,1.0
2025-01-27,COST,965.25,956.0199584960938,3044700.0,0.0,1.0
2025-01-27,CVX,157.22999572753906,146.1821746826172,7141000.0,0.0,1.0
2025-01-27,DIS,113.33999633789062,111.2478256225586,10176900.0,0.0,1.0
2025-01-27,GOOGL,191.80999755859375,190.6907501220703,41728900.0,0.0,1.0
2025-01-27,GS,633.280029296875,611.6608276367188,3351700.0,0.0,1.0
2025-01-28,AAPL,238.2599945068359,236.54339599609375,75707600.0,0.0,1.0
2025-01-28,AMZN,238.1499938964844,238.1499938964844,41587200.0,0.0,1.0
2025-01-28,BA,177.77999877929688,177.77999877929688,22768900.0,0.0,1.0
2025-01-28,BAC,46.84000015258789,45.05717849731445,27156600.0,0.0,1.0
2025-01-28,CAT,390.2900085449219,383.5495910644531,1788900.0,0.0,1.0
2025-01-28,COST,958.6699829101562,949.5028076171876,2166400.0,0.0,1.0
2025-01-28,CVX,156.2100067138672,145.2338409423828,6425400.0,0.0,1.0
2025-01-28,DIS,112.13999938964844,110.06998443603516,6516800.0,0.0,1.0
2025-01-28,GOOGL,195.3000030517578,194.160400390625,24157900.0,0.0,1.0
2025-01-28,GS,637.7999877929688,616.0264892578125,2338000.0,0.0,1.0
2025-01-29,AAPL,239.36000061035156,237.6354827880859,45486100.0,0.0,1.0
2025-01-29,AMZN,237.07000732421875,237.07000732421875,26091700.0,0.0,1.0
2025-01-29,BA,173.66000366210938,173.66000366210938,12263500.0,0.0,1.0
2025-01-29,BAC,46.75,44.97060012817383,23681500.0,0.0,1.0
2025-01-29,CAT,393.2300109863281,386.4387817382813,2675800.0,0.0,1.0
2025-01-29,COST,964.02001953125,954.8016967773438,1713700.0,0.0,1.0
2025-01-29,CVX,155.69000244140625,144.75038146972656,5630600.0,0.0,1.0
2025-01-29,DIS,113.19000244140624,111.1006088256836,7607100.0,0.0,1.0
2025-01-29,GOOGL,195.41000366210935,194.2697906494141,18218300.0,0.0,1.0
2025-01-29,GS,637.3800048828125,615.6207275390625,1918900.0,0.0,1.0
2025-01-30,AAPL,237.58999633789065,235.87823486328125,55658300.0,0.0,1.0
2025-01-30,AMZN,234.63999938964844,234.63999938964844,32020700.0,0.0,1.0
2025-01-30,BA,179.52999877929688,179.52999877929688,6996300.0,0.0,1.0
2025-01-30,BAC,46.720001220703125,44.941741943359375,31199900.0,0.0,1.0
2025-01-30,CAT,374.9800109863281,368.50396728515625,4234600.0,0.0,1.0
2025-01-30,COST,979.010009765625,969.6483154296876,1788200.0,0.0,1.0
2025-01-30,CVX,156.32000732421875,145.3361358642578,6931900.0,0.0,1.0
2025-01-30,DIS,113.43000030517578,111.33617401123048,6236200.0,0.0,1.0
2025-01-30,GOOGL,200.8699951171875,199.69790649414065,24354700.0,0.0,1.0
2025-01-30,GS,645.7000122070312,623.65673828125,1812800.0,0.0,1.0
2025-01-31,AAPL,236.0,234.29966735839844,100959800.0,0.0,1.0
2025-01-31,AMZN,237.67999267578125,237.67999267578125,36110200.0,0.0,1.0
2025-01-31,BA,176.52000427246094,176.52000427246094,6104000.0,0.0,1.0
2025-01-31,BAC,46.29999923706055,44.53772735595703,30388900.0,0.0,1.0
2025-01-31,CAT,371.44000244140625,365.0251159667969,2858000.0,0.0,1.0
2025-01-31,COST,979.8800048828124,970.5098876953124,1873800.0,0.0,1.0
2025-01-31,CVX,149.19000244140625,138.70709228515625,16726800.0,0.0,1.0
2025-01-31,DIS,113.05999755859376,110.9729995727539,7793400.0,0.0,1.0
2025-01-31,GOOGL,204.02000427246097,202.8295440673828,32001100.0,0.0,1.0
2025-01-31,GS,640.4000244140625,618.5377807617188,1995100.0,0.0,1.0
2025-02-03,AAPL,228.0099945068359,226.3672637939453,73063300.0,0.0,1.0
2025-02-03,AMZN,237.4199981689453,237.4199981689453,37285900.0,0.0,1.0
2025-02-03,BA,175.8699951171875,175.8699951171875,6501700.0,0.0,1.0
2025-02-03,BAC,46.209999084472656,44.45115661621094,36497700.0,0.0,1.0
2025-02-03,CAT,361.5499877929687,355.30584716796875,3079300.0,0.0,1.0
2025-02-03,COST,1005.8300170898438,996.2117919921876,2751000.0,0.0,1.0
2025-02-03,CVX,149.33999633789062,138.8465576171875,7605000.0,0.0,1.0
2025-02-03,DIS,114.0,111.8956527709961,8870700.0,0.0,1.0
2025-02-03,GOOGL,201.22999572753903,200.0557861328125,27838300.0,0.0,1.0
2025-02-03,GS,632.3699951171875,610.7818603515625,2102600.0,0.0,1.0
2025-02-04,AAPL,232.8000030517578,231.12274169921875,45067300.0,0.0,1.0
2025-02-04,AMZN,242.05999755859375,242.05999755859375,29713800.0,0.0,1.0
2025-02-04,BA,176.22999572753906,176.22999572753906,4503600.0,0.0,1.0
2025-02-04,BAC,46.709999084472656,44.93212127685547,32894000.0,0.0,1.0
2025-02-04,CAT,361.9500122070313,355.6990051269531,2709800.0,0.0,1.0
2025-02-04,COST,1021.8599853515624,1012.0884399414062,2001600.0,0.0,1.0
2025-02-04,CVX,153.22000122070312,142.4539337158203,8458100.0,0.0,1.0
2025-02-04,DIS,113.3000030517578,111.20858001708984,13521100.0,0.0,1.0
2025-02-04,GOOGL,206.3800048828125,205.17576599121097,43856400.0,0.0,1.0
2025-02-04,GS,634.1799926757812,612.5300903320312,1743400.0,0.0,1.0
2025-02-05,AAPL,232.47000122070312,230.79513549804688,39620300.0,0.0,1.0
2025-02-05,AMZN,236.1699981689453,236.1699981689453,38727300.0,0.0,1.0
2025-02-05,BA,181.83999633789065,181.83999633789065,7430400.0,0.0,1.0
2025-02-05,BAC,47.11000061035156,45.31690216064453,27696600.0,0.0,1.0
2025-02-05,CAT,358.8500061035156,352.6525573730469,2134200.0,0.0,1.0
2025-02-05,COST,1042.8800048828125,1032.907470703125,2047600.0,0.0,1.0
2025-02-05,CVX,152.99000549316406,142.24009704589844,6533700.0,0.0,1.0
2025-02-05,DIS,110.54000091552734,108.49952697753906,23310000.0,0.0,1.0
2025-02-05,GOOGL,191.3300018310547,190.2135772705078,70373900.0,0.0,1.0
2025-02-05,GS,645.4500122070312,623.415283203125,1908200.0,0.0,1.0
2025-02-06,AAPL,233.22000122070312,231.53970336914065,29925300.0,0.0,1.0
2025-02-06,AMZN,238.8300018310547,238.8300018310547,60897100.0,0.0,1.0
2025-02-06,BA,184.8000030517578,184.8000030517578,6919400.0,0.0,1.0
2025-02-06,BAC,47.7400016784668,45.92292022705078,39793400.0,0.0,1.0
2025-02-06,CAT,365.4500122070313,359.1385498046875,3007000.0,0.0,1.0
2025-02-06,COST,1050.989990234375,1040.9398193359375,2218000.0,0.0,1.0
2025-02-06,CVX,151.89999389648438,141.2266845703125,6420500.0,0.0,1.0
2025-02-06,DIS,112.08999633789062,110.02090454101562,12470800.0,0.0,1.0
2025-02-06,GOOGL,191.6000061035156,190.4820098876953,29297400.0,0.0,1.0
2025-02-06,GS,658.219970703125,635.7493286132812,2439200.0,0.0,1.0
2025-02-07,AAPL,227.6300048828125,225.9900054931641,39707200.0,0.0,1.0
2025-02-07,AMZN,229.1499938964844,229.1499938964844,77539300.0,0.0,1.0
2025-02-07,BA,181.4900054931641,181.4900054931641,5392300.0,0.0,1.0
2025-02-07,BAC,47.400001525878906,45.59586334228515,26504700.0,0.0,1.0
2025-02-07,CAT,363.8800048828125,357.59564208984375,1804800.0,0.0,1.0
2025-02-07,COST,1043.81005859375,1034.970947265625,1632900.0,1.16,1.0
2025-02-07,CVX,152.6199951171875,141.89608764648438,4724900.0,0.0,1.0
2025-02-07,DIS,110.86000061035156,108.8136215209961,8669300.0,0.0,1.0
2025-02-07,GOOGL,185.33999633789065,184.2585296630859,49315000.0,0.0,1.0
2025-02-07,GS,655.9000244140625,633.508544921875,2616700.0,0.0,1.0
2025-02-10,AAPL,227.6499938964844,226.25833129882812,33115600.0,0.25,1.0
2025-02-10,AMZN,233.13999938964844,233.13999938964844,35419900.0,0.0,1.0
2025-02-10,BA,180.5500030517578,180.5500030517578,3989100.0,0.0,1.0
2025-02-10,BAC,46.66999816894531,44.893646240234375,26725200.0,0.0,1.0
2025-02-10,CAT,363.2200012207031,356.94708251953125,1944400.0,0.0,1.0
2025-02-10,COST,1061.9200439453125,1052.927734375,2036900.0,0.0,1.0
2025-02-10,CVX,155.77000427246094,144.8247833251953,5653800.0,0.0,1.0
2025-02-10,DIS,109.27999877929688,107.26277923583984,8239500.0,0.0,1.0
2025-02-10,GOOGL,186.47000122070312,185.3819274902344,23105600.0,0.0,1.0
2025-02-10,GS,650.530029296875,628.3218994140625,2351600.0,0.0,1.0
2025-02-11,AAPL,232.6199951171875,231.1979522705078,53718400.0,0.0,1.0
2025-02-11,AMZN,232.7599945068359,232.7599945068359,23713700.0,0.0,1.0
2025-02-11,BA,180.44000244140625,180.44000244140625,4366700.0,0.0,1.0
2025-02-11,BAC,46.790000915527344,45.00908660888672,20314900.0,0.0,1.0
2025-02-11,CAT,362.2300109863281,355.97418212890625,1516900.0,0.0,1.0
2025-02-11,COST,1058.3399658203125,1049.3778076171875,1748500.0,0.0,1.0
2025-02-11,CVX,157.44000244140625,146.37741088867188,6011800.0,0.0,1.0
2025-02-11,DIS,109.0199966430664,107.00758361816406,7456700.0,0.0,1.0
2025-02-11,GOOGL,185.32000732421875,184.2386474609375,21239500.0,0.0,1.0
2025-02-11,GS,647.239990234375,625.1442260742188,2711400.0,0.0,1.0
2025-02-12,AAPL,236.8699951171875,235.4219665527344,45243300.0,0.0,1.0
2025-02-12,AMZN,228.92999267578125,228.92999267578125,32285200.0,0.0,1.0
2025-02-12,BA,186.25,186.25,7686800.0,0.0,1.0
2025-02-12,BAC,46.209999084472656,44.45115661621094,29777100.0,0.0,1.0
2025-02-12,CAT,352.0400085449219,345.96014404296875,2833100.0,0.0,1.0
2025-02-12,COST,1065.1199951171875,1056.100341796875,1662300.0,0.0,1.0
2025-02-12,CVX,154.89999389648438,144.01588439941406,6693500.0,0.0,1.0
2025-02-12,DIS,109.2300033569336,107.21370697021484,6521200.0,0.0,1.0
2025-02-12,GOOGL,183.61000061035156,182.5386199951172,22072600.0,0.0,1.0
2025-02-12,GS,649.0,626.8440551757812,2295800.0,0.0,1.0
2025-02-13,AAPL,241.52999877929688,240.05349731445312,53614100.0,0.0,1.0
2025-02-13,AMZN,230.3699951171875,230.3699951171875,31346500.0,0.0,1.0
2025-02-13,BA,185.44000244140625,185.44000244140625,6846300.0,0.0,1.0
2025-02-13,BAC,46.33000183105469,44.56658554077149,26815400.0,0.0,1.0
2025-02-13,CAT,353.70001220703125,347.5914611816406,3547200.0,0.0,1.0
2025-02-13,COST,1076.8599853515625,1067.740966796875,1623300.0,0.0,1.0
2025-02-13,CVX,155.8800048828125,144.9270477294922,7836400.0,0.0,1.0
2025-02-13,DIS,109.58999633789062,107.56704711914062,6553200.0,0.0,1.0
2025-02-13,GOOGL,186.13999938964844,185.05384826660156,21402500.0,0.0,1.0
2025-02-13,GS,648.9500122070312,626.7958374023438,2031800.0,0.0,1.0
2025-02-14,AAPL,244.6000061035156,243.10470581054688,40896200.0,0.0,1.0
2025-02-14,AMZN,228.67999267578125,228.67999267578125,27031100.0,0.0,1.0
2025-02-14,BA,184.4199981689453,184.4199981689453,5044700.0,0.0,1.0
2025-02-14,BAC,46.959999084472656,45.172603607177734,25960500.0,0.0,1.0
2025-02-14,CAT,353.32000732421875,347.218017578125,2045300.0,0.0,1.0
2025-02-14,COST,1071.8499755859375,1062.7735595703125,1410700.0,0.0,1.0
2025-02-14,CVX,155.33999633789062,146.02688598632812,5828800.0,1.71,1.0
2025-02-14,DIS,110.37999725341795,108.34247589111328,5964500.0,0.0,1.0
2025-02-14,GOOGL,185.22999572753903,184.1491546630859,20448400.0,0.0,1.0
2025-02-14,GS,660.5499877929688,637.9998168945312,2246000.0,0.0,1.0
2025-02-18,AAPL,244.47000122070312,242.9755096435547,48822500.0,0.0,1.0
2025-02-18,AMZN,226.6499938964844,226.6499938964844,42975100.0,0.0,1.0
2025-02-18,BA,184.97000122070312,184.97000122070312,6929600.0,0.0,1.0
2025-02-18,BAC,46.529998779296875,44.75897216796875,37824100.0,0.0,1.0
2025-02-18,CAT,354.0,347.88629150390625,3120200.0,0.0,1.0
2025-02-18,COST,1056.030029296875,1047.08740234375,2090600.0,0.0,1.0
2025-02-18,CVX,156.16000366210938,146.79771423339844,5981500.0,0.0,1.0
2025-02-18,DIS,109.55999755859376,107.53761291503906,8362900.0,0.0,1.0
2025-02-18,GOOGL,183.77000427246097,182.69769287109375,29916700.0,0.0,1.0
2025-02-18,GS,672.1900024414062,649.2423706054688,2350100.0,0.0,1.0
2025-02-19,AAPL,244.8699951171875,243.37306213378903,32204200.0,0.0,1.0
2025-02-19,AMZN,226.6300048828125,226.6300048828125,28566700.0,0.0,1.0
2025-02-19,BA,186.1499938964844,186.1499938964844,7264800.0,0.0,1.0
2025-02-19,BAC,46.0099983215332,44.25876235961914,38967800.0,0.0,1.0
2025-02-19,CAT,353.0,346.903564453125,2211000.0,0.0,1.0
2025-02-19,COST,1062.5400390625,1053.54248046875,1349600.0,0.0,1.0
2025-02-19,CVX,157.22999572753906,147.80357360839844,4945800.0,0.0,1.0
2025-02-19,DIS,111.3499984741211,109.29456329345705,8452100.0,0.0,1.0
2025-02-19,GOOGL,185.27000427246097,184.18893432617188,19549400.0,0.0,1.0
2025-02-19,GS,668.1500244140625,645.3403930664062,1953600.0,0.0,1.0
2025-02-20,AAPL,245.8300018310547,244.3271942138672,32316900.0,0.0,1.0
2025-02-20,AMZN,222.8800048828125,222.8800048828125,30001700.0,0.0,1.0
2025-02-20,BA,180.8800048828125,180.8800048828125,7863000.0,0.0,1.0
2025-02-20,BAC,45.29999923706055,43.57578659057617,40001100.0,0.0,1.0
2025-02-20,CAT,349.1499938964844,343.1200866699219,2174100.0,0.0,1.0
2025-02-20,COST,1034.8299560546875,1026.0670166015625,2000500.0,0.0,1.0
2025-02-20,CVX,158.7899932861328,149.27003479003906,6256200.0,0.0,1.0
2025-02-20,DIS,110.5500030517578,108.50933837890624,5970100.0,0.0,1.0
2025-02-20,GOOGL,184.55999755859375,183.48304748535156,20441500.0,0.0,1.0
2025-02-20,GS,642.260009765625,620.3342895507812,3929000.0,0.0,1.0
2025-02-21,AAPL,245.5500030517578,244.0489196777344,53197400.0,0.0,1.0
2025-02-21,AMZN,216.5800018310547,216.5800018310547,55323900.0,0.0,1.0
2025-02-21,BA,177.14999389648438,177.14999389648438,8980300.0,0.0,1.0
2025-02-21,BAC,44.810001373291016,43.10444259643555,43485900.0,0.0,1.0
2025-02-21,CAT,340.0400085449219,334.16741943359375,3225200.0,0.0,1.0
2025-02-21,COST,1035.030029296875,1026.265380859375,1816300.0,0.0,1.0
2025-02-21,CVX,156.9199981689453,147.51217651367188,6689800.0,0.0,1.0
2025-02-21,DIS,108.66000366210938,106.65422821044922,9082100.0,0.0,1.0
2025-02-21,GOOGL,179.66000366210938,178.61166381835938,35199200.0,0.0,1.0
2025-02-21,GS,625.5999755859375,604.242919921875,3000800.0,0.0,1.0
2025-02-24,AAPL,247.1000061035156,245.5894470214844,51326400.0,0.0,1.0
2025-02-24,AMZN,212.7100067138672,212.7100067138672,42387600.0,0.0,1.0
2025-02-24,BA,179.91000366210938,179.91000366210938,8392900.0,0.0,1.0
2025-02-24,BAC,44.459999084472656,42.76776123046875,35512200.0,0.0,1.0
2025-02-24,CAT,338.9200134277344,333.0667419433594,2513300.0,0.0,1.0
2025-02-24,COST,1035.5999755859375,1026.8304443359375,1759700.0,0.0,1.0
2025-02-24,CVX,157.88999938964844,148.4239959716797,5925000.0,0.0,1.0
2025-02-24,DIS,111.1999969482422,109.14733123779295,7093300.0,0.0,1.0
2025-02-24,GOOGL,179.25,178.20407104492188,29854200.0,0.0,1.0
2025-02-24,GS,626.1400146484375,604.7644653320312,3274100.0,0.0,1.0
2025-02-25,AAPL,247.0399932861328,245.52980041503903,48013300.0,0.0,1.0
2025-02-25,AMZN,212.8000030517578,212.8000030517578,58958000.0,0.0,1.0
2025-02-25,BA,178.27000427246094,178.27000427246094,5613900.0,0.0,1.0
2025-02-25,BAC,43.939998626708984,42.26755142211914,38119000.0,0.0,1.0
2025-02-25,CAT,342.3599853515625,336.447265625,3323500.0,0.0,1.0
2025-02-25,COST,1055.6600341796875,1046.7205810546875,2083800.0,0.0,1.0
2025-02-25,CVX,156.4199981689453,147.0421600341797,6810900.0,0.0,1.0
2025-02-25,DIS,110.52999877929688,108.4897003173828,7289000.0,0.0,1.0
2025-02-25,GOOGL,175.4199981689453,174.39642333984375,41913400.0,0.0,1.0
2025-02-25,GS,614.9099731445312,593.9179077148438,2885900.0,0.0,1.0
2025-02-26,AAPL,240.36000061035156,238.89064025878903,44433600.0,0.0,1.0
2025-02-26,AMZN,214.3500061035156,214.3500061035156,39120600.0,0.0,1.0
2025-02-26,BA,173.0399932861328,173.0399932861328,7111700.0,0.0,1.0
2025-02-26,BAC,43.939998626708984,42.26755142211914,32251700.0,0.0,1.0
2025-02-26,CAT,342.5799865722656,336.6634826660156,2397800.0,0.0,1.0
2025-02-26,COST,1031.969970703125,1023.2311401367188,1555700.0,0.0,1.0
2025-02-26,CVX,155.13999938964844,145.8388671875,6005200.0,0.0,1.0
2025-02-26,DIS,111.83000183105467,109.76571655273438,7831600.0,0.0,1.0
2025-02-26,GOOGL,172.72999572753906,171.7220916748047,35431300.0,0.0,1.0
2025-02-26,GS,617.77001953125,596.6802368164062,2001200.0,0.0,1.0
2025-02-27,AAPL,237.3000030517578,235.8493499755859,41153600.0,0.0,1.0
2025-02-27,AMZN,208.7400054931641,208.7400054931641,40548600.0,0.0,1.0
2025-02-27,BA,173.8300018310547,173.8300018310547,4695200.0,0.0,1.0
2025-02-27,BAC,44.119998931884766,42.44070053100586,28477700.0,0.0,1.0
2025-02-27,CAT,340.0,334.1280212402344,1971000.0,0.0,1.0
2025-02-27,COST,1021.7100219726562,1013.0580444335938,1629100.0,0.0,1.0
2025-02-27,CVX,156.6699981689453,147.2771453857422,7517200.0,0.0,1.0
2025-02-27,DIS,111.30999755859376,109.25530242919922,7854700.0,0.0,1.0
2025-02-27,GOOGL,168.5,167.5167999267578,39991000.0,0.0,1.0
2025-02-27,GS,608.0,587.2438354492188,2396300.0,0.0,1.0
2025-02-28,AAPL,241.83999633789065,240.36160278320312,56833400.0,0.0,1.0
2025-02-28,AMZN,212.27999877929688,212.27999877929688,51771700.0,0.0,1.0
2025-02-28,BA,174.6300048828125,174.6300048828125,5803300.0,0.0,1.0
2025-02-28,BAC,46.099998474121094,44.345333099365234,62621100.0,0.0,1.0
2025-02-28,CAT,343.95001220703125,338.0098571777344,3210300.0,0.0,1.0
2025-02-28,COST,1048.6099853515625,1039.7303466796875,3307100.0,0.0,1.0
2025-02-28,CVX,158.6199951171875,149.1102294921875,8828500.0,0.0,1.0
2025-02-28,DIS,113.8000030517578,111.69934844970705,14609400.0,0.0,1.0
2025-02-28,GOOGL,170.27999877929688,169.28639221191406,48130600.0,0.0,1.0
2025-02-28,GS,622.2899780273438,604.0263061523438,3337200.0,3.0,1.0
2025-03-03,AAPL,238.02999877929688,236.5748748779297,47184000.0,0.0,1.0
2025-03-03,AMZN,205.02000427246097,205.02000427246097,42948400.0,0.0,1.0
2025-03-03,BA,170.05999755859375,170.05999755859375,6045600.0,0.0,1.0
2025-03-03,BAC,45.560001373291016,43.82590103149414,46946000.0,0.0,1.0
2025-03-03,CAT,332.0400085449219,326.3055419921875,2569700.0,0.0,1.0
2025-03-03,COST,1046.8499755859375,1037.9852294921875,2422500.0,0.0,1.0
2025-03-03,CVX,153.08999633789062,143.91175842285156,9059800.0,0.0,1.0
2025-03-03,DIS,112.79000091552734,110.7079849243164,7884700.0,0.0,1.0
2025-03-03,GOOGL,167.00999450683594,166.0354766845703,40770500.0,0.0,1.0
2025-03-03,GS,605.260009765625,587.4961547851562,3152300.0,0.0,1.0
2025-03-04,AAPL,235.92999267578125,234.4877166748047,53798100.0,0.0,1.0
2025-03-04,AMZN,203.8000030517578,203.8000030517578,60853100.0,0.0,1.0
2025-03-04,BA,158.89999389648438,158.89999389648438,15870200.0,0.0,1.0
2025-03-04,BAC,42.66999816894531,41.04589080810547,78278100.0,0.0,1.0
2025-03-04,CAT,326.75,321.10687255859375,3500200.0,0.0,1.0
2025-03-04,COST,1036.8699951171875,1028.08984375,2536800.0,0.0,1.0
2025-03-04,CVX,152.0,142.8871307373047,8826300.0,0.0,1.0
2025-03-04,DIS,109.01000213623048,106.99776458740234,12658000.0,0.0,1.0
2025-03-04,GOOGL,170.9199981689453,169.9226531982422,45388000.0,0.0,1.0
2025-03-04,GS,581.1400146484375,564.0841064453125,4061000.0,0.0,1.0
2025-03-05,AAPL,235.7400054931641,234.29888916015625,47227600.0,0.0,1.0
2025-03-05,AMZN,208.36000061035156,208.36000061035156,38610100.0,0.0,1.0
2025-03-05,BA,163.16000366210938,163.16000366210938,7355800.0,0.0,1.0
2025-03-05,BAC,42.290000915527344,40.68035507202149,52588900.0,0.0,1.0
2025-03-05,CAT,338.489990234375,332.6441650390625,3189100.0,0.0,1.0
2025-03-05,COST,1047.75,1038.8775634765625,1898600.0,0.0,1.0
2025-03-05,CVX,150.80999755859375,141.7684783935547,9288300.0,0.0,1.0
2025-03-05,DIS,109.30999755859376,107.29222106933594,9956100.0,0.0,1.0
2025-03-05,GOOGL,173.02000427246094,172.01040649414062,30954900.0,0.0,1.0
2025-03-05,GS,593.0700073242188,575.6638793945312,2600600.0,0.0,1.0
2025-03-06,AAPL,235.3300018310547,233.89138793945312,45170400.0,0.0,1.0
2025-03-06,AMZN,200.6999969482422,200.6999969482422,49863800.0,0.0,1.0
2025-03-06,BA,158.42999267578125,158.42999267578125,6892600.0,0.0,1.0
2025-03-06,BAC,41.459999084472656,39.8819465637207,58103500.0,0.0,1.0
2025-03-06,CAT,341.010009765625,335.1206359863281,2234100.0,0.0,1.0
2025-03-06,COST,1026.6199951171875,1017.926513671875,2594600.0,0.0,1.0
2025-03-06,CVX,152.9499969482422,143.78018188476562,7314700.0,0.0,1.0
2025-03-06,DIS,105.43000030517578,103.48385620117188,11618800.0,0.0,1.0
2025-03-06,GOOGL,172.35000610351562,171.34432983398438,28302000.0,0.0,1.0
2025-03-06,GS,567.6699829101562,551.0093383789062,4332300.0,0.0,1.0
2025-03-07,AAPL,239.07000732421875,237.6085205078125,46273600.0,0.0,1.0
2025-03-07,AMZN,199.25,199.25,59802800.0,0.0,1.0
2025-03-07,BA,154.17999267578125,154.17999267578125,12526700.0,0.0,1.0
2025-03-07,BAC,41.400001525878906,40.0755500793457,50651400.0,0.26,1.0
2025-03-07,CAT,350.29998779296875,344.2502136230469,3063800.0,0.0,1.0
2025-03-07,COST,964.3099975585938,956.1442260742188,5510700.0,0.0,1.0
2025-03-07,CVX,156.33999633789062,146.96693420410156,8562600.0,0.0,1.0
2025-03-07,DIS,105.51000213623048,103.56237030029295,12715900.0,0.0,1.0
2025-03-07,GOOGL,173.86000061035156,172.84552001953125,27385800.0,0.0,1.0
2025-03-07,GS,559.6699829101562,543.244140625,4069600.0,0.0,1.0
2025-03-10,AAPL,227.47999572753903,226.08935546875,72071200.0,0.0,1.0
2025-03-10,AMZN,194.5399932861328,194.5399932861328,62350900.0,0.0,1.0
2025-03-10,BA,148.14999389648438,148.14999389648438,10204000.0,0.0,1.0
2025-03-10,BAC,39.83000183105469,38.555782318115234,77498400.0,0.0,1.0
2025-03-10,CAT,345.2099914550781,339.2480773925781,2809100.0,0.0,1.0
2025-03-10,COST,934.4099731445312,926.4973754882812,4459900.0,0.0,1.0
2025-03-10,CVX,157.57000732421875,148.12319946289062,11750300.0,0.0,1.0
2025-03-10,DIS,103.08000183105467,101.17723083496094,10947100.0,0.0,1.0
2025-03-10,GOOGL,165.8699951171875,165.092041015625,43604000.0,0.2,1.0
2025-03-10,GS,531.6599731445312,516.05615234375,5272100.0,0.0,1.0
2025-03-11,AAPL,220.83999633789065,219.48995971679688,76137400.0,0.0,1.0
2025-03-11,AMZN,196.58999633789065,196.58999633789065,54002900.0,0.0,1.0
2025-03-11,BA,154.05999755859375,154.05999755859375,10030500.0,0.0,1.0
2025-03-11,BAC,39.61000061035156,38.34281539916992,50608400.0,0.0,1.0
2025-03-11,CAT,339.7699890136719,333.9020690917969,3190900.0,0.0,1.0
2025-03-11,COST,930.489990234375,922.6105346679688,3204900.0,0.0,1.0
2025-03-11,CVX,154.0800018310547,144.84243774414062,10466300.0,0.0,1.0
2025-03-11,DIS,97.9000015258789,96.09284973144533,16906000.0,0.0,1.0
2025-03-11,GOOGL,164.0399932861328,163.27061462402344,39587400.0,0.0,1.0
2025-03-11,GS,531.4299926757812,515.8330078125,4190500.0,0.0,1.0
2025-03-12,AAPL,216.97999572753903,215.6535491943359,62547500.0,0.0,1.0
2025-03-12,AMZN,198.88999938964844,198.88999938964844,43679300.0,0.0,1.0
2025-03-12,BA,158.8000030517578,158.8000030517578,8706900.0,0.0,1.0
2025-03-12,BAC,39.90999984741211,38.63322067260742,42290700.0,0.0,1.0
2025-03-12,CAT,338.1300048828125,332.2903747558594,1816700.0,0.0,1.0
2025-03-12,COST,927.0800170898438,919.2294921875,2331600.0,0.0,1.0
2025-03-12,CVX,152.6699981689453,143.51695251464844,9710200.0,0.0,1.0
2025-03-12,DIS,98.76000213623048,96.9369659423828,11891800.0,0.0,1.0
2025-03-12,GOOGL,167.11000061035156,166.32623291015625,28372400.0,0.0,1.0
2025-03-12,GS,535.7100219726562,519.9873657226562,3078100.0,0.0,1.0
2025-03-13,AAPL,209.67999267578125,208.3981781005859,61368300.0,0.0,1.0
2025-03-13,AMZN,193.88999938964844,193.88999938964844,41270800.0,0.0,1.0
2025-03-13,BA,159.32000732421875,159.32000732421875,5701600.0,0.0,1.0
2025-03-13,BAC,39.66999816894531,38.40089797973633,37766100.0,0.0,1.0
2025-03-13,CAT,333.30999755859375,327.5536193847656,2490300.0,0.0,1.0
2025-03-13,COST,890.6199951171875,883.078125,3447200.0,0.0,1.0
2025-03-13,CVX,153.61000061035156,144.4005889892578,9022800.0,0.0,1.0
2025-03-13,DIS,96.87000274658205,95.08186340332033,11059500.0,0.0,1.0
2025-03-13,GOOGL,162.75999450683594,161.99661254882812,31756200.0,0.0,1.0
2025-03-13,GS,524.8099975585938,509.4072570800781,2529100.0,0.0,1.0
2025-03-14,AAPL,213.4900054931641,212.18490600585935,60107600.0,0.0,1.0
2025-03-14,AMZN,197.9499969482422,197.9499969482422,38096700.0,0.0,1.0
2025-03-14,BA,161.80999755859375,161.80999755859375,5215100.0,0.0,1.0
2025-03-14,BAC,40.88999938964844,39.58186721801758,35979900.0,0.0,1.0
2025-03-14,CAT,339.6400146484375,333.7742919921875,1936100.0,0.0,1.0
2025-03-14,COST,903.9199829101562,896.2655029296875,3186400.0,0.0,1.0
2025-03-14,CVX,157.02000427246094,147.60617065429688,6671500.0,0.0,1.0
2025-03-14,DIS,98.63999938964844,96.81918334960938,10199800.0,0.0,1.0
2025-03-14,GOOGL,165.49000549316406,164.71383666992188,31995900.0,0.0,1.0
2025-03-14,GS,541.4099731445312,525.5200805664062,2808100.0,0.0,1.0
2025-03-17,AAPL,214.0,212.69178771972656,48073400.0,0.0,1.0
2025-03-17,AMZN,195.7400054931641,195.7400054931641,47341800.0,0.0,1.0
2025-03-17,BA,161.85000610351562,161.85000610351562,5602700.0,0.0,1.0
2025-03-17,BAC,41.439998626708984,40.11427307128906,37242800.0,0.0,1.0
2025-03-17,CAT,342.6400146484375,336.7225036621094,1683800.0,0.0,1.0
2025-03-17,COST,916.6099853515624,908.84814453125,2256100.0,0.0,1.0
2025-03-17,CVX,158.72000122070312,149.2042236328125,7615200.0,0.0,1.0
2025-03-17,DIS,99.36000061035156,97.52589416503906,8332100.0,0.0,1.0
2025-03-17,GOOGL,164.2899932861328,163.5194549560547,31184300.0,0.0,1.0
2025-03-17,GS,551.3400268554688,535.15869140625,2695600.0,0.0,1.0
2025-03-18,AAPL,212.69000244140625,211.38978576660156,42432400.0,0.0,1.0
2025-03-18,AMZN,192.82000732421875,192.82000732421875,40414900.0,0.0,1.0
2025-03-18,BA,161.57000732421875,161.57000732421875,4195200.0,0.0,1.0
2025-03-18,BAC,41.650001525878906,40.31755065917969,37644500.0,0.0,1.0
2025-03-18,CAT,336.7099914550781,330.8948669433594,3310000.0,0.0,1.0
2025-03-18,COST,898.0499877929688,890.4453125,2182000.0,0.0,1.0
2025-03-18,CVX,160.80999755859375,151.1689453125,9289500.0,0.0,1.0
2025-03-18,DIS,99.3499984741211,97.51608276367188,6727000.0,0.0,1.0
2025-03-18,GOOGL,160.6699981689453,159.9164581298828,42074800.0,0.0,1.0
2025-03-18,GS,551.780029296875,535.5857543945312,2641000.0,0.0,1.0
2025-03-19,AAPL,215.2400054931641,213.92420959472656,54385400.0,0.0,1.0
2025-03-19,AMZN,195.5399932861328,195.5399932861328,39442900.0,0.0,1.0
2025-03-19,BA,172.6199951171875,172.6199951171875,14114800.0,0.0,1.0
2025-03-19,BAC,42.209999084472656,40.85963439941406,42471100.0,0.0,1.0
2025-03-19,CAT,338.6199951171875,332.7718811035156,2407200.0,0.0,1.0
2025-03-19,COST,904.0499877929688,896.3944702148438,1908500.0,0.0,1.0
2025-03-19,CVX,164.0500030517578,154.21469116210938,11503900.0,0.0,1.0
2025-03-19,DIS,100.29000091552734,98.43873596191406,8614600.0,0.0,1.0
2025-03-19,GOOGL,163.88999938964844,163.12132263183594,34275600.0,0.0,1.0
2025-03-19,GS,557.3400268554688,540.9825439453125,2769800.0,0.0,1.0
2025-03-20,AAPL,214.1000061035156,212.79115295410156,48862900.0,0.0,1.0
2025-03-20,AMZN,194.9499969482422,194.9499969482422,38921100.0,0.0,1.0
2025-03-20,BA,172.8300018310547,172.8300018310547,4934400.0,0.0,1.0
2025-03-20,BAC,42.47999954223633,41.121002197265625,41018100.0,0.0,1.0
2025-03-20,CAT,336.25,330.44281005859375,2782900.0,0.0,1.0
2025-03-20,COST,895.4000244140625,887.8177490234375,1891800.0,0.0,1.0
2025-03-20,CVX,164.77000427246094,154.89154052734375,9545900.0,0.0,1.0
2025-03-20,DIS,98.86000061035156,97.03511810302734,7836500.0,0.0,1.0
2025-03-20,GOOGL,162.8000030517578,162.0364532470703,28138500.0,0.0,1.0
2025-03-20,GS,562.6799926757812,546.1658325195312,2531300.0,0.0,1.0
2025-03-21,AAPL,218.27000427246097,216.93568420410156,94127800.0,0.0,1.0
2025-03-21,AMZN,196.2100067138672,196.2100067138672,60056900.0,0.0,1.0
2025-03-21,BA,178.11000061035156,178.11000061035156,26802400.0,0.0,1.0
2025-03-21,BAC,42.470001220703125,41.111324310302734,65011000.0,0.0,1.0
2025-03-21,CAT,335.7799987792969,329.9809265136719,6766100.0,0.0,1.0
2025-03-21,COST,909.260009765625,901.5602416992188,3447600.0,0.0,1.0
2025-03-21,CVX,164.75,154.87271118164062,21625500.0,0.0,1.0
2025-03-21,DIS,99.45999908447266,97.62405395507812,15089900.0,0.0,1.0
2025-03-21,GOOGL,163.99000549316406,163.2208709716797,36625800.0,0.0,1.0
2025-03-21,GS,565.1400146484375,548.5537109375,3565600.0,0.0,1.0
2025-03-24,AAPL,220.72999572753903,219.38064575195312,44299500.0,0.0,1.0
2025-03-24,AMZN,203.2599945068359,203.2599945068359,41625400.0,0.0,1.0
2025-03-24,BA,180.8999938964844,180.8999938964844,9986100.0,0.0,1.0
2025-03-24,BAC,43.06999969482422,41.6921272277832,30646100.0,0.0,1.0
2025-03-24,CAT,341.6700134277344,335.7692565917969,2277200.0,0.0,1.0
2025-03-24,COST,926.0399780273438,918.1981811523438,2208100.0,0.0,1.0
2025-03-24,CVX,165.02000427246094,155.1265411376953,8068000.0,0.0,1.0
2025-03-24,DIS,100.18000030517578,98.33075714111328,8224400.0,0.0,1.0
2025-03-24,GOOGL,167.67999267578125,166.89356994628906,30879100.0,0.0,1.0
2025-03-24,GS,580.0999755859375,563.0745239257812,1877700.0,0.0,1.0
2025-03-25,AAPL,223.75,222.3822021484375,34493600.0,0.0,1.0
2025-03-25,AMZN,205.7100067138672,205.7100067138672,31171200.0,0.0,1.0
2025-03-25,BA,182.58999633789065,182.58999633789065,7174400.0,0.0,1.0
2025-03-25,BAC,43.279998779296875,41.89540481567383,25445300.0,0.0,1.0
2025-03-25,CAT,342.6199951171875,336.7028503417969,1678000.0,0.0,1.0
2025-03-25,COST,930.260009765625,922.3824462890624,1623000.0,0.0,1.0
2025-03-25,CVX,165.94000244140625,155.9913787841797,7869200.0,0.0,1.0
2025-03-25,DIS,101.61000061035156,99.73436737060548,7365200.0,0.0,1.0
2025-03-25,GOOGL,170.55999755859375,169.7600555419922,24174400.0,0.0,1.0
2025-03-25,GS,585.9400024414062,568.7431640625,1875500.0,0.0,1.0
2025-03-26,AAPL,221.52999877929688,220.17575073242188,34466100.0,0.0,1.0
2025-03-26,AMZN,201.1300048828125,201.1300048828125,32855300.0,0.0,1.0
2025-03-26,BA,178.5500030517578,178.5500030517578,6615900.0,0.0,1.0
2025-03-26,BAC,42.81999969482422,41.45012283325195,30012100.0,0.0,1.0
2025-03-26,CAT,341.1099853515625,335.2189025878906,1703200.0,0.0,1.0
2025-03-26,COST,929.75,921.8768310546876,1644700.0,0.0,1.0
2025-03-26,CVX,167.97000122070312,157.89968872070312,10076100.0,0.0,1.0
2025-03-26,DIS,100.77999877929688,98.91968536376952,6314000.0,0.0,1.0
2025-03-26,GOOGL,165.05999755859375,164.2858428955078,28901600.0,0.0,1.0
2025-03-26,GS,573.9199829101562,557.075927734375,1944200.0,0.0,1.0
2025-03-27,AAPL,223.8500061035156,222.48158264160156,37094800.0,0.0,1.0
2025-03-27,AMZN,201.36000061035156,201.36000061035156,27317700.0,0.0,1.0
2025-03-27,BA,179.11000061035156,179.11000061035156,4788600.0,0.0,1.0
2025-03-27,BAC,42.560001373291016,41.19844055175781,25619200.0,0.0,1.0
2025-03-27,CAT,339.29998779296875,333.440185546875,1481100.0,0.0,1.0
2025-03-27,COST,938.75,930.8006591796876,1547000.0,0.0,1.0
2025-03-27,CVX,166.64999389648438,156.65879821777344,6862700.0,0.0,1.0
2025-03-27,DIS,100.4499969482422,98.59577178955078,6598800.0,0.0,1.0
2025-03-27,GOOGL,162.24000549316406,161.47909545898438,24508300.0,0.0,1.0
2025-03-27,GS,558.9199829101562,542.5161743164062,2100900.0,0.0,1.0
2025-03-28,AAPL,217.8999938964844,216.56793212890625,39818600.0,0.0,1.0
2025-03-28,AMZN,192.72000122070312,192.72000122070312,52548200.0,0.0,1.0
2025-03-28,BA,173.30999755859375,173.30999755859375,8211100.0,0.0,1.0
2025-03-28,BAC,41.25,39.93035507202149,34253000.0,0.0,1.0
2025-03-28,CAT,329.69000244140625,323.9961242675781,1965200.0,0.0,1.0
2025-03-28,COST,929.6599731445312,921.78759765625,2100500.0,0.0,1.0
2025-03-28,CVX,166.08999633789062,156.13238525390625,4923000.0,0.0,1.0
2025-03-28,DIS,98.06999969482422,96.25970458984376,7679700.0,0.0,1.0
2025-03-28,GOOGL,154.3300018310547,153.60618591308594,48669300.0,0.0,1.0
2025-03-28,GS,543.1199951171875,527.179931640625,2773100.0,0.0,1.0
2025-03-31,AAPL,222.1300048828125,220.7720947265625,65299300.0,0.0,1.0
2025-03-31,AMZN,190.2599945068359,190.2599945068359,63547600.0,0.0,1.0
2025-03-31,BA,170.5500030517578,170.5500030517578,7477500.0,0.0,1.0
2025-03-31,BAC,41.72999954223633,40.394996643066406,36390000.0,0.0,1.0
2025-03-31,CAT,329.79998779296875,324.10418701171875,2837500.0,0.0,1.0
2025-03-31,COST,945.780029296875,937.7711181640624,3102000.0,0.0,1.0
2025-03-31,CVX,167.2899932861328,157.26043701171875,10675300.0,0.0,1.0
2025-03-31,DIS,98.6999969482422,96.87808227539062,10554000.0,0.0,1.0
2025-03-31,GOOGL,154.63999938964844,153.91473388671875,54603500.0,0.0,1.0
2025-03-31,GS,546.2899780273438,530.2568969726562,2455100.0,0.0,1.0
2025-04-01,AAPL,223.19000244140625,221.8255920410156,36412700.0,0.0,1.0
2025-04-01,AMZN,192.1699981689453,192.1699981689453,41267300.0,0.0,1.0
2025-04-01,BA,168.1699981689453,168.1699981689453,8252800.0,0.0,1.0
2025-04-01,BAC,41.4900016784668,40.16267776489258,25578500.0,0.0,1.0
2025-04-01,CAT,330.57000732421875,324.8609313964844,1955300.0,0.0,1.0
2025-04-01,COST,954.4000244140624,946.3180541992188,2041500.0,0.0,1.0
2025-04-01,CVX,168.50999450683594,158.4073028564453,6378600.0,0.0,1.0
2025-04-01,DIS,97.68000030517578,95.8769073486328,8762700.0,0.0,1.0
2025-04-01,GOOGL,157.07000732421875,156.33334350585938,30672900.0,0.0,1.0
2025-04-01,GS,548.4500122070312,532.3535766601562,1869600.0,0.0,1.0
2025-04-02,AAPL,223.88999938964844,222.5213165283203,35905900.0,0.0,1.0
2025-04-02,AMZN,196.0099945068359,196.0099945068359,53679200.0,0.0,1.0
2025-04-02,BA,168.55999755859375,168.55999755859375,5826600.0,0.0,1.0
2025-04-02,BAC,41.849998474121094,40.51115036010742,28216100.0,0.0,1.0
2025-04-02,CAT,334.6600036621094,328.88031005859375,1747600.0,0.0,1.0
2025-04-02,COST,965.0800170898438,956.9076538085938,1719900.0,0.0,1.0
2025-04-02,CVX,166.47000122070312,156.4896240234375,7044900.0,0.0,1.0
2025-04-02,DIS,97.87999725341795,96.07321166992188,7959900.0,0.0,1.0
2025-04-02,GOOGL,157.0399932861328,156.30345153808594,25041700.0,0.0,1.0
2025-04-02,GS,563.0999755859375,546.5735473632812,2560700.0,0.0,1.0
2025-04-03,AAPL,203.19000244140625,201.94786071777344,103419000.0,0.0,1.0
2025-04-03,AMZN,178.41000366210938,178.41000366210938,95553600.0,0.0,1.0
2025-04-03,BA,150.91000366210938,150.91000366210938,15877400.0,0.0,1.0
2025-04-03,BAC,37.220001220703125,36.02927780151367,115497900.0,0.0,1.0
2025-04-03,CAT,305.760009765625,300.47943115234375,4638700.0,0.0,1.0
2025-04-03,COST,967.0800170898438,958.8906860351562,3096900.0,0.0,1.0
2025-04-03,CVX,156.1199951171875,146.76010131835938,15501000.0,0.0,1.0
2025-04-03,DIS,88.83999633789062,87.20008087158203,19353400.0,0.0,1.0
2025-04-03,GOOGL,150.72000122070312,150.01309204101562,46883400.0,0.0,1.0
2025-04-03,GS,511.2300109863281,496.225830078125,5193900.0,0.0,1.0
2025-04-04,AAPL,188.3800048828125,187.22840881347656,125910900.0,0.0,1.0
2025-04-04,AMZN,171.0,171.0,123159400.0,0.0,1.0
2025-04-04,BA,136.58999633789062,136.58999633789062,22282000.0,0.0,1.0
2025-04-04,BAC,34.38999938964844,33.28981399536133,107761200.0,0.0,1.0
2025-04-04,CAT,288.0799865722656,283.104736328125,7216800.0,0.0,1.0
2025-04-04,COST,916.47998046875,908.7191162109376,5167000.0,0.0,1.0
2025-04-04,CVX,143.27999877929688,134.68992614746094,20374700.0,0.0,1.0
2025-04-04,DIS,83.52999877929688,81.98810577392578,22580900.0,0.0,1.0
2025-04-04,GOOGL,145.60000610351562,144.91714477539062,62259500.0,0.0,1.0
2025-04-04,GS,470.80999755859375,456.9921569824219,8105200.0,0.0,1.0
2025-04-07,AAPL,181.4600067138672,180.3507080078125,160466300.0,0.0,1.0
2025-04-07,AMZN,175.25999450683594,175.25999450683594,109327100.0,0.0,1.0
2025-04-07,BA,138.86000061035156,138.86000061035156,18825000.0,0.0,1.0
2025-04-07,BAC,35.58000183105469,34.441741943359375,137329100.0,0.0,1.0
2025-04-07,CAT,280.05999755859375,275.2232666015625,7824700.0,0.0,1.0
2025-04-07,COST,908.1300048828124,900.43994140625,4626600.0,0.0,1.0
2025-04-07,CVX,140.14999389648438,131.74755859375,17817000.0,0.0,1.0
2025-04-07,DIS,83.30000305175781,81.76235961914062,20456000.0,0.0,1.0
2025-04-07,GOOGL,146.75,146.06173706054688,76794100.0,0.0,1.0
2025-04-07,GS,465.510009765625,451.84771728515625,6353800.0,0.0,1.0
2025-04-08,AAPL,172.4199981689453,171.365966796875,120859500.0,0.0,1.0
2025-04-08,AMZN,170.66000366210938,170.66000366210938,87710400.0,0.0,1.0
2025-04-08,BA,139.38999938964844,139.38999938964844,14527900.0,0.0,1.0
2025-04-08,BAC,35.029998779296875,33.90933609008789,79116300.0,0.0,1.0
2025-04-08,CAT,273.94000244140625,269.2089538574219,4989000.0,0.0,1.0
2025-04-08,COST,908.75,901.0546875,3545400.0,0.0,1.0
2025-04-08,CVX,136.92999267578125,128.72061157226562,12904400.0,0.0,1.0
2025-04-08,DIS,81.72000122070312,80.21151733398438,14845600.0,0.0,1.0
2025-04-08,GOOGL,144.6999969482422,144.02134704589844,52200200.0,0.0,1.0
2025-04-08,GS,462.2200012207031,448.6542663574219,4240900.0,0.0,1.0
2025-04-09,AAPL,198.8500061035156,197.6343994140625,184395900.0,0.0,1.0
2025-04-09,AMZN,191.1000061035156,191.1000061035156,116804300.0,0.0,1.0
2025-04-09,BA,160.82000732421875,160.82000732421875,16775200.0,0.0,1.0
2025-04-09,BAC,37.150001525878906,35.96151351928711,161173500.0,0.0,1.0
2025-04-09,CAT,301.010009765625,295.81146240234375,6457300.0,0.0,1.0
2025-04-09,COST,965.1900024414062,957.0166625976562,5084500.0,0.0,1.0
2025-04-09,CVX,146.02999877929688,137.27503967285156,16846800.0,0.0,1.0
2025-04-09,DIS,91.44000244140624,89.75209045410156,24970900.0,0.0,1.0
2025-04-09,GOOGL,158.7100067138672,157.96563720703125,70406200.0,0.0,1.0
2025-04-09,GS,516.8699951171875,501.7002868652344,7024100.0,0.0,1.0
2025-04-10,AAPL,190.4199981689453,189.2559509277344,121880000.0,0.0,1.0
2025-04-10,AMZN,181.22000122070312,181.22000122070312,68302000.0,0.0,1.0
2025-04-10,BA,155.52000427246094,155.52000427246094,10375000.0,0.0,1.0
2025-04-10,BAC,35.849998474121094,34.703102111816406,90451800.0,0.0,1.0
2025-04-10,CAT,289.1600036621094,284.16607666015625,4116800.0,0.0,1.0
2025-04-10,COST,964.3099975585938,956.1442260742188,4209100.0,0.0,1.0
2025-04-10,CVX,134.97999572753906,126.88751983642578,20991200.0,0.0,1.0
2025-04-10,DIS,85.2300033569336,83.65673065185547,16377000.0,0.0,1.0
2025-04-10,GOOGL,152.82000732421875,152.10325622558594,48022000.0,0.0,1.0
2025-04-10,GS,489.7999877929687,475.4247741699219,5374500.0,0.0,1.0
2025-04-11,AAPL,198.1499938964844,196.93865966796875,87435900.0,0.0,1.0
2025-04-11,AMZN,184.8699951171875,184.8699951171875,50594300.0,0.0,1.0
2025-04-11,BA,156.83999633789062,156.83999633789062,8810700.0,0.0,1.0
2025-04-11,BAC,35.95000076293945,34.799903869628906,63671900.0,0.0,1.0
2025-04-11,CAT,293.45001220703125,288.38201904296875,3197900.0,0.0,1.0
2025-04-11,COST,963.4099731445312,955.251708984375,2721800.0,0.0,1.0
2025-04-11,CVX,135.6300048828125,127.49856567382812,17224400.0,0.0,1.0
2025-04-11,DIS,84.88999938964844,83.32300567626953,10204400.0,0.0,1.0
2025-04-11,GOOGL,157.13999938964844,156.40298461914062,33636200.0,0.0,1.0
2025-04-11,GS,494.44000244140625,479.9285888671875,3770200.0,0.0,1.0
2025-04-14,AAPL,202.52000427246097,201.2819671630859,101352900.0,0.0,1.0
2025-04-14,AMZN,182.1199951171875,182.1199951171875,48002500.0,0.0,1.0
2025-04-14,BA,159.27999877929688,159.27999877929688,7288700.0,0.0,1.0
2025-04-14,BAC,36.66999816894531,35.49686813354492,46830600.0,0.0,1.0
2025-04-14,CAT,298.1199951171875,292.97137451171875,2758400.0,0.0,1.0
2025-04-14,COST,979.3200073242188,971.027099609375,2219900.0,0.0,1.0
2025-04-14,CVX,135.32000732421875,127.20714569091795,9628200.0,0.0,1.0
2025-04-14,DIS,84.66000366210938,83.09725189208984,10841300.0,0.0,1.0
2025-04-14,GOOGL,159.07000732421875,158.32394409179688,30333000.0,0.0,1.0
2025-04-14,GS,503.9800109863281,489.1886291503906,4392600.0,0.0,1.0
2025-04-15,AAPL,202.13999938964844,200.90428161621097,51343900.0,0.0,1.0
2025-04-15,AMZN,179.58999633789062,179.58999633789062,43642000.0,0.0,1.0
2025-04-15,BA,155.52000427246094,155.52000427246094,11541100.0,0.0,1.0
2025-04-15,BAC,37.9900016784668,36.77464294433594,84677800.0,0.0,1.0
2025-04-15,CAT,293.42999267578125,288.3623352050781,3611300.0,0.0,1.0
2025-04-15,COST,976.9199829101562,968.6473999023438,1788200.0,0.0,1.0
2025-04-15,CVX,134.5399932861328,126.47388458251952,9334800.0,0.0,1.0
2025-04-15,DIS,85.01000213623047,83.44078826904297,7840500.0,0.0,1.0
2025-04-15,GOOGL,156.30999755859375,155.576904296875,27551500.0,0.0,1.0
2025-04-15,GS,507.8900146484375,492.98388671875,2501200.0,0.0,1.0
2025-04-16,AAPL,194.27000427246097,193.0823974609375,59732400.0,0.0,1.0
2025-04-16,AMZN,174.3300018310547,174.3300018310547,51875300.0,0.0,1.0
2025-04-16,BA,156.47000122070312,156.47000122070312,6809600.0,0.0,1.0
2025-04-16,BAC,37.33000183105469,36.1357536315918,52872700.0,0.0,1.0
2025-04-16,CAT,290.1400146484375,285.1291809082031,3017200.0,0.0,1.0
2025-04-16,COST,967.75,959.554931640625,2531700.0,0.0,1.0
2025-04-16,CVX,135.36000061035156,127.2447509765625,8637200.0,0.0,1.0
2025-04-16,DIS,82.7699966430664,81.24213409423828,10144300.0,0.0,1.0
2025-04-16,GOOGL,153.3300018310547,152.61087036132812,28187400.0,0.0,1.0
2025-04-16,GS,499.0499877929687,484.4033203125,2765600.0,0.0,1.0
2025-04-17,AAPL,196.97999572753903,195.77581787109375,52164700.0,0.0,1.0
2025-04-17,AMZN,172.61000061035156,172.61000061035156,44726500.0,0.0,1.0
2025-04-17,BA,161.89999389648438,161.89999389648438,9227300.0,0.0,1.0
2025-04-17,BAC,37.40999984741211,36.21319580078125,47144400.0,0.0,1.0
2025-04-17,CAT,294.25,289.168212890625,2717600.0,0.0,1.0
2025-04-17,COST,994.5,986.0784912109376,2711100.0,0.0,1.0
2025-04-17,CVX,137.8699951171875,129.60426330566406,8434400.0,0.0,1.0
2025-04-17,DIS,84.80999755859375,83.24446868896484,14810900.0,0.0,1.0
2025-04-17,GOOGL,151.16000366210938,150.4510498046875,33046600.0,0.0,1.0
2025-04-17,GS,509.489990234375,494.5368957519531,2593500.0,0.0,1.0
2025-04-21,AAPL,193.16000366210935,191.97918701171875,46742500.0,0.0,1.0
2025-04-21,AMZN,167.32000732421875,167.32000732421875,48126100.0,0.0,1.0
2025-04-21,BA,159.33999633789062,159.33999633789062,5703800.0,0.0,1.0
2025-04-21,BAC,36.91999816894531,35.73887252807617,34928300.0,0.0,1.0
2025-04-21,CAT,284.739990234375,281.16973876953125,2978300.0,1.41,1.0
2025-04-21,COST,957.77001953125,949.6595458984376,2841300.0,0.0,1.0
2025-04-21,CVX,133.72999572753906,125.71245574951172,9967500.0,0.0,1.0
2025-04-21,DIS,84.0,82.44942474365234,14166800.0,0.0,1.0
2025-04-21,GOOGL,147.6699981689453,146.9774169921875,26049100.0,0.0,1.0
2025-04-21,GS,501.3599853515625,486.6454772949219,2859300.0,0.0,1.0
2025-04-22,AAPL,199.7400054931641,198.5189666748047,52976400.0,0.0,1.0
2025-04-22,AMZN,173.17999267578125,173.17999267578125,56607200.0,0.0,1.0
2025-04-22,BA,162.52000427246094,162.52000427246094,9147300.0,0.0,1.0
2025-04-22,BAC,38.31999969482422,37.09408187866211,42288900.0,0.0,1.0
2025-04-22,CAT,291.1700134277344,287.5191345214844,2231200.0,0.0,1.0
2025-04-22,COST,979.22998046875,970.9378051757812,2230600.0,0.0,1.0
2025-04-22,CVX,137.3000030517578,129.06845092773438,7984700.0,0.0,1.0
2025-04-22,DIS,86.08999633789062,84.50084686279297,9578500.0,0.0,1.0
2025-04-22,GOOGL,151.47000122070312,150.75961303710938,26971800.0,0.0,1.0
2025-04-22,GS,519.989990234375,504.7286987304687,2514600.0,0.0,1.0
2025-04-23,AAPL,204.6000061035156,203.34925842285156,52929200.0,0.0,1.0
2025-04-23,AMZN,180.6000061035156,180.6000061035156,63470100.0,0.0,1.0
2025-04-23,BA,172.3699951171875,172.3699951171875,16264700.0,0.0,1.0
2025-04-23,BAC,38.75,37.51032638549805,54428400.0,0.0,1.0
2025-04-23,CAT,295.7699890136719,292.06146240234375,2458300.0,0.0,1.0
2025-04-23,COST,975.8400268554688,967.5765380859376,2109700.0,0.0,1.0
2025-04-23,CVX,136.67999267578125,128.48562622070312,10002000.0,0.0,1.0
2025-04-23,DIS,87.29000091552734,85.67869567871094,12089100.0,0.0,1.0
2025-04-23,GOOGL,155.35000610351562,154.6214141845703,31128800.0,0.0,1.0
2025-04-23,GS,529.3099975585938,513.7752075195312,3048100.0,0.0,1.0
2025-04-24,AAPL,208.3699951171875,207.09619140625,47311000.0,0.0,1.0
2025-04-24,AMZN,186.5399932861328,186.5399932861328,43763200.0,0.0,1.0
2025-04-24,BA,176.25999450683594,176.25999450683594,10984200.0,0.0,1.0
2025-04-24,BAC,39.58000183105469,38.31377410888672,42457100.0,0.0,1.0
2025-04-24,CAT,306.8599853515625,303.01239013671875,2874400.0,0.0,1.0
2025-04-24,COST,975.47998046875,967.2196044921876,2468500.0,0.0,1.0
2025-04-24,CVX,139.07000732421875,130.73231506347656,7745800.0,0.0,1.0
2025-04-24,DIS,90.01000213623047,88.3484878540039,10310000.0,0.0,1.0
2025-04-24,GOOGL,159.27999877929688,158.532958984375,45894000.0,0.0,1.0
2025-04-24,GS,545.3699951171875,529.3638916015625,2223600.0,0.0,1.0
2025-04-25,AAPL,209.27999877929688,208.00064086914065,38222300.0,0.0,1.0
2025-04-25,AMZN,188.9900054931641,188.9900054931641,36414300.0,0.0,1.0
2025-04-25,BA,177.9499969482422,177.9499969482422,7644200.0,0.0,1.0
2025-04-25,BAC,39.689998626708984,38.42025375366211,32694200.0,0.0,1.0
2025-04-25,CAT,306.45001220703125,302.6075439453125,2162400.0,0.0,1.0
2025-04-25,COST,977.1599731445312,968.8853149414062,1780900.0,0.0,1.0
2025-04-25,CVX,138.72999572753906,130.41270446777344,6878500.0,0.0,1.0
2025-04-25,DIS,90.27999877929688,88.6135025024414,7749600.0,0.0,1.0
2025-04-25,GOOGL,161.9600067138672,161.2003936767578,56034000.0,0.0,1.0
2025-04-25,GS,544.8599853515625,528.8687744140625,1612700.0,0.0,1.0
2025-04-28,AAPL,210.13999938964844,208.8553771972656,38743100.0,0.0,1.0
2025-04-28,AMZN,187.6999969482422,187.6999969482422,33224700.0,0.0,1.0
2025-04-28,BA,182.3000030517578,182.3000030517578,9302600.0,0.0,1.0
2025-04-28,BAC,39.779998779296875,38.50737380981445,37428000.0,0.0,1.0
2025-04-28,CAT,307.05999755859375,303.2098693847656,2189600.0,0.0,1.0
2025-04-28,COST,978.5399780273438,970.253662109375,1616200.0,0.0,1.0
2025-04-28,CVX,140.10000610351562,131.70057678222656,6715500.0,0.0,1.0
2025-04-28,DIS,90.16000366210938,88.4957275390625,8491800.0,0.0,1.0
2025-04-28,GOOGL,160.61000061035156,159.85670471191406,29745800.0,0.0,1.0
2025-04-28,GS,546.4000244140625,530.3635864257812,1459700.0,0.0,1.0
2025-04-29,AAPL,211.2100067138672,209.91883850097656,36827600.0,0.0,1.0
2025-04-29,AMZN,187.38999938964844,187.38999938964844,41667300.0,0.0,1.0
2025-04-29,BA,182.0,182.0,6795000.0,0.0,1.0
2025-04-29,BAC,39.9900016784668,38.710662841796875,33792500.0,0.0,1.0
2025-04-29,CAT,307.3999938964844,303.5456237792969,2651000.0,0.0,1.0
2025-04-29,COST,991.7000122070312,983.3021850585938,1523100.0,0.0,1.0
2025-04-29,CVX,139.3000030517578,130.94854736328125,7343800.0,0.0,1.0
2025-04-29,DIS,91.16999816894533,89.48706817626953,6359900.0,0.0,1.0
2025-04-29,GOOGL,160.16000366210938,159.40882873535156,26809000.0,0.0,1.0
2025-04-29,GS,548.9199829101562,532.8096923828125,1695600.0,0.0,1.0
2025-04-30,AAPL,212.5,211.2009429931641,52286500.0,0.0,1.0
2025-04-30,AMZN,184.4199981689453,184.4199981689453,55176500.0,0.0,1.0
2025-04-30,BA,183.2400054931641,183.2400054931641,6266800.0,0.0,1.0
2025-04-30,BAC,39.880001068115234,38.60417938232422,40994600.0,0.0,1.0
2025-04-30,CAT,309.2699890136719,305.39215087890625,5124800.0,0.0,1.0
2025-04-30,COST,994.5,986.0784912109376,2212400.0,0.0,1.0
2025-04-30,CVX,136.05999755859375,127.90277862548828,13858000.0,0.0,1.0
2025-04-30,DIS,90.9499969482422,89.27113342285156,8474800.0,0.0,1.0
2025-04-30,GOOGL,158.8000030517578,158.0552215576172,34981100.0,0.0,1.0
2025-04-30,GS,547.5499877929688,531.4798583984375,2438300.0,0.0,1.0
2025-05-01,AAPL,213.32000732421875,212.0159454345703,57365700.0,0.0,1.0
2025-05-01,AMZN,190.1999969482422,190.1999969482422,74266000.0,0.0,1.0
2025-05-01,BA,182.88999938964844,182.88999938964844,7322900.0,0.0,1.0
2025-05-01,BAC,40.16999816894531,38.88489532470703,33569100.0,0.0,1.0
2025-05-01,CAT,313.9599914550781,310.02337646484375,2961000.0,0.0,1.0
2025-05-01,COST,999.0399780273438,990.580078125,1829900.0,0.0,1.0
2025-05-01,CVX,136.25999450683594,128.09080505371094,10199800.0,0.0,1.0
2025-05-01,DIS,90.80999755859376,89.13372039794922,7790600.0,0.0,1.0
2025-05-01,GOOGL,161.3000030517578,160.5435028076172,30203200.0,0.0,1.0
2025-05-01,GS,553.8300170898438,537.5756225585938,2583000.0,0.0,1.0
2025-05-02,AAPL,205.3500061035156,204.09466552734375,101010600.0,0.0,1.0
2025-05-02,AMZN,189.97999572753903,189.97999572753903,77903500.0,0.0,1.0
2025-05-02,BA,185.4600067138672,185.4600067138672,8695900.0,0.0,1.0
2025-05-02,BAC,41.06999969482422,39.756107330322266,41613000.0,0.0,1.0
2025-05-02,CAT,323.67999267578125,319.62152099609375,3765200.0,0.0,1.0
2025-05-02,COST,1008.2999877929688,1001.064208984375,1547400.0,1.3,1.0
2025-05-02,CVX,138.5,130.19650268554688,12393200.0,0.0,1.0
2025-05-02,DIS,92.48999786376952,90.78270721435548,7594000.0,0.0,1.0
2025-05-02,GOOGL,164.02999877929688,163.2606658935547,25715000.0,0.0,1.0
2025-05-02,GS,566.0999755859375,549.4854125976562,2883000.0,0.0,1.0
2025-05-05,AAPL,198.88999938964844,197.67416381835935,69018500.0,0.0,1.0
2025-05-05,AMZN,186.3500061035156,186.3500061035156,35217500.0,0.0,1.0
2025-05-05,BA,186.4600067138672,186.4600067138672,5413700.0,0.0,1.0
2025-05-05,BAC,41.119998931884766,39.80450439453125,32829200.0,0.0,1.0
2025-05-05,CAT,323.1099853515625,319.05865478515625,1829100.0,0.0,1.0
2025-05-05,COST,1014.8900146484376,1007.60693359375,1952600.0,0.0,1.0
2025-05-05,CVX,135.5,127.37635040283205,9665000.0,0.0,1.0
2025-05-05,DIS,92.11000061035156,90.40972137451172,10231000.0,0.0,1.0
2025-05-05,GOOGL,164.2100067138672,163.43983459472656,21341800.0,0.0,1.0
2025-05-05,GS,559.5599975585938,543.1373901367188,2197200.0,0.0,1.0
2025-05-06,AAPL,198.5099945068359,197.2964782714844,51216500.0,0.0,1.0
2025-05-06,AMZN,185.0099945068359,185.0099945068359,29314100.0,0.0,1.0
2025-05-06,BA,185.9600067138672,185.9600067138672,4948000.0,0.0,1.0
2025-05-06,BAC,40.84000015258789,39.53346633911133,29541800.0,0.0,1.0
2025-05-06,CAT,320.8900146484375,316.8664855957031,1724200.0,0.0,1.0
2025-05-06,COST,1010.5,1003.2484130859376,1381200.0,0.0,1.0
2025-05-06,CVX,135.60000610351562,127.47035217285156,9916200.0,0.0,1.0
2025-05-06,DIS,92.16999816894533,90.46862030029295,11839400.0,0.0,1.0
2025-05-06,GOOGL,163.22999572753906,162.4644317626953,21277200.0,0.0,1.0
2025-05-06,GS,549.3599853515625,533.2366943359375,2902500.0,0.0,1.0
2025-05-07,AAPL,196.25,195.05027770996097,68536700.0,0.0,1.0
2025-05-07,AMZN,188.7100067138672,188.7100067138672,43948600.0,0.0,1.0
2025-05-07,BA,185.55999755859375,185.55999755859375,6094800.0,0.0,1.0
2025-05-07,BAC,40.93000030517578,39.62058639526367,30925900.0,0.0,1.0
2025-05-07,CAT,320.2900085449219,316.2740173339844,1555500.0,0.0,1.0
2025-05-07,COST,1007.1500244140624,999.9224853515624,1316000.0,0.0,1.0
2025-05-07,CVX,135.7899932861328,127.64894104003906,8422100.0,0.0,1.0
2025-05-07,DIS,102.08999633789062,100.20549774169922,36155300.0,0.0,1.0
2025-05-07,GOOGL,151.3800048828125,150.67001342773438,127490100.0,0.0,1.0
2025-05-07,GS,551.9199829101562,535.7216186523438,1954900.0,0.0,1.0
2025-05-08,AAPL,197.4900054931641,196.28271484375,50478900.0,0.0,1.0
2025-05-08,AMZN,192.0800018310547,192.0800018310547,41043600.0,0.0,1.0
2025-05-08,BA,191.6999969482422,191.6999969482422,15344100.0,0.0,1.0
2025-05-08,BAC,41.599998474121094,40.26914978027344,41861700.0,0.0,1.0
2025-05-08,CAT,324.25,320.18438720703125,2553400.0,0.0,1.0
2025-05-08,COST,1007.7100219726562,1000.4785766601562,1882600.0,0.0,1.0
2025-05-08,CVX,137.0399932861328,128.8240203857422,8669300.0,0.0,1.0
2025-05-08,DIS,105.12000274658205,103.1795654296875,19265400.0,0.0,1.0
2025-05-08,GOOGL,154.27999877929688,153.55641174316406,57498700.0,0.0,1.0
2025-05-08,GS,565.7000122070312,549.0972290039062,1994600.0,0.0,1.0
2025-05-09,AAPL,198.52999877929688,197.31634521484375,36453900.0,0.0,1.0
2025-05-09,AMZN,193.05999755859375,193.05999755859375,29663100.0,0.0,1.0
2025-05-09,BA,194.8500061035156,194.8500061035156,7669900.0,0.0,1.0
2025-05-09,BAC,41.790000915527344,40.45307540893555,27222800.0,0.0,1.0
2025-05-09,CAT,325.6199951171875,321.5371398925781,1646200.0,0.0,1.0
2025-05-09,COST,1008.0900268554688,1000.8558349609376,1176700.0,0.0,1.0
2025-05-09,CVX,138.49000549316406,130.1870880126953,5965700.0,0.0,1.0
2025-05-09,DIS,105.94000244140624,103.98443603515624,10438200.0,0.0,1.0
2025-05-09,GOOGL,152.75,152.03359985351562,32435300.0,0.0,1.0
2025-05-09,GS,567.0999755859375,550.4560546875,1522500.0,0.0,1.0
2025-05-12,AAPL,210.7899932861328,209.776123046875,63775800.0,0.26,1.0
2025-05-12,AMZN,208.63999938964844,208.63999938964844,75205000.0,0.0,1.0
2025-05-12,BA,198.52999877929688,198.52999877929688,9340700.0,0.0,1.0
2025-05-12,BAC,43.36000061035156,41.97284698486328,44875100.0,0.0,1.0
2025-05-12,CAT,342.54998779296875,338.2548828125,4592000.0,0.0,1.0
2025-05-12,COST,1016.1500244140624,1008.85791015625,2069000.0,0.0,1.0
2025-05-12,CVX,141.6199951171875,133.12942504882812,8028200.0,0.0,1.0
2025-05-12,DIS,110.48999786376952,108.45044708251952,18366600.0,0.0,1.0
2025-05-12,GOOGL,158.4600067138672,157.71682739257812,44138800.0,0.0,1.0
2025-05-12,GS,591.3400268554688,573.9846801757812,3527700.0,0.0,1.0
2025-05-13,AAPL,212.92999267578125,211.9058532714844,51909300.0,0.0,1.0
2025-05-13,AMZN,211.3699951171875,211.3699951171875,56193700.0,0.0,1.0
2025-05-13,BA,203.4199981689453,203.4199981689453,13509500.0,0.0,1.0
2025-05-13,BAC,44.279998779296875,42.8634147644043,43232500.0,0.0,1.0
2025-05-13,CAT,352.5400085449219,348.11962890625,4132500.0,0.0,1.0
2025-05-13,COST,999.030029296875,991.86083984375,2917000.0,0.0,1.0
2025-05-13,CVX,142.35000610351562,133.81568908691406,8536800.0,0.0,1.0
2025-05-13,DIS,111.37999725341795,109.32400512695312,14076700.0,0.0,1.0
2025-05-13,GOOGL,159.52999877929688,158.7817840576172,42382100.0,0.0,1.0
2025-05-13,GS,603.8099975585938,586.0887451171875,2765800.0,0.0,1.0
2025-05-14,AAPL,212.3300018310547,211.3087158203125,49325800.0,0.0,1.0
2025-05-14,AMZN,210.25,210.25,38492100.0,0.0,1.0
2025-05-14,BA,204.72000122070312,204.72000122070312,16872300.0,0.0,1.0
2025-05-14,BAC,44.7400016784668,43.3087043762207,42419500.0,0.0,1.0
2025-05-14,CAT,349.6600036621094,345.2757568359375,2052200.0,0.0,1.0
2025-05-14,COST,991.5399780273438,984.424560546875,2215000.0,0.0,1.0
2025-05-14,CVX,141.6699981689453,133.17645263671875,6453600.0,0.0,1.0
2025-05-14,DIS,112.94000244140624,110.85521697998048,15352200.0,0.0,1.0
2025-05-14,GOOGL,165.3699951171875,164.59439086914062,48755900.0,0.0,1.0
2025-05-14,GS,611.5999755859375,593.6500854492188,2874400.0,0.0,1.0
2025-05-15,AAPL,211.4499969482422,210.43295288085935,45029500.0,0.0,1.0
2025-05-15,AMZN,205.1699981689453,205.1699981689453,64347300.0,0.0,1.0
2025-05-15,BA,206.2400054931641,206.2400054931641,9583900.0,0.0,1.0
2025-05-15,BAC,44.380001068115234,42.96022033691406,47379400.0,0.0,1.0
2025-05-15,CAT,349.80999755859375,345.4238586425781,1580400.0,0.0,1.0
2025-05-15,COST,1010.469970703125,1003.2186889648438,2470700.0,0.0,1.0
2025-05-15,CVX,142.25999450683594,133.73106384277344,7545400.0,0.0,1.0
2025-05-15,DIS,112.22000122070312,110.14851379394533,8322400.0,0.0,1.0
2025-05-15,GOOGL,163.9600067138672,163.19100952148438,33146700.0,0.0,1.0
2025-05-15,GS,615.9000244140625,597.8239135742188,2428100.0,0.0,1.0
2025-05-16,AAPL,211.2599945068359,210.24386596679688,54737900.0,0.0,1.0
2025-05-16,AMZN,205.58999633789065,205.58999633789065,43318500.0,0.0,1.0
2025-05-16,BA,205.82000732421875,205.82000732421875,8496800.0,0.0,1.0
2025-05-16,BAC,44.689998626708984,43.26029968261719,49488100.0,0.0,1.0
2025-05-16,CAT,353.5799865722656,349.1466064453125,2561700.0,0.0,1.0
2025-05-16,COST,1025.8299560546875,1018.4684448242188,2033700.0,0.0,1.0
2025-05-16,CVX,142.10000610351562,133.58067321777344,8200100.0,0.0,1.0
2025-05-16,DIS,113.41999816894533,111.32636260986328,10961000.0,0.0,1.0
2025-05-16,GOOGL,166.19000244140625,165.41055297851562,42846900.0,0.0,1.0
2025-05-16,GS,619.030029296875,600.862060546875,2021800.0,0.0,1.0
2025-05-19,AAPL,208.77999877929688,207.7758026123047,46140500.0,0.0,1.0
2025-05-19,AMZN,206.16000366210935,206.16000366210935,34314800.0,0.0,1.0
2025-05-19,BA,205.25,205.25,5740200.0,0.0,1.0
2025-05-19,BAC,44.77000045776367,43.33774185180664,37915700.0,0.0,1.0
2025-05-19,CAT,352.57000732421875,348.1492919921875,2277700.0,0.0,1.0
2025-05-19,COST,1034.3399658203125,1026.9173583984375,1879800.0,0.0,1.0
2025-05-19,CVX,138.49000549316406,131.7728271484375,7713600.0,1.71,1.0
2025-05-19,DIS,112.66000366210938,110.58039093017578,7209700.0,0.0,1.0
2025-05-19,GOOGL,166.5399932861328,165.75888061523438,30426100.0,0.0,1.0
2025-05-19,GS,612.2999877929688,594.3295288085938,2842100.0,0.0,1.0
2025-05-20,AAPL,206.86000061035156,205.8650360107422,42496600.0,0.0,1.0
2025-05-20,AMZN,204.07000732421875,204.07000732421875,29470400.0,0.0,1.0
2025-05-20,BA,207.6699981689453,207.6699981689453,5876000.0,0.0,1.0
2025-05-20,BAC,44.689998626708984,43.26029968261719,33424300.0,0.0,1.0
2025-05-20,CAT,349.489990234375,345.1078796386719,2266000.0,0.0,1.0
2025-05-20,COST,1036.8199462890625,1029.37939453125,2271200.0,0.0,1.0
2025-05-20,CVX,137.27000427246094,130.6119842529297,6503900.0,0.0,1.0
2025-05-20,DIS,112.36000061035156,110.28592681884766,6433300.0,0.0,1.0
2025-05-20,GOOGL,163.97999572753906,163.2108917236328,46607700.0,0.0,1.0
2025-05-20,GS,606.52001953125,588.71923828125,1601600.0,0.0,1.0
2025-05-21,AAPL,202.08999633789065,201.11798095703125,59211800.0,0.0,1.0
2025-05-21,AMZN,201.1199951171875,201.1199951171875,42460900.0,0.0,1.0
2025-05-21,BA,203.2100067138672,203.2100067138672,6616300.0,0.0,1.0
2025-05-21,BAC,43.25,41.86637115478515,55594100.0,0.0,1.0
2025-05-21,CAT,342.510009765625,338.2154235839844,2093400.0,0.0,1.0
2025-05-21,COST,1025.300048828125,1017.9422607421876,1438900.0,0.0,1.0
2025-05-21,CVX,135.55999755859375,128.9849395751953,9073200.0,0.0,1.0
2025-05-21,DIS,110.45999908447266,108.4209976196289,10150600.0,0.0,1.0
2025-05-21,GOOGL,168.55999755859375,167.76942443847656,73416000.0,0.0,1.0
2025-05-21,GS,593.4600219726562,576.04248046875,2635900.0,0.0,1.0
2025-05-22,AAPL,201.36000061035156,200.39149475097656,46742400.0,0.0,1.0
2025-05-22,AMZN,203.1000061035156,203.1000061035156,38938900.0,0.0,1.0
2025-05-22,BA,203.41000366210935,203.41000366210935,3634500.0,0.0,1.0
2025-05-22,BAC,43.310001373291016,41.92444610595703,29026200.0,0.0,1.0
2025-05-22,CAT,345.19000244140625,340.86181640625,2174100.0,0.0,1.0
2025-05-22,COST,1018.1300048828124,1010.8236694335938,1660900.0,0.0,1.0
2025-05-22,CVX,135.2899932861328,128.72799682617188,8877600.0,0.0,1.0
2025-05-22,DIS,111.12999725341795,109.07862854003906,7903700.0,0.0,1.0
2025-05-22,GOOGL,170.8699951171875,170.06858825683594,74864400.0,0.0,1.0
2025-05-22,GS,598.22998046875,580.6724853515625,1939600.0,0.0,1.0
2025-05-23,AAPL,195.27000427246097,194.3307952880859,78432900.0,0.0,1.0
2025-05-23,AMZN,200.9900054931641,200.9900054931641,33393500.0,0.0,1.0
2025-05-23,BA,202.36000061035156,202.36000061035156,5255200.0,0.0,1.0
2025-05-23,BAC,43.20000076293945,41.81796646118164,34875100.0,0.0,1.0
2025-05-23,CAT,343.3900146484375,339.0843811035156,1936600.0,0.0,1.0
2025-05-23,COST,1008.5,1001.2628173828124,1413900.0,0.0,1.0
2025-05-23,CVX,136.5399932861328,129.91738891601562,7025900.0,0.0,1.0
2025-05-23,DIS,109.72000122070312,107.69465637207033,8086100.0,0.0,1.0
2025-05-23,GOOGL,168.47000122070312,167.6798553466797,35211400.0,0.0,1.0
2025-05-23,GS,598.5399780273438,580.973388671875,1530600.0,0.0,1.0
2025-05-27,AAPL,200.2100067138672,199.24703979492188,56288500.0,0.0,1.0
2025-05-27,AMZN,206.02000427246097,206.02000427246097,34892000.0,0.0,1.0
2025-05-27,BA,201.02999877929688,201.02999877929688,5857900.0,0.0,1.0
2025-05-27,BAC,44.220001220703125,42.80533218383789,36322000.0,0.0,1.0
2025-05-27,CAT,351.510009765625,347.1025695800781,2240100.0,0.0,1.0
2025-05-27,COST,1017.7899780273438,1010.4861450195312,1868200.0,0.0,1.0
2025-05-27,CVX,137.8300018310547,131.14483642578125,8348900.0,0.0,1.0
2025-05-27,DIS,112.36000061035156,110.28592681884766,10201100.0,0.0,1.0
2025-05-27,GOOGL,172.89999389648438,172.0890655517578,37995700.0,0.0,1.0
2025-05-27,GS,615.72998046875,597.6588134765625,2364700.0,0.0,1.0
2025-05-28,AAPL,200.4199981689453,199.4560089111328,45339700.0,0.0,1.0
2025-05-28,AMZN,204.72000122070312,204.72000122070312,28549800.0,0.0,1.0
2025-05-28,BA,201.5,201.5,5481500.0,0.0,1.0
2025-05-28,BAC,44.060001373291016,42.65045547485352,35673800.0,0.0,1.0
2025-05-28,CAT,349.489990234375,345.1078796386719,1924400.0,0.0,1.0
2025-05-28,COST,1013.1400146484376,1005.8695068359376,1674700.0,0.0,1.0
2025-05-28,CVX,136.02000427246094,129.42262268066406,6876300.0,0.0,1.0
2025-05-28,DIS,111.5199966430664,109.46143341064452,5787900.0,0.0,1.0
2025-05-28,GOOGL,172.36000061035156,171.55160522460938,34784000.0,0.0,1.0
2025-05-28,GS,608.4400024414062,590.582763671875,2001900.0,0.0,1.0
2025-05-29,AAPL,199.9499969482422,198.98826599121097,51396800.0,0.0,1.0
2025-05-29,AMZN,205.6999969482422,205.6999969482422,34650000.0,0.0,1.0
2025-05-29,BA,208.17999267578125,208.17999267578125,16334000.0,0.0,1.0
2025-05-29,BAC,44.2400016784668,42.82469940185547,28545100.0,0.0,1.0
2025-05-29,CAT,351.7900085449219,347.3790588378906,2290300.0,0.0,1.0
2025-05-29,COST,1008.739990234375,1001.5011596679688,2016700.0,0.0,1.0
2025-05-29,CVX,137.91000366210938,131.220947265625,7554300.0,0.0,1.0
2025-05-29,DIS,112.0199966430664,109.9521942138672,9682100.0,0.0,1.0
2025-05-29,GOOGL,171.86000061035156,171.05397033691406,29317300.0,0.0,1.0
2025-05-29,GS,604.8599853515625,587.1078491210938,1736100.0,0.0,1.0
2025-05-30,AAPL,200.8500061035156,199.88394165039065,70819900.0,0.0,1.0
2025-05-30,AMZN,205.0099945068359,205.0099945068359,51679400.0,0.0,1.0
2025-05-30,BA,207.32000732421875,207.32000732421875,7485100.0,0.0,1.0
2025-05-30,BAC,44.130001068115234,42.71821594238281,66537500.0,0.0,1.0
2025-05-30,CAT,348.0299987792969,343.66619873046875,4867100.0,0.0,1.0
2025-05-30,COST,1040.1800537109375,1032.715576171875,5403800.0,0.0,1.0
2025-05-30,CVX,136.6999969482422,130.06964111328125,12858900.0,0.0,1.0
2025-05-30,DIS,113.04000091552734,110.953369140625,12881100.0,0.0,1.0
2025-05-30,GOOGL,171.74000549316406,170.9345245361328,52639900.0,0.0,1.0
2025-05-30,GS,600.4500122070312,585.732421875,2129500.0,3.0,1.0
2025-06-02,AAPL,201.6999969482422,200.7298583984375,35423300.0,0.0,1.0
2025-06-02,AMZN,206.6499938964844,206.6499938964844,29113300.0,0.0,1.0
2025-06-02,BA,211.47000122070312,211.47000122070312,7561800.0,0.0,1.0
2025-06-02,BAC,44.08000183105469,42.66981506347656,28582600.0,0.0,1.0
2025-06-02,CAT,344.6700134277344,340.34832763671875,2552700.0,0.0,1.0
2025-06-02,COST,1056.8499755859375,1049.2659912109375,2148000.0,0.0,1.0
2025-06-02,CVX,137.83999633789062,131.15432739257812,9076600.0,0.0,1.0
2025-06-02,DIS,112.9499969482422,110.86502838134766,7546800.0,0.0,1.0
2025-06-02,GOOGL,169.02999877929688,168.2372283935547,38612300.0,0.0,1.0
2025-06-02,GS,598.719970703125,584.0448608398438,1221200.0,0.0,1.0
2025-06-03,AAPL,203.27000427246097,202.29232788085935,46381600.0,0.0,1.0
2025-06-03,AMZN,205.7100067138672,205.7100067138672,33139100.0,0.0,1.0
2025-06-03,BA,213.42999267578125,213.42999267578125,8106100.0,0.0,1.0
2025-06-03,BAC,44.650001525878906,43.22157669067383,31320200.0,0.0,1.0
2025-06-03,CAT,349.3999938964844,345.0190124511719,2614300.0,0.0,1.0
2025-06-03,COST,1055.5899658203125,1048.014892578125,1992900.0,0.0,1.0
2025-06-03,CVX,139.5500030517578,132.7814178466797,9001300.0,0.0,1.0
2025-06-03,DIS,113.5999984741211,111.50303649902344,9738800.0,0.0,1.0
2025-06-03,GOOGL,166.17999267578125,165.40057373046875,45084900.0,0.0,1.0
2025-06-03,GS,603.8300170898438,589.029541015625,1730300.0,0.0,1.0
2025-06-04,AAPL,202.82000732421875,201.844482421875,43604000.0,0.0,1.0
2025-06-04,AMZN,207.22999572753903,207.22999572753903,29915600.0,0.0,1.0
2025-06-04,BA,211.97999572753903,211.97999572753903,5705300.0,0.0,1.0
2025-06-04,BAC,44.36000061035156,42.94085693359375,30591700.0,0.0,1.0
2025-06-04,CAT,349.3299865722656,344.94989013671875,1616300.0,0.0,1.0
2025-06-04,COST,1051.68994140625,1044.1429443359375,1422100.0,0.0,1.0
2025-06-04,CVX,137.3699951171875,130.70713806152344,8735600.0,0.0,1.0
2025-06-04,DIS,113.48999786376952,111.3950653076172,5614900.0,0.0,1.0
2025-06-04,GOOGL,168.0500030517578,167.2618408203125,26900800.0,0.0,1.0
2025-06-04,GS,599.2100219726562,584.5228881835938,1294900.0,0.0,1.0
2025-06-05,AAPL,200.6300048828125,199.6649932861328,55126100.0,0.0,1.0
2025-06-05,AMZN,207.91000366210935,207.91000366210935,51864200.0,0.0,1.0
2025-06-05,BA,209.02000427246097,209.02000427246097,4733800.0,0.0,1.0
2025-06-05,BAC,44.380001068115234,42.96022033691406,32020900.0,0.0,1.0
2025-06-05,CAT,348.9599914550781,344.5845031738281,1753300.0,0.0,1.0
2025-06-05,COST,1010.8099975585938,1003.5562133789062,3289400.0,0.0,1.0
2025-06-05,CVX,136.89999389648438,130.25991821289062,6342600.0,0.0,1.0
2025-06-05,DIS,112.52999877929688,110.4527816772461,8547200.0,0.0,1.0
2025-06-05,GOOGL,168.2100067138672,167.42108154296875,36379100.0,0.0,1.0
2025-06-05,GS,605.8800048828125,591.0293579101562,2086700.0,0.0,1.0
2025-06-06,AAPL,203.9199981689453,202.93917846679688,46607700.0,0.0,1.0
2025-06-06,AMZN,213.57000732421875,213.57000732421875,39832500.0,0.0,1.0
2025-06-06,BA,210.8000030517578,210.8000030517578,6079700.0,0.0,1.0
2025-06-06,BAC,44.970001220703125,43.78787612915039,37013000.0,0.26,1.0
2025-06-06,CAT,353.3500061035156,348.91949462890625,1608000.0,0.0,1.0
2025-06-06,COST,1014.9400024414062,1007.6566162109376,1855400.0,0.0,1.0
2025-06-06,CVX,140.2100067138672,133.40940856933594,6563500.0,0.0,1.0
2025-06-06,DIS,113.9000015258789,111.79750061035156,5790700.0,0.0,1.0
2025-06-06,GOOGL,173.67999267578125,172.86541748046875,35731800.0,0.0,1.0
2025-06-06,GS,614.0,598.9503173828125,1675900.0,0.0,1.0
2025-06-09,AAPL,201.4499969482422,200.4810485839844,72862600.0,0.0,1.0
2025-06-09,AMZN,216.97999572753903,216.97999572753903,38102500.0,0.0,1.0
2025-06-09,BA,217.5099945068359,217.5099945068359,9419200.0,0.0,1.0
2025-06-09,BAC,44.869998931884766,43.69049835205078,32414000.0,0.0,1.0
2025-06-09,CAT,358.07000732421875,353.58026123046875,2147100.0,0.0,1.0
2025-06-09,COST,1006.1799926757812,998.95947265625,1696700.0,0.0,1.0
2025-06-09,CVX,140.75999450683594,133.93270874023438,7159500.0,0.0,1.0
2025-06-09,DIS,115.66000366210938,113.52501678466795,7960400.0,0.0,1.0
2025-06-09,GOOGL,176.08999633789062,175.47628784179688,28935900.0,0.21,1.0
2025-06-09,GS,613.52001953125,598.4821166992188,1610700.0,0.0,1.0
2025-06-10,AAPL,202.6699981689453,201.69517517089844,54672600.0,0.0,1.0
2025-06-10,AMZN,217.61000061035156,217.61000061035156,31303300.0,0.0,1.0
2025-06-10,BA,215.72999572753903,215.72999572753903,8190100.0,0.0,1.0
2025-06-10,BAC,45.09000015258789,43.90471649169922,32229100.0,0.0,1.0
2025-06-10,CAT,358.57000732421875,354.0740051269531,1894300.0,0.0,1.0
2025-06-10,COST,1007.27001953125,1000.0416870117188,2255000.0,0.0,1.0
2025-06-10,CVX,143.35000610351562,136.39710998535156,9841500.0,0.0,1.0
2025-06-10,DIS,118.7300033569336,116.53834533691406,18948400.0,0.0,1.0
2025-06-10,GOOGL,178.60000610351562,177.97756958007812,61766100.0,0.0,1.0
2025-06-10,GS,614.8699951171875,599.7989501953125,1376400.0,0.0,1.0
2025-06-11,AAPL,198.77999877929688,197.82391357421875,60989900.0,0.0,1.0
2025-06-11,AMZN,213.1999969482422,213.1999969482422,39326000.0,0.0,1.0
2025-06-11,BA,214.0,214.0,5398800.0,0.0,1.0
2025-06-11,BAC,44.72999954223633,43.55418014526367,47873500.0,0.0,1.0
2025-06-11,CAT,363.1400146484375,358.58673095703125,2551700.0,0.0,1.0
2025-06-11,COST,996.780029296875,989.6268920898438,2459800.0,0.0,1.0
2025-06-11,CVX,144.77999877929688,137.7577362060547,9256700.0,0.0,1.0
2025-06-11,DIS,119.5199966430664,117.31375885009766,10439200.0,0.0,1.0
2025-06-11,GOOGL,177.35000610351562,176.7318878173828,31646800.0,0.0,1.0
2025-06-11,GS,624.1699829101562,608.8710327148438,2063600.0,0.0,1.0
2025-06-12,AAPL,199.1999969482422,198.24188232421875,43904600.0,0.0,1.0
2025-06-12,AMZN,213.2400054931641,213.2400054931641,27640000.0,0.0,1.0
2025-06-12,BA,203.75,203.75,30586600.0,0.0,1.0
2025-06-12,BAC,44.619998931884766,43.44707107543945,30165400.0,0.0,1.0
2025-06-12,CAT,360.9599914550781,356.4340515136719,1571800.0,0.0,1.0
2025-06-12,COST,1002.7100219726562,995.5143432617188,1720100.0,0.0,1.0
2025-06-12,CVX,144.97000122070312,137.9385223388672,6999400.0,0.0,1.0
2025-06-12,DIS,118.61000061035156,116.4205551147461,7980300.0,0.0,1.0
2025-06-12,GOOGL,175.6999969482422,175.087646484375,20941900.0,0.0,1.0
2025-06-12,GS,625.1099853515625,609.7880249023438,1634700.0,0.0,1.0
2025-06-13,AAPL,196.4499969482422,195.50509643554688,51447300.0,0.0,1.0
2025-06-13,AMZN,212.1000061035156,212.1000061035156,29337800.0,0.0,1.0
2025-06-13,BA,200.32000732421875,200.32000732421875,16093500.0,0.0,1.0
2025-06-13,BAC,44.09000015258789,42.931007385253906,43281700.0,0.0,1.0
2025-06-13,CAT,357.04998779296875,352.5730895996094,1609600.0,0.0,1.0
2025-06-13,COST,990.2100219726562,983.1040649414062,1786000.0,0.0,1.0
2025-06-13,CVX,145.91000366210938,138.8329315185547,14148000.0,0.0,1.0
2025-06-13,DIS,117.94000244140624,115.76292419433594,13204900.0,0.0,1.0
2025-06-13,GOOGL,174.6699981689453,174.06124877929688,27663100.0,0.0,1.0
2025-06-13,GS,613.5399780273438,598.5015869140625,1674800.0,0.0,1.0
2025-06-16,AAPL,198.4199981689453,197.46563720703125,43020700.0,0.0,1.0
2025-06-16,AMZN,216.1000061035156,216.1000061035156,33284200.0,0.0,1.0
2025-06-16,BA,201.6999969482422,201.6999969482422,6902700.0,0.0,1.0
2025-06-16,BAC,44.40999984741211,43.24258804321289,34103600.0,0.0,1.0
2025-06-16,CAT,362.44000244140625,357.8955078125,1579800.0,0.0,1.0
2025-06-16,COST,984.3599853515624,977.2960815429688,2109300.0,0.0,1.0
2025-06-16,CVX,146.02999877929688,138.94711303710938,10105100.0,0.0,1.0
2025-06-16,DIS,119.4800033569336,117.27450561523438,9592100.0,0.0,1.0
2025-06-16,GOOGL,176.77000427246094,176.1539306640625,27389200.0,0.0,1.0
2025-06-16,GS,627.8499755859375,612.4608764648438,1870400.0,0.0,1.0
2025-06-17,AAPL,195.63999938964844,194.69900512695312,38856200.0,0.0,1.0
2025-06-17,AMZN,214.82000732421875,214.82000732421875,32086300.0,0.0,1.0
2025-06-17,BA,200.2599945068359,200.2599945068359,10844600.0,0.0,1.0
2025-06-17,BAC,44.22999954223633,43.06732177734375,27489600.0,0.0,1.0
2025-06-17,CAT,357.67999267578125,353.1951904296875,1560100.0,0.0,1.0
2025-06-17,COST,977.719970703125,970.7037353515624,1668200.0,0.0,1.0
2025-06-17,CVX,148.85000610351562,141.6303253173828,11330300.0,0.0,1.0
2025-06-17,DIS,118.12999725341795,115.94940948486328,9241200.0,0.0,1.0
2025-06-17,GOOGL,175.9499969482422,175.33677673339844,24973000.0,0.0,1.0
2025-06-17,GS,624.6400146484375,609.3295288085938,1479300.0,0.0,1.0
2025-06-18,AAPL,196.5800018310547,195.6344757080078,45394700.0,0.0,1.0
2025-06-18,AMZN,212.52000427246097,212.52000427246097,44360500.0,0.0,1.0
2025-06-18,BA,197.67999267578125,197.67999267578125,7928300.0,0.0,1.0
2025-06-18,BAC,45.060001373291016,43.875511169433594,37684700.0,0.0,1.0
2025-06-18,CAT,359.79998779296875,355.2886047363281,2000500.0,0.0,1.0
2025-06-18,COST,974.9000244140624,967.904052734375,1509600.0,0.0,1.0
2025-06-18,CVX,148.19000244140625,141.00233459472656,9841900.0,0.0,1.0
2025-06-18,DIS,117.86000061035156,115.68440246582033,8181200.0,0.0,1.0
2025-06-18,GOOGL,173.32000732421875,172.71595764160156,28707500.0,0.0,1.0
2025-06-18,GS,635.239990234375,619.669677734375,2423100.0,0.0,1.0
2025-06-20,AAPL,201.0,200.03323364257812,96813500.0,0.0,1.0
2025-06-20,AMZN,209.69000244140625,209.69000244140625,75350700.0,0.0,1.0
2025-06-20,BA,198.75,198.75,8934700.0,0.0,1.0
2025-06-20,BAC,45.5,44.3039436340332,64591600.0,0.0,1.0
2025-06-20,CAT,360.5199890136719,355.9995422363281,6268300.0,0.0,1.0
2025-06-20,COST,980.2899780273438,973.2553100585938,3255700.0,0.0,1.0
2025-06-20,CVX,149.5500030517578,142.29637145996094,23705900.0,0.0,1.0
2025-06-20,DIS,117.62999725341795,115.45864868164062,17180400.0,0.0,1.0
2025-06-20,GOOGL,166.63999938964844,166.05923461914062,75659900.0,0.0,1.0
2025-06-20,GS,640.7999877929688,625.0933837890625,4115400.0,0.0,1.0
2025-06-23,AAPL,201.5,200.5308074951172,55814300.0,0.0,1.0
2025-06-23,AMZN,208.47000122070312,208.47000122070312,37311700.0,0.0,1.0
2025-06-23,BA,201.30999755859375,201.30999755859375,5875200.0,0.0,1.0
2025-06-23,BAC,46.29999923706055,45.082916259765625,42683600.0,0.0,1.0
2025-06-23,CAT,366.2300109863281,361.6380004882813,2927400.0,0.0,1.0
2025-06-23,COST,1004.47998046875,997.2716674804688,2082900.0,0.0,1.0
2025-06-23,CVX,146.86000061035156,139.7368621826172,10540600.0,0.0,1.0
2025-06-23,DIS,117.75,115.57643127441406,8348000.0,0.0,1.0
2025-06-23,GOOGL,165.19000244140625,164.61427307128906,57671000.0,0.0,1.0
2025-06-23,GS,646.8800048828125,631.0244140625,2020800.0,0.0,1.0
2025-06-24,AAPL,200.3000030517578,199.33657836914065,54064000.0,0.0,1.0
2025-06-24,AMZN,212.77000427246097,212.77000427246097,38378800.0,0.0,1.0
2025-06-24,BA,200.94000244140625,200.94000244140625,5900900.0,0.0,1.0
2025-06-24,BAC,46.65999984741211,45.433448791503906,45437600.0,0.0,1.0
2025-06-24,CAT,373.0199890136719,368.3428649902344,3841800.0,0.0,1.0
2025-06-24,COST,1001.9199829101562,994.72998046875,2385100.0,0.0,1.0
2025-06-24,CVX,143.5500030517578,136.58740234375,10778400.0,0.0,1.0
2025-06-24,DIS,118.6500015258789,116.95645141601562,8350200.0,0.5,1.0
2025-06-24,GOOGL,166.77000427246094,166.18878173828125,40524300.0,0.0,1.0
2025-06-24,GS,662.1099853515625,645.881103515625,2307800.0,0.0,1.0
2025-06-25,AAPL,201.55999755859375,200.59051513671875,39525700.0,0.0,1.0
2025-06-25,AMZN,211.9900054931641,211.9900054931641,31755700.0,0.0,1.0
2025-06-25,BA,198.8999938964844,198.8999938964844,4690900.0,0.0,1.0
2025-06-25,BAC,46.849998474121094,45.618446350097656,33532400.0,0.0,1.0
2025-06-25,CAT,371.5799865722656,366.9208679199219,1737700.0,0.0,1.0
2025-06-25,COST,986.5399780273438,979.4603271484376,1827700.0,0.0,1.0
2025-06-25,CVX,143.22999572753906,136.2829132080078,7386100.0,0.0,1.0
2025-06-25,DIS,119.41999816894533,117.71546173095705,6976300.0,0.0,1.0
2025-06-25,GOOGL,170.67999267578125,170.08514404296875,35479000.0,0.0,1.0
2025-06-25,GS,669.8699951171875,653.4508666992188,1566400.0,0.0,1.0
2025-06-26,AAPL,201.0,200.03323364257812,50799100.0,0.0,1.0
2025-06-26,AMZN,217.1199951171875,217.1199951171875,50480800.0,0.0,1.0
2025-06-26,BA,202.5800018310547,202.5800018310547,6931700.0,0.0,1.0
2025-06-26,BAC,47.459999084472656,46.21241760253906,40127000.0,0.0,1.0
2025-06-26,CAT,381.8800048828125,377.09173583984375,2575100.0,0.0,1.0
2025-06-26,COST,982.9099731445312,975.8564453125,2262800.0,0.0,1.0
2025-06-26,CVX,144.44000244140625,137.43421936035156,7415700.0,0.0,1.0
2025-06-26,DIS,121.45999908447266,119.72633361816406,10439600.0,0.0,1.0
2025-06-26,GOOGL,173.5399932861328,172.9351806640625,31796700.0,0.0,1.0
2025-06-26,GS,687.1599731445312,670.317138671875,2849500.0,0.0,1.0
2025-06-27,AAPL,201.0800018310547,200.11285400390625,73188600.0,0.0,1.0
2025-06-27,AMZN,223.3000030517578,223.3000030517578,119217100.0,0.0,1.0
2025-06-27,BA,214.5500030517578,214.5500030517578,14805400.0,0.0,1.0
2025-06-27,BAC,47.119998931884766,45.8813591003418,56705000.0,0.0,1.0
2025-06-27,CAT,384.7099914550781,379.88623046875,4455000.0,0.0,1.0
2025-06-27,COST,985.1400146484376,978.0704956054688,2129200.0,0.0,1.0
2025-06-27,CVX,143.7899932861328,136.8157501220703,9213500.0,0.0,1.0
2025-06-27,DIS,122.33999633789062,120.5937728881836,13435600.0,0.0,1.0
2025-06-27,GOOGL,178.52999877929688,177.9077911376953,108140200.0,0.0,1.0
2025-06-27,GS,690.8099975585938,673.8776245117188,3650500.0,0.0,1.0
2025-06-30,AAPL,205.1699981689453,204.18316650390625,91912800.0,0.0,1.0
2025-06-30,AMZN,219.38999938964844,219.38999938964844,58887800.0,0.0,1.0
2025-06-30,BA,209.52999877929688,209.52999877929688,9087100.0,0.0,1.0
2025-06-30,BAC,47.31999969482422,46.07609939575195,47921200.0,0.0,1.0
2025-06-30,CAT,388.2099914550781,383.3423767089844,2791400.0,0.0,1.0
2025-06-30,COST,989.9400024414062,982.8359985351562,2127600.0,0.0,1.0
2025-06-30,CVX,143.19000244140625,136.24485778808594,6980300.0,0.0,1.0
2025-06-30,DIS,124.01000213623048,122.2399444580078,13456200.0,0.0,1.0
2025-06-30,GOOGL,176.22999572753906,175.6157989501953,63378900.0,0.0,1.0
2025-06-30,GS,707.75,690.4024047851562,3976400.0,0.0,1.0
2025-07-01,AAPL,207.82000732421875,206.8204345703125,78788900.0,0.0,1.0
2025-07-01,AMZN,220.4600067138672,220.4600067138672,39256800.0,0.0,1.0
2025-07-01,BA,209.7899932861328,209.7899932861328,5978900.0,0.0,1.0
2025-07-01,BAC,48.150001525878906,46.884281158447266,48540900.0,0.0,1.0
2025-07-01,CAT,390.9200134277344,386.0184326171875,2393600.0,0.0,1.0
2025-07-01,COST,985.9600219726562,978.8845825195312,2200600.0,0.0,1.0
2025-07-01,CVX,145.57000732421875,138.50942993164062,8508200.0,0.0,1.0
2025-07-01,DIS,123.48999786376952,121.72736358642578,9815700.0,0.0,1.0
2025-07-01,GOOGL,175.83999633789062,175.22715759277344,35904500.0,0.0,1.0
2025-07-01,GS,706.4600219726562,689.1441040039062,3301000.0,0.0,1.0
2025-07-02,AAPL,212.44000244140625,211.418212890625,67941800.0,0.0,1.0
2025-07-02,AMZN,219.9199981689453,219.9199981689453,30894200.0,0.0,1.0
2025-07-02,BA,212.02999877929688,212.02999877929688,5870900.0,0.0,1.0
2025-07-02,BAC,48.709999084472656,47.42955780029297,48003600.0,0.0,1.0
2025-07-02,CAT,398.4299926757813,393.4342041015625,2713700.0,0.0,1.0
2025-07-02,COST,982.3599853515624,975.3104248046876,1606100.0,0.0,1.0
2025-07-02,CVX,147.97999572753906,140.80252075195312,8228700.0,0.0,1.0
2025-07-02,DIS,122.9800033569336,121.22464752197266,7317100.0,0.0,1.0
2025-07-02,GOOGL,178.63999938964844,178.0174102783203,29128900.0,0.0,1.0
2025-07-02,GS,715.8900146484375,698.3428344726562,2906500.0,0.0,1.0
2025-07-03,AAPL,213.5500030517578,212.5228576660156,34955800.0,0.0,1.0
2025-07-03,AMZN,223.41000366210935,223.41000366210935,29632400.0,0.0,1.0
2025-07-03,BA,215.9199981689453,215.9199981689453,4476100.0,0.0,1.0
2025-07-03,BAC,48.93000030517578,47.64377975463867,21620300.0,0.0,1.0
2025-07-03,CAT,397.8599853515625,392.8713989257813,1737800.0,0.0,1.0
2025-07-03,COST,987.02001953125,979.93701171875,1101400.0,0.0,1.0
2025-07-03,CVX,148.3699951171875,141.17359924316406,5173300.0,0.0,1.0
2025-07-03,DIS,124.0,122.23008728027344,4252300.0,0.0,1.0
2025-07-03,GOOGL,179.52999877929688,178.90431213378906,21689700.0,0.0,1.0
2025-07-03,GS,723.6799926757812,705.9419555664062,1502000.0,0.0,1.0
2025-07-07,AAPL,209.9499969482422,208.9401702880859,50229000.0,0.0,1.0
2025-07-07,AMZN,223.47000122070312,223.47000122070312,36604100.0,0.0,1.0
2025-07-07,BA,218.6300048828125,218.6300048828125,5807400.0,0.0,1.0
2025-07-07,BAC,48.65999984741211,47.38086700439453,35567900.0,0.0,1.0
2025-07-07,CAT,391.510009765625,386.60101318359375,3012900.0,0.0,1.0
2025-07-07,COST,992.1799926757812,985.0599365234376,1832600.0,0.0,1.0
2025-07-07,CVX,147.39999389648438,140.2506561279297,9460900.0,0.0,1.0
2025-07-07,DIS,123.16000366210938,121.4020767211914,7023500.0,0.0,1.0
2025-07-07,GOOGL,176.7899932861328,176.17384338378906,34175600.0,0.0,1.0
2025-07-07,GS,710.9299926757812,693.5044555664062,2863700.0,0.0,1.0
2025-07-08,AAPL,210.0099945068359,208.9998779296875,42848900.0,0.0,1.0
2025-07-08,AMZN,219.36000061035156,219.36000061035156,45692000.0,0.0,1.0
2025-07-08,BA,218.52000427246097,218.52000427246097,6769600.0,0.0,1.0
2025-07-08,BAC,47.150001525878906,45.91056823730469,88086500.0,0.0,1.0
2025-07-08,CAT,394.2900085449219,389.3461608886719,2003600.0,0.0,1.0
2025-07-08,COST,985.8400268554688,978.7655639648438,1716200.0,0.0,1.0
2025-07-08,CVX,153.24000549316406,145.80738830566406,14082100.0,0.0,1.0
2025-07-08,DIS,121.81999969482422,120.08120727539062,6622900.0,0.0,1.0
2025-07-08,GOOGL,174.36000061035156,173.7523193359375,40442500.0,0.0,1.0
2025-07-08,GS,697.280029296875,680.1891479492188,3100700.0,0.0,1.0
2025-07-09,AAPL,211.13999938964844,210.12445068359375,48749400.0,0.0,1.0
2025-07-09,AMZN,222.5399932861328,222.5399932861328,38155100.0,0.0,1.0
2025-07-09,BA,226.6000061035156,226.6000061035156,16462300.0,0.0,1.0
2025-07-09,BAC,46.84000015258789,45.60871887207031,46227900.0,0.0,1.0
2025-07-09,CAT,402.1799926757813,397.13720703125,3101000.0,0.0,1.0
2025-07-09,COST,982.0900268554688,975.0423583984376,2922600.0,0.0,1.0
2025-07-09,CVX,153.02000427246094,145.59808349609375,9495900.0,0.0,1.0
2025-07-09,DIS,120.61000061035156,118.8884735107422,6724900.0,0.0,1.0
2025-07-09,GOOGL,176.6199951171875,176.00445556640625,43025600.0,0.0,1.0
2025-07-09,GS,696.5599975585938,679.4867553710938,1763400.0,0.0,1.0
2025-07-10,AAPL,212.41000366210935,211.3883514404297,44443600.0,0.0,1.0
2025-07-10,AMZN,222.2599945068359,222.2599945068359,30370600.0,0.0,1.0
2025-07-10,BA,226.08999633789065,226.08999633789065,6116600.0,0.0,1.0
2025-07-10,BAC,46.970001220703125,45.73529815673828,44225000.0,0.0,1.0
2025-07-10,CAT,408.3299865722656,403.2100830078125,3382800.0,0.0,1.0
2025-07-10,COST,970.1699829101562,963.2079467773438,2897000.0,0.0,1.0
2025-07-10,CVX,154.1699981689453,146.69229125976562,8395100.0,0.0,1.0
2025-07-10,DIS,121.55999755859376,119.82491302490234,6888700.0,0.0,1.0
2025-07-10,GOOGL,177.6199951171875,177.00096130371094,29252400.0,0.0,1.0
2025-07-10,GS,709.1199951171875,691.7388305664062,1733500.0,0.0,1.0
2025-07-11,AAPL,211.16000366210935,210.1443328857422,39765800.0,0.0,1.0
2025-07-11,AMZN,225.02000427246097,225.02000427246097,50518300.0,0.0,1.0
2025-07-11,BA,226.83999633789065,226.83999633789065,6632000.0,0.0,1.0
2025-07-11,BAC,46.72999954223633,45.50160598754883,31653000.0,0.0,1.0
2025-07-11,CAT,405.9200134277344,400.830322265625,2072600.0,0.0,1.0
2025-07-11,COST,970.3300170898438,963.36669921875,1942000.0,0.0,1.0
2025-07-11,CVX,155.30999755859375,147.77700805664062,8333200.0,0.0,1.0
2025-07-11,DIS,119.87000274658205,118.1590347290039,6112400.0,0.0,1.0
2025-07-11,GOOGL,180.19000244140625,179.56201171875,34282900.0,0.0,1.0
2025-07-11,GS,704.9500122070312,687.671142578125,1681800.0,0.0,1.0
2025-07-14,AAPL,208.6199951171875,207.6165771484375,38840100.0,0.0,1.0
2025-07-14,AMZN,225.69000244140625,225.69000244140625,35702600.0,0.0,1.0
2025-07-14,BA,230.5099945068359,230.5099945068359,8750200.0,0.0,1.0
2025-07-14,BAC,47.06999969482422,45.83266830444336,36381200.0,0.0,1.0
2025-07-14,CAT,405.7699890136719,400.6821594238281,2497500.0,0.0,1.0
2025-07-14,COST,980.9099731445312,973.870849609375,1679300.0,0.0,1.0
2025-07-14,CVX,151.64999389648438,144.2945098876953,10706300.0,0.0,1.0
2025-07-14,DIS,119.97000122070312,118.25760650634766,6853300.0,0.0,1.0
2025-07-14,GOOGL,181.55999755859375,180.92721557617188,32536600.0,0.0,1.0
2025-07-14,GS,713.2999877929688,695.8163452148438,1909300.0,0.0,1.0
2025-07-15,AAPL,209.11000061035156,208.10421752929688,42296300.0,0.0,1.0
2025-07-15,AMZN,226.3500061035156,226.3500061035156,34907300.0,0.0,1.0
2025-07-15,BA,230.0,230.0,9156800.0,0.0,1.0
2025-07-15,BAC,46.150001525878906,44.936859130859375,55145000.0,0.0,1.0
2025-07-15,CAT,404.6400146484375,399.56634521484375,2167000.0,0.0,1.0
2025-07-15,COST,967.6799926757812,960.7357788085938,1878000.0,0.0,1.0
2025-07-15,CVX,150.69000244140625,143.38108825683594,7346300.0,0.0,1.0
2025-07-15,DIS,118.9800033569336,117.28173828125,7943600.0,0.0,1.0
2025-07-15,GOOGL,182.0,181.36569213867188,33448300.0,0.0,1.0
2025-07-15,GS,702.510009765625,685.2908935546875,1981200.0,0.0,1.0
2025-07-16,AAPL,210.16000366210935,209.149169921875,47490500.0,0.0,1.0
2025-07-16,AMZN,223.19000244140625,223.19000244140625,39535900.0,0.0,1.0
2025-07-16,BA,229.8999938964844,229.8999938964844,7474300.0,0.0,1.0
2025-07-16,BAC,46.029998779296875,44.82000732421875,61296600.0,0.0,1.0
2025-07-16,CAT,412.8800048828125,407.70306396484375,3242100.0,0.0,1.0
2025-07-16,COST,951.3699951171876,944.5427856445312,2950300.0,0.0,1.0
2025-07-16,CVX,149.9199981689453,142.64842224121094,7923400.0,0.0,1.0
2025-07-16,DIS,119.81999969482422,118.10974884033205,6747500.0,0.0,1.0
2025-07-16,GOOGL,182.97000122070312,182.33230590820312,33104200.0,0.0,1.0
2025-07-16,GS,708.8200073242188,691.4461669921875,3323200.0,0.0,1.0
2025-07-17,AAPL,210.02000427246097,209.0098571777344,48068100.0,0.0,1.0
2025-07-17,AMZN,223.8800048828125,223.8800048828125,31855800.0,0.0,1.0
2025-07-17,BA,231.0,231.0,7892600.0,0.0,1.0
2025-07-17,BAC,47.02000045776367,45.78398513793945,56480700.0,0.0,1.0
2025-07-17,CAT,418.0700073242187,412.8280029296875,2444700.0,0.0,1.0
2025-07-17,COST,953.9099731445312,947.0645141601562,2280600.0,0.0,1.0
2025-07-17,CVX,151.3800048828125,144.0376434326172,8359600.0,0.0,1.0
2025-07-17,DIS,122.20999908447266,120.46563720703124,9933700.0,0.0,1.0
2025-07-17,GOOGL,183.5800018310547,182.940185546875,31992600.0,0.0,1.0
2025-07-17,GS,705.8400268554688,688.539306640625,2046100.0,0.0,1.0
2025-07-18,AAPL,211.17999267578125,210.16424560546875,48974600.0,0.0,1.0
2025-07-18,AMZN,226.1300048828125,226.1300048828125,37833800.0,0.0,1.0
2025-07-18,BA,229.33999633789065,229.33999633789065,5974500.0,0.0,1.0
2025-07-18,BAC,47.31999969482422,46.07609939575195,48314200.0,0.0,1.0
2025-07-18,CAT,413.7099914550781,408.5226440429687,2526600.0,0.0,1.0
2025-07-18,COST,950.9500122070312,944.1258544921876,2115500.0,0.0,1.0
2025-07-18,CVX,150.0399932861328,142.76260375976562,45782600.0,0.0,1.0
2025-07-18,DIS,121.41999816894533,119.68690490722656,9486800.0,0.0,1.0
2025-07-18,GOOGL,185.05999755859375,184.4150390625,34014500.0,0.0,1.0
2025-07-18,GS,708.260009765625,690.89990234375,1925200.0,0.0,1.0
2025-07-21,AAPL,212.47999572753903,211.4580078125,51377400.0,0.0,1.0
2025-07-21,AMZN,229.3000030517578,229.3000030517578,40297600.0,0.0,1.0
2025-07-21,BA,229.32000732421875,229.32000732421875,4183300.0,0.0,1.0
2025-07-21,BAC,47.47999954223633,46.23189163208008,32199700.0,0.0,1.0
2025-07-21,CAT,410.0700073242187,406.4116516113281,1833300.0,1.51,1.0
2025-07-21,COST,947.5599975585938,940.7601928710938,1742400.0,0.0,1.0
2025-07-21,CVX,149.67999267578125,142.42005920410156,17982200.0,0.0,1.0
2025-07-21,DIS,120.83999633789062,119.11518096923828,6392500.0,0.0,1.0
2025-07-21,GOOGL,190.1000061035156,189.43746948242188,45803100.0,0.0,1.0
2025-07-21,GS,706.0,688.6952514648438,2006500.0,0.0,1.0
2025-07-22,AAPL,214.3999938964844,213.3687744140625,46404100.0,0.0,1.0
2025-07-22,AMZN,227.47000122070312,227.47000122070312,37483700.0,0.0,1.0
2025-07-22,BA,228.47999572753903,228.47999572753903,4737700.0,0.0,1.0
2025-07-22,BAC,47.77000045776367,46.5142707824707,34749400.0,0.0,1.0
2025-07-22,CAT,417.19000244140625,413.4681091308594,2185000.0,0.0,1.0
2025-07-22,COST,941.6099853515624,934.852783203125,1799900.0,0.0,1.0
2025-07-22,CVX,150.0399932861328,142.76260375976562,26196500.0,0.0,1.0
2025-07-22,DIS,121.05999755859376,119.33204650878906,5614500.0,0.0,1.0
2025-07-22,GOOGL,191.33999633789065,190.6731414794922,44660200.0,0.0,1.0
2025-07-22,GS,700.4099731445312,683.2423095703125,1978900.0,0.0,1.0
2025-07-23,AAPL,214.1499938964844,213.11996459960935,46989300.0,0.0,1.0
2025-07-23,AMZN,228.2899932861328,228.2899932861328,28294900.0,0.0,1.0
2025-07-23,BA,233.8800048828125,233.8800048828125,7302900.0,0.0,1.0
2025-07-23,BAC,48.13999938964844,46.874534606933594,31380100.0,0.0,1.0
2025-07-23,CAT,427.5899963378906,423.77532958984375,3254900.0,0.0,1.0
2025-07-23,COST,941.1900024414062,934.4358520507812,2401600.0,0.0,1.0
2025-07-23,CVX,153.1199951171875,145.69322204589844,13162800.0,0.0,1.0
2025-07-23,DIS,122.94000244140624,121.18521881103516,8258900.0,0.0,1.0
2025-07-23,GOOGL,190.22999572753903,189.56703186035156,58681900.0,0.0,1.0
2025-07-23,GS,717.52001953125,699.9329833984375,2395700.0,0.0,1.0
2025-07-24,AAPL,213.7599945068359,212.7318572998047,46022600.0,0.0,1.0
2025-07-24,AMZN,232.22999572753903,232.22999572753903,42902300.0,0.0,1.0
2025-07-24,BA,231.27000427246097,231.27000427246097,6160200.0,0.0,1.0
2025-07-24,BAC,48.38999938964844,47.11796951293945,42967600.0,0.0,1.0
2025-07-24,CAT,429.5199890136719,425.6881408691406,2511400.0,0.0,1.0
2025-07-24,COST,933.7999877929688,927.098876953125,2057100.0,0.0,1.0
2025-07-24,CVX,155.8300018310547,148.27178955078125,15701000.0,0.0,1.0
2025-07-24,DIS,121.9499969482422,120.20934295654295,6702200.0,0.0,1.0
2025-07-24,GOOGL,192.1699981689453,191.5002288818359,74881700.0,0.0,1.0
2025-07-24,GS,719.1799926757812,701.55224609375,1974700.0,0.0,1.0
2025-07-25,AAPL,213.8800048828125,212.85128784179688,40268800.0,0.0,1.0
2025-07-25,AMZN,231.44000244140625,231.44000244140625,28712100.0,0.0,1.0
2025-07-25,BA,233.05999755859375,233.05999755859375,4628500.0,0.0,1.0
2025-07-25,BAC,48.45000076293945,47.176395416259766,24461200.0,0.0,1.0
2025-07-25,CAT,433.75,429.8804016113281,2218400.0,0.0,1.0
2025-07-25,COST,935.47998046875,928.7667236328124,1827700.0,0.0,1.0
2025-07-25,CVX,154.83999633789062,147.3297882080078,7875500.0,0.0,1.0
2025-07-25,DIS,121.47000122070312,119.73619842529295,5656600.0,0.0,1.0
2025-07-25,GOOGL,193.17999267578125,192.50672912597656,39785900.0,0.0,1.0
2025-07-25,GS,728.97998046875,711.1119995117188,1851400.0,0.0,1.0
2025-07-28,AAPL,214.0500030517578,213.02044677734375,37858000.0,0.0,1.0
2025-07-28,AMZN,232.7899932861328,232.7899932861328,26300100.0,0.0,1.0
2025-07-28,BA,236.41000366210935,236.41000366210935,7923800.0,0.0,1.0
2025-07-28,BAC,48.22999954223633,46.96217346191406,20590400.0,0.0,1.0
2025-07-28,CAT,432.94000244140625,429.07763671875,2550300.0,0.0,1.0
2025-07-28,COST,933.989990234375,927.2874755859376,2006300.0,0.0,1.0
2025-07-28,CVX,156.27999877929688,148.69993591308594,8755400.0,0.0,1.0
2025-07-28,DIS,120.37000274658205,118.6519012451172,6042200.0,0.0,1.0
2025-07-28,GOOGL,192.5800018310547,191.90882873535156,38139500.0,0.0,1.0
2025-07-28,GS,723.6500244140625,705.9126586914062,1464800.0,0.0,1.0
2025-07-29,AAPL,211.27000427246097,210.2538299560547,51411700.0,0.0,1.0
2025-07-29,AMZN,231.0099945068359,231.0099945068359,33716200.0,0.0,1.0
2025-07-29,BA,226.0800018310547,226.0800018310547,20163600.0,0.0,1.0
2025-07-29,BAC,47.95000076293945,46.68953704833984,26216500.0,0.0,1.0
2025-07-29,CAT,430.0499877929687,426.21337890625,2383700.0,0.0,1.0
2025-07-29,COST,934.5700073242188,927.8633422851562,2065900.0,0.0,1.0
2025-07-29,CVX,157.02999877929688,149.41357421875,6446000.0,0.0,1.0
2025-07-29,DIS,119.91000366210938,118.1984634399414,6283700.0,0.0,1.0
2025-07-29,GOOGL,195.75,195.0677795410156,41389200.0,0.0,1.0
2025-07-29,GS,731.97998046875,714.03857421875,2136000.0,0.0,1.0
2025-07-30,AAPL,209.0500030517578,208.04449462890625,45512500.0,0.0,1.0
2025-07-30,AMZN,230.19000244140625,230.19000244140625,32993300.0,0.0,1.0
2025-07-30,BA,225.83999633789065,225.83999633789065,9354600.0,0.0,1.0
2025-07-30,BAC,47.959999084472656,46.699275970458984,32265900.0,0.0,1.0
2025-07-30,CAT,434.1199951171875,430.2471008300781,3172600.0,0.0,1.0
2025-07-30,COST,927.510009765625,920.8540649414062,1699600.0,0.0,1.0
2025-07-30,CVX,153.55999755859375,146.11187744140625,9191700.0,0.0,1.0
2025-07-30,DIS,119.54000091552734,117.83374786376952,5281500.0,0.0,1.0
2025-07-30,GOOGL,196.52999877929688,195.84506225585935,32445400.0,0.0,1.0
2025-07-30,GS,730.75,712.8387451171875,1816200.0,0.0,1.0
2025-07-31,AAPL,207.57000732421875,206.57162475585935,80698400.0,0.0,1.0
2025-07-31,AMZN,234.11000061035156,234.11000061035156,104357300.0,0.0,1.0
2025-07-31,BA,221.83999633789065,221.83999633789065,7825000.0,0.0,1.0
2025-07-31,BAC,47.27000045776367,46.02740859985352,40016300.0,0.0,1.0
2025-07-31,CAT,438.0199890136719,434.1123046875,4116400.0,0.0,1.0
2025-07-31,COST,939.6400146484376,932.89697265625,2564400.0,0.0,1.0
2025-07-31,CVX,151.63999938964844,144.28501892089844,10237100.0,0.0,1.0
2025-07-31,DIS,119.11000061035156,117.4098892211914,7235000.0,0.0,1.0
2025-07-31,GOOGL,191.8999938964844,191.2311859130859,51329200.0,0.0,1.0
2025-07-31,GS,723.5900268554688,705.854248046875,2358100.0,0.0,1.0
2025-08-01,AAPL,202.3800048828125,201.40660095214844,104434500.0,0.0,1.0
2025-08-01,AMZN,214.75,214.75,122258800.0,0.0,1.0
2025-08-01,BA,221.8999938964844,221.8999938964844,8572200.0,0.0,1.0
2025-08-01,BAC,45.65999984741211,44.45973587036133,52310400.0,0.0,1.0
2025-08-01,CAT,428.69000244140625,424.8655395507813,4027300.0,0.0,1.0
2025-08-01,COST,952.52001953125,946.9946899414062,2934500.0,1.3,1.0
2025-08-01,CVX,151.39999389648438,144.05662536621094,10706500.0,0.0,1.0
2025-08-01,DIS,116.58999633789062,114.92584991455078,8637800.0,0.0,1.0
2025-08-01,GOOGL,189.1300048828125,188.4708709716797,34832200.0,0.0,1.0
2025-08-01,GS,709.5700073242188,692.1778564453125,2999100.0,0.0,1.0
2025-08-04,AAPL,203.3500061035156,202.37193298339844,75109300.0,0.0,1.0
2025-08-04,AMZN,211.6499938964844,211.6499938964844,77890100.0,0.0,1.0
2025-08-04,BA,222.33999633789065,222.33999633789065,5997300.0,0.0,1.0
2025-08-04,BAC,45.849998474121094,44.644737243652344,31038900.0,0.0,1.0
2025-08-04,CAT,433.7000122070313,429.8308410644531,4059500.0,0.0,1.0
2025-08-04,COST,955.3699951171876,949.8281860351562,2389900.0,0.0,1.0
2025-08-04,CVX,151.0399932861328,143.71409606933594,10116600.0,0.0,1.0
2025-08-04,DIS,119.3499984741211,117.64645385742188,8845000.0,0.0,1.0
2025-08-04,GOOGL,195.0399932861328,194.36024475097656,31547400.0,0.0,1.0
2025-08-04,GS,726.030029296875,708.2344360351562,1753700.0,0.0,1.0
2025-08-05,AAPL,202.9199981689453,201.94398498535156,44155100.0,0.0,1.0
2025-08-05,AMZN,213.75,213.75,51505100.0,0.0,1.0
2025-08-05,BA,224.86000061035156,224.86000061035156,5687400.0,0.0,1.0
2025-08-05,BAC,45.560001373291016,44.36236572265625,36798300.0,0.0,1.0
2025-08-05,CAT,434.2300109863281,430.3561401367187,4329900.0,0.0,1.0
2025-08-05,COST,943.6300048828124,938.15625,2462300.0,0.0,1.0
2025-08-05,CVX,153.0399932861328,145.61709594726562,8604100.0,0.0,1.0
2025-08-05,DIS,118.31999969482422,116.63115692138672,15365700.0,0.0,1.0
2025-08-05,GOOGL,194.6699981689453,193.99151611328125,31602300.0,0.0,1.0
2025-08-05,GS,720.9099731445312,703.23974609375,1977300.0,0.0,1.0
2025-08-06,AAPL,213.25,212.2242889404297,108483100.0,0.0,1.0
2025-08-06,AMZN,222.30999755859375,222.30999755859375,54823000.0,0.0,1.0
2025-08-06,BA,225.0399932861328,225.0399932861328,3898800.0,0.0,1.0
2025-08-06,BAC,45.41999816894531,44.226043701171875,27916800.0,0.0,1.0
2025-08-06,CAT,427.7200012207031,423.9042053222656,2630800.0,0.0,1.0
2025-08-06,COST,968.5599975585938,962.941650390625,2753000.0,0.0,1.0
2025-08-06,CVX,152.77999877929688,145.36972045898438,7840900.0,0.0,1.0
2025-08-06,DIS,115.16999816894533,113.526123046875,22153700.0,0.0,1.0
2025-08-06,GOOGL,196.08999633789065,195.40660095214844,21562900.0,0.0,1.0
2025-08-06,GS,724.739990234375,706.9758911132812,1477100.0,0.0,1.0
2025-08-07,AAPL,220.02999877929688,218.97171020507812,90224800.0,0.0,1.0
2025-08-07,AMZN,223.1300048828125,223.1300048828125,40603500.0,0.0,1.0
2025-08-07,BA,227.3300018310547,227.3300018310547,4563100.0,0.0,1.0
2025-08-07,BAC,44.91999816894531,43.73918533325195,30609900.0,0.0,1.0
2025-08-07,CAT,417.1199951171875,413.3987731933594,4261100.0,0.0,1.0
2025-08-07,COST,977.4500122070312,971.7800903320312,1893300.0,0.0,1.0
2025-08-07,CVX,153.16000366210938,145.7312774658203,6510400.0,0.0,1.0
2025-08-07,DIS,112.87999725341795,111.26880645751952,15484400.0,0.0,1.0
2025-08-07,GOOGL,196.52000427246097,195.83509826660156,26321800.0,0.0,1.0
2025-08-07,GS,719.739990234375,702.0985107421875,1400400.0,0.0,1.0
2025-08-08,AAPL,229.3500061035156,228.2468719482422,113854000.0,0.0,1.0
2025-08-08,AMZN,222.69000244140625,222.69000244140625,32970500.0,0.0,1.0
2025-08-08,BA,229.1199951171875,229.1199951171875,4724200.0,0.0,1.0
2025-08-08,BAC,46.0099983215332,44.80052947998047,37131600.0,0.0,1.0
2025-08-08,CAT,416.5199890136719,412.8040771484375,2965200.0,0.0,1.0
2025-08-08,COST,980.97998046875,975.2896118164062,2189700.0,0.0,1.0
2025-08-08,CVX,155.00999450683594,147.49154663085938,6332800.0,0.0,1.0
2025-08-08,DIS,112.43000030517578,110.82523345947266,9491000.0,0.0,1.0
2025-08-08,GOOGL,201.4199981689453,200.7180023193359,39161800.0,0.0,1.0
2025-08-08,GS,721.27001953125,703.5911254882812,1275400.0,0.0,1.0
2025-08-11,AAPL,227.17999267578125,226.34388732910156,61806100.0,0.26,1.0
2025-08-11,AMZN,221.3000030517578,221.3000030517578,31646200.0,0.0,1.0
2025-08-11,BA,225.9600067138672,225.9600067138672,4872700.0,0.0,1.0
2025-08-11,BAC,46.15999984741211,44.946590423583984,35559400.0,0.0,1.0
2025-08-11,CAT,408.5400085449219,404.8952941894531,3416000.0,0.0,1.0
2025-08-11,COST,988.739990234375,983.0045776367188,2290100.0,0.0,1.0
2025-08-11,CVX,153.4499969482422,146.00721740722656,6169700.0,0.0,1.0
2025-08-11,DIS,112.5500030517578,110.94351959228516,8532600.0,0.0,1.0
2025-08-11,GOOGL,201.0,200.29946899414065,25832400.0,0.0,1.0
2025-08-11,GS,719.239990234375,701.61083984375,1273500.0,0.0,1.0
2025-08-12,AAPL,229.6499938964844,228.8047790527344,55626200.0,0.0,1.0
2025-08-12,AMZN,221.47000122070312,221.47000122070312,37185800.0,0.0,1.0
2025-08-12,BA,232.61000061035156,232.61000061035156,7396400.0,0.0,1.0
2025-08-12,BAC,47.5,46.251373291015625,35481200.0,0.0,1.0
2025-08-12,CAT,412.7099914550781,409.0281066894531,2765100.0,0.0,1.0
2025-08-12,COST,991.25,985.5,1588500.0,0.0,1.0
2025-08-12,CVX,154.44000244140625,146.94920349121094,6641600.0,0.0,1.0
2025-08-12,DIS,113.72000122070312,112.09681701660156,7274000.0,0.0,1.0
2025-08-12,GOOGL,203.33999633789065,202.63131713867188,30397900.0,0.0,1.0
2025-08-12,GS,743.3800048828125,725.1591186523438,2418100.0,0.0,1.0
2025-08-13,AAPL,233.3300018310547,232.4712677001953,69878500.0,0.0,1.0
2025-08-13,AMZN,224.55999755859375,224.55999755859375,36508300.0,0.0,1.0
2025-08-13,BA,233.3699951171875,233.3699951171875,6670400.0,0.0,1.0
2025-08-13,BAC,47.2400016784668,45.99820327758789,29465100.0,0.0,1.0
2025-08-13,CAT,413.7000122070313,410.0092468261719,4403000.0,0.0,1.0
2025-08-13,COST,978.8499755859376,973.1719970703124,2352600.0,0.0,1.0
2025-08-13,CVX,155.8699951171875,148.30982971191406,6581900.0,0.0,1.0
2025-08-13,DIS,116.63999938964844,114.97513580322266,9025700.0,0.0,1.0
2025-08-13,GOOGL,201.9600067138672,201.25613403320312,28342900.0,0.0,1.0
2025-08-13,GS,744.6900024414062,726.43701171875,1862600.0,0.0,1.0
2025-08-14,AAPL,232.77999877929688,231.9232940673828,51916300.0,0.0,1.0
2025-08-14,AMZN,230.97999572753903,230.97999572753903,61545800.0,0.0,1.0
2025-08-14,BA,233.19000244140625,233.19000244140625,5320800.0,0.0,1.0
2025-08-14,BAC,47.709999084472656,46.45584487915039,21073800.0,0.0,1.0
2025-08-14,CAT,417.5,413.7753601074219,3676000.0,0.0,1.0
2025-08-14,COST,975.3900146484376,969.7320556640624,1808700.0,0.0,1.0
2025-08-14,CVX,155.16000366210938,147.63426208496094,7337300.0,0.0,1.0
2025-08-14,DIS,116.30999755859376,114.64984130859376,6800900.0,0.0,1.0
2025-08-14,GOOGL,202.94000244140625,202.2327117919922,25230400.0,0.0,1.0
2025-08-14,GS,747.2000122070312,728.8854370117188,1371200.0,0.0,1.0
2025-08-15,AAPL,231.58999633789065,230.73765563964844,56038700.0,0.0,1.0
2025-08-15,AMZN,231.02999877929688,231.02999877929688,39649200.0,0.0,1.0
2025-08-15,BA,235.2599945068359,235.2599945068359,6291400.0,0.0,1.0
2025-08-15,BAC,46.939998626708984,45.706085205078125,26276900.0,0.0,1.0
2025-08-15,CAT,407.7900085449219,404.1520080566406,3107400.0,0.0,1.0
2025-08-15,COST,972.0399780273438,966.4014282226562,1638300.0,0.0,1.0
2025-08-15,CVX,156.5500030517578,148.9568634033203,11617000.0,0.0,1.0
2025-08-15,DIS,115.38999938964844,113.74298095703124,6768600.0,0.0,1.0
2025-08-15,GOOGL,203.8999938964844,203.1893615722656,34931400.0,0.0,1.0
2025-08-15,GS,730.719970703125,712.8093872070312,1645900.0,0.0,1.0
2025-08-18,AAPL,230.88999938964844,230.04022216796875,37476200.0,0.0,1.0
2025-08-18,AMZN,231.4900054931641,231.4900054931641,25248900.0,0.0,1.0
2025-08-18,BA,232.41000366210935,232.41000366210935,8456000.0,0.0,1.0
2025-08-18,BAC,47.91999816894531,46.66032791137695,43125100.0,0.0,1.0
2025-08-18,CAT,412.6400146484375,408.9587097167969,3185200.0,0.0,1.0
2025-08-18,COST,979.3499755859376,973.6690063476562,2078500.0,0.0,1.0
2025-08-18,CVX,155.32000732421875,147.78651428222656,8174300.0,0.0,1.0
2025-08-18,DIS,116.5500030517578,114.8864288330078,5798400.0,0.0,1.0
2025-08-18,GOOGL,203.5,202.7907562255859,18526600.0,0.0,1.0
2025-08-18,GS,730.9600219726562,713.0435791015625,1157800.0,0.0,1.0
2025-08-19,AAPL,230.55999755859375,229.71145629882812,39402600.0,0.0,1.0
2025-08-19,AMZN,228.0099945068359,228.0099945068359,29891000.0,0.0,1.0
2025-08-19,BA,225.0,225.0,9061100.0,0.0,1.0
2025-08-19,BAC,48.08000183105469,46.81612014770508,33783400.0,0.0,1.0
2025-08-19,CAT,416.0899963378906,412.3779296875,3543600.0,0.0,1.0
2025-08-19,COST,980.8499755859376,975.1603393554688,1673400.0,0.0,1.0
2025-08-19,CVX,152.0,146.237548828125,8567500.0,1.71,1.0
2025-08-19,DIS,116.2699966430664,114.61041259765624,5914000.0,0.0,1.0
2025-08-19,GOOGL,201.57000732421875,200.8675079345703,24240200.0,0.0,1.0
2025-08-19,GS,721.3800048828125,703.6983642578125,1856400.0,0.0,1.0
2025-08-20,AAPL,226.0099945068359,225.17819213867188,42263900.0,0.0,1.0
2025-08-20,AMZN,223.80999755859375,223.80999755859375,36604300.0,0.0,1.0
2025-08-20,BA,225.6199951171875,225.6199951171875,5016000.0,0.0,1.0
2025-08-20,BAC,48.349998474121094,47.07901763916016,30822200.0,0.0,1.0
2025-08-20,CAT,420.5899963378906,416.8377990722656,4060200.0,0.0,1.0
2025-08-20,COST,994.5700073242188,988.80078125,2229600.0,0.0,1.0
2025-08-20,CVX,153.22000122070312,147.41128540039062,8076300.0,0.0,1.0
2025-08-20,DIS,117.04000091552734,115.3694305419922,7046700.0,0.0,1.0
2025-08-20,GOOGL,199.32000732421875,198.62533569335935,28955500.0,0.0,1.0
2025-08-20,GS,720.6799926757812,703.0155029296875,1872700.0,0.0,1.0
2025-08-21,AAPL,224.8999938964844,224.072265625,30621200.0,0.0,1.0
2025-08-21,AMZN,221.9499969482422,221.9499969482422,32140500.0,0.0,1.0
2025-08-21,BA,224.4600067138672,224.4600067138672,6101100.0,0.0,1.0
2025-08-21,BAC,48.2599983215332,46.99138259887695,28713200.0,0.0,1.0
2025-08-21,CAT,417.8900146484375,414.1619262695313,2504300.0,0.0,1.0
2025-08-21,COST,969.6799926757812,964.05517578125,2145600.0,0.0,1.0
2025-08-21,CVX,155.5500030517578,149.65296936035156,7533600.0,0.0,1.0
2025-08-21,DIS,116.20999908447266,114.55127716064452,6337100.0,0.0,1.0
2025-08-21,GOOGL,199.75,199.0538330078125,19774600.0,0.0,1.0
2025-08-21,GS,715.9500122070312,698.4014282226562,1162000.0,0.0,1.0
2025-08-22,AAPL,227.7599945068359,226.9217529296875,42477800.0,0.0,1.0
2025-08-22,AMZN,228.83999633789065,228.83999633789065,37315300.0,0.0,1.0
2025-08-22,BA,230.1199951171875,230.1199951171875,8678400.0,0.0,1.0
2025-08-22,BAC,49.47999954223633,48.17931365966797,45078900.0,0.0,1.0
2025-08-22,CAT,435.6700134277344,431.7832946777344,3785100.0,0.0,1.0
2025-08-22,COST,958.5399780273438,952.9797973632812,3136000.0,0.0,1.0
2025-08-22,CVX,158.17999267578125,152.18325805664062,9084300.0,0.0,1.0
2025-08-22,DIS,118.86000061035156,117.1634521484375,7161700.0,0.0,1.0
2025-08-22,GOOGL,206.08999633789065,205.37173461914065,42827000.0,0.0,1.0
2025-08-22,GS,741.8900146484375,723.7056274414062,1948600.0,0.0,1.0
2025-08-25,AAPL,227.16000366210935,226.323974609375,30983100.0,0.0,1.0
2025-08-25,AMZN,227.94000244140625,227.94000244140625,22633700.0,0.0,1.0
2025-08-25,BA,226.8699951171875,226.8699951171875,4757600.0,0.0,1.0
2025-08-25,BAC,49.47999954223633,48.17931365966797,34715700.0,0.0,1.0
2025-08-25,CAT,432.2999877929687,428.4433288574219,1857900.0,0.0,1.0
2025-08-25,COST,941.5800170898438,936.1182250976562,2284300.0,0.0,1.0
2025-08-25,CVX,158.1999969482422,152.20249938964844,7030000.0,0.0,1.0
2025-08-25,DIS,117.70999908447266,116.02986145019533,5424900.0,0.0,1.0
2025-08-25,GOOGL,208.4900054931641,207.7633819580078,29928900.0,0.0,1.0
2025-08-25,GS,738.7899780273438,720.6815795898438,1381200.0,0.0,1.0
2025-08-26,AAPL,229.30999755859375,228.46603393554688,54575100.0,0.0,1.0
2025-08-26,AMZN,228.7100067138672,228.7100067138672,26105400.0,0.0,1.0
2025-08-26,BA,234.8300018310547,234.8300018310547,7380200.0,0.0,1.0
2025-08-26,BAC,50.25,48.929073333740234,40609300.0,0.0,1.0
2025-08-26,CAT,431.260009765625,427.41259765625,2792200.0,0.0,1.0
2025-08-26,COST,941.3400268554688,935.8795776367188,4341300.0,0.0,1.0
2025-08-26,CVX,157.36000061035156,151.39434814453125,10270000.0,0.0,1.0
2025-08-26,DIS,117.6500015258789,115.9707260131836,5787400.0,0.0,1.0
2025-08-26,GOOGL,207.13999938964844,206.4180908203125,28464100.0,0.0,1.0
2025-08-26,GS,748.9500122070312,730.5925903320312,1511600.0,0.0,1.0
2025-08-27,AAPL,230.4900054931641,229.6417236328125,31259500.0,0.0,1.0
2025-08-27,AMZN,229.1199951171875,229.1199951171875,21254500.0,0.0,1.0
2025-08-27,BA,235.6199951171875,235.6199951171875,4757400.0,0.0,1.0
2025-08-27,BAC,50.380001068115234,49.055660247802734,42428200.0,0.0,1.0
2025-08-27,CAT,432.6700134277344,428.8100280761719,1970900.0,0.0,1.0
2025-08-27,COST,949.52001953125,944.0121459960938,1893600.0,0.0,1.0
2025-08-27,CVX,159.24000549316406,153.2030792236328,7483000.0,0.0,1.0
2025-08-27,DIS,118.08999633789062,116.40443420410156,4378000.0,0.0,1.0
2025-08-27,GOOGL,207.47999572753903,206.7568817138672,23022900.0,0.0,1.0
2025-08-27,GS,749.6699829101562,731.294921875,1534800.0,0.0,1.0
2025-08-28,AAPL,232.55999755859375,231.70408630371097,38074700.0,0.0,1.0
2025-08-28,AMZN,231.6000061035156,231.6000061035156,33679600.0,0.0,1.0
2025-08-28,BA,236.16000366210935,236.16000366210935,4039600.0,0.0,1.0
2025-08-28,BAC,50.4900016784668,49.16276550292969,32949400.0,0.0,1.0
2025-08-28,CAT,434.9100036621094,431.0300598144531,1651700.0,0.0,1.0
2025-08-28,COST,944.9600219726562,939.4785766601562,2067900.0,0.0,1.0
2025-08-28,CVX,159.32000732421875,153.28004455566406,6502000.0,0.0,1.0
2025-08-28,DIS,117.63999938964844,115.96086883544922,5687700.0,0.0,1.0
2025-08-28,GOOGL,211.63999938964844,210.9023895263672,32339300.0,0.0,1.0
2025-08-28,GS,751.219970703125,732.806884765625,1411200.0,0.0,1.0
2025-08-29,AAPL,232.13999938964844,231.28562927246097,39418400.0,0.0,1.0
2025-08-29,AMZN,229.0,229.0,26199200.0,0.0,1.0
2025-08-29,BA,234.67999267578125,234.67999267578125,5008600.0,0.0,1.0
2025-08-29,BAC,50.7400016784668,49.40619659423828,32496500.0,0.0,1.0
2025-08-29,CAT,419.0400085449219,415.3016662597656,3673800.0,0.0,1.0
2025-08-29,COST,943.3200073242188,937.8480224609376,1609000.0,0.0,1.0
2025-08-29,CVX,160.60000610351562,154.5115203857422,6934800.0,0.0,1.0
2025-08-29,DIS,118.37999725341795,116.69029998779295,5212600.0,0.0,1.0
2025-08-29,GOOGL,212.91000366210935,212.16795349121097,39728400.0,0.0,1.0
2025-08-29,GS,745.25,730.8749389648438,1467000.0,4.0,1.0
2025-09-02,AAPL,229.72000122070312,228.87454223632812,44075600.0,0.0,1.0
2025-09-02,AMZN,225.33999633789065,225.33999633789065,38843900.0,0.0,1.0
2025-09-02,BA,237.3800048828125,237.3800048828125,6339100.0,0.0,1.0
2025-09-02,BAC,50.41999816894531,49.094608306884766,52719800.0,0.0,1.0
2025-09-02,CAT,416.0499877929687,412.3382873535156,2329500.0,0.0,1.0
2025-09-02,COST,938.8200073242188,933.3742065429688,1793900.0,0.0,1.0
2025-09-02,CVX,161.8300018310547,155.6948699951172,8947300.0,0.0,1.0
2025-09-02,DIS,118.2699966430664,116.58187103271484,6015900.0,0.0,1.0
2025-09-02,GOOGL,211.3500061035156,210.61341857910156,47523000.0,0.0,1.0
2025-09-02,GS,730.8499755859375,716.752685546875,2296400.0,0.0,1.0
2025-09-03,AAPL,238.47000122070312,237.59234619140625,66427800.0,0.0,1.0
2025-09-03,AMZN,225.9900054931641,225.9900054931641,29223100.0,0.0,1.0
2025-09-03,BA,232.3800048828125,232.3800048828125,5999000.0,0.0,1.0
2025-09-03,BAC,50.060001373291016,48.74407196044922,38344200.0,0.0,1.0
2025-09-03,CAT,415.1199951171875,411.4166259765625,1496700.0,0.0,1.0
2025-09-03,COST,949.780029296875,944.2706298828124,1670500.0,0.0,1.0
2025-09-03,CVX,158.05999755859375,152.06781005859375,9556100.0,0.0,1.0
2025-09-03,DIS,117.37999725341795,115.70457458496094,6288700.0,0.0,1.0
2025-09-03,GOOGL,230.66000366210935,229.85610961914065,103336100.0,0.0,1.0
2025-09-03,GS,730.5599975585938,716.4683227539062,1485600.0,0.0,1.0
2025-09-04,AAPL,239.77999877929688,238.89752197265625,47549400.0,0.0,1.0
2025-09-04,AMZN,235.67999267578125,235.67999267578125,59391800.0,0.0,1.0
2025-09-04,BA,230.75,230.75,4093200.0,0.0,1.0
2025-09-04,BAC,50.619998931884766,49.28934860229492,34796900.0,0.0,1.0
2025-09-04,CAT,420.2200012207031,416.4710998535156,1634600.0,0.0,1.0
2025-09-04,COST,955.9000244140624,950.3551025390624,1471900.0,0.0,1.0
2025-09-04,CVX,157.69000244140625,151.71185302734375,7243000.0,0.0,1.0
2025-09-04,DIS,118.80999755859376,117.11416625976562,6949300.0,0.0,1.0
2025-09-04,GOOGL,232.3000030517578,231.4904022216797,51684200.0,0.0,1.0
2025-09-04,GS,748.9000244140625,734.45458984375,1778200.0,0.0,1.0
2025-09-05,AAPL,239.69000244140625,238.8078460693359,54870400.0,0.0,1.0
2025-09-05,AMZN,232.3300018310547,232.3300018310547,36721800.0,0.0,1.0
2025-09-05,BA,229.61000061035156,229.61000061035156,8203600.0,0.0,1.0
2025-09-05,BAC,49.77000045776367,48.73125076293945,40063300.0,0.28,1.0
2025-09-05,CAT,423.0799865722656,419.3055419921875,1843200.0,0.0,1.0
2025-09-05,COST,963.47998046875,957.89111328125,1928500.0,0.0,1.0
2025-09-05,CVX,153.66000366210938,147.83460998535156,11011700.0,0.0,1.0
2025-09-05,DIS,117.91000366210938,116.22702026367188,6669100.0,0.0,1.0
2025-09-05,GOOGL,235.0,234.18096923828125,46588900.0,0.0,1.0
2025-09-05,GS,738.2100219726562,723.9707641601562,1822800.0,0.0,1.0
2025-09-08,AAPL,237.8800048828125,237.0045166015625,48999500.0,0.0,1.0
2025-09-08,AMZN,235.83999633789065,235.83999633789065,33947100.0,0.0,1.0
2025-09-08,BA,230.9499969482422,230.9499969482422,5955000.0,0.0,1.0
2025-09-08,BAC,49.459999084472656,48.42771911621094,48033100.0,0.0,1.0
2025-09-08,CAT,422.7799987792969,419.0082702636719,1876700.0,0.0,1.0
2025-09-08,COST,971.8499755859376,966.2125854492188,1737000.0,0.0,1.0
2025-09-08,CVX,154.0,148.16172790527344,9462000.0,0.0,1.0
2025-09-08,DIS,118.83999633789062,117.14373779296876,6450700.0,0.0,1.0
2025-09-08,GOOGL,234.0399932861328,233.43292236328125,32474700.0,0.21,1.0
2025-09-08,GS,741.8499755859375,727.5404663085938,1400100.0,0.0,1.0
2025-09-09,AAPL,234.3500061035156,233.48748779296875,66313900.0,0.0,1.0
2025-09-09,AMZN,238.2400054931641,238.2400054931641,27033800.0,0.0,1.0
2025-09-09,BA,229.52000427246097,229.52000427246097,5510400.0,0.0,1.0
2025-09-09,BAC,50.290000915527344,49.24039459228515,40060100.0,0.0,1.0
2025-09-09,CAT,418.0899963378906,414.3601379394531,1710700.0,0.0,1.0
2025-09-09,COST,979.25,973.5696411132812,1496800.0,0.0,1.0
2025-09-09,CVX,154.85000610351562,148.97950744628906,7769200.0,0.0,1.0
2025-09-09,DIS,117.37000274658205,115.6947250366211,5444300.0,0.0,1.0
2025-09-09,GOOGL,239.6300048828125,239.0084228515625,38061000.0,0.0,1.0
2025-09-09,GS,763.9199829101562,749.1847534179688,2611300.0,0.0,1.0
2025-09-10,AAPL,226.7899932861328,225.9553375244141,83440800.0,0.0,1.0
2025-09-10,AMZN,230.3300018310547,230.3300018310547,60907700.0,0.0,1.0
2025-09-10,BA,227.52000427246097,227.52000427246097,4949500.0,0.0,1.0
2025-09-10,BAC,50.130001068115234,49.083736419677734,31706300.0,0.0,1.0
2025-09-10,CAT,422.9100036621094,419.1370849609375,2221000.0,0.0,1.0
2025-09-10,COST,956.2899780273438,950.7427978515624,2277500.0,0.0,1.0
2025-09-10,CVX,157.7899932861328,151.8080291748047,7440800.0,0.0,1.0
2025-09-10,DIS,115.79000091552734,114.13727569580078,7484900.0,0.0,1.0
2025-09-10,GOOGL,239.1699981689453,238.5496063232422,35141100.0,0.0,1.0
2025-09-10,GS,769.5800170898438,754.735595703125,1996200.0,0.0,1.0
2025-09-11,AAPL,230.02999877929688,229.18341064453125,50208600.0,0.0,1.0
2025-09-11,AMZN,229.9499969482422,229.9499969482422,37485600.0,0.0,1.0
2025-09-11,BA,219.9900054931641,219.9900054931641,12010800.0,0.0,1.0
2025-09-11,BAC,50.75,49.6907958984375,28055200.0,0.0,1.0
2025-09-11,CAT,431.3800048828125,427.5315246582031,2737900.0,0.0,1.0
2025-09-11,COST,964.3200073242188,958.7261962890624,1532000.0,0.0,1.0
2025-09-11,CVX,158.25,152.25059509277344,6417400.0,0.0,1.0
2025-09-11,DIS,117.08000183105467,115.40885925292967,8399100.0,0.0,1.0
2025-09-11,GOOGL,240.3699951171875,239.7465057373047,30599300.0,0.0,1.0
2025-09-11,GS,784.72998046875,769.5933837890625,2075700.0,0.0,1.0
2025-09-12,AAPL,234.07000732421875,233.2085418701172,55824200.0,0.0,1.0
2025-09-12,AMZN,228.1499938964844,228.1499938964844,38496200.0,0.0,1.0
2025-09-12,BA,215.94000244140625,215.94000244140625,11094900.0,0.0,1.0
2025-09-12,BAC,50.58000183105469,49.52434158325195,27851100.0,0.0,1.0
2025-09-12,CAT,431.5199890136719,427.6702880859375,2341800.0,0.0,1.0
2025-09-12,COST,967.9000244140624,962.2855834960938,1461600.0,0.0,1.0
2025-09-12,CVX,157.11000061035156,151.15382385253906,5546300.0,0.0,1.0
2025-09-12,DIS,115.95999908447266,114.30484008789062,7640900.0,0.0,1.0
2025-09-12,GOOGL,240.8000030517578,240.1753845214844,26771600.0,0.0,1.0
2025-09-12,GS,780.0599975585938,765.0134887695312,1099400.0,0.0,1.0
2025-09-15,AAPL,236.6999969482422,235.8288421630859,42699500.0,0.0,1.0
2025-09-15,AMZN,231.42999267578125,231.42999267578125,33243300.0,0.0,1.0
2025-09-15,BA,215.75,215.75,6896200.0,0.0,1.0
2025-09-15,BAC,50.59000015258789,49.53413391113281,29043600.0,0.0,1.0
2025-09-15,CAT,435.94000244140625,432.05084228515625,2255800.0,0.0,1.0
2025-09-15,COST,960.0999755859376,954.5307006835938,2199400.0,0.0,1.0
2025-09-15,CVX,157.30999755859375,151.3462371826172,5030500.0,0.0,1.0
2025-09-15,DIS,115.62000274658205,113.96969604492188,7150900.0,0.0,1.0
2025-09-15,GOOGL,251.61000061035156,250.95733642578125,58383800.0,0.0,1.0
2025-09-15,GS,786.760009765625,771.584228515625,1292000.0,0.0,1.0
2025-09-16,AAPL,238.1499938964844,237.2735290527344,63421100.0,0.0,1.0
2025-09-16,AMZN,234.0500030517578,234.0500030517578,38203900.0,0.0,1.0
2025-09-16,BA,215.02000427246097,215.02000427246097,6330600.0,0.0,1.0
2025-09-16,BAC,50.65999984741211,49.60267639160156,31624400.0,0.0,1.0
2025-09-16,CAT,440.6700134277344,436.7386474609375,2366300.0,0.0,1.0
2025-09-16,COST,952.0700073242188,946.54736328125,2012600.0,0.0,1.0
2025-09-16,CVX,159.5399932861328,153.49169921875,8011000.0,0.0,1.0
2025-09-16,DIS,115.2300033569336,113.58526611328124,6844900.0,0.0,1.0
2025-09-16,GOOGL,251.16000366210935,250.50851440429688,34109700.0,0.0,1.0
2025-09-16,GS,785.530029296875,770.3779907226562,1529500.0,0.0,1.0
2025-09-17,AAPL,238.9900054931641,238.1104278564453,46508000.0,0.0,1.0
2025-09-17,AMZN,231.6199951171875,231.6199951171875,42815200.0,0.0,1.0
2025-09-17,BA,214.6300048828125,214.6300048828125,6019500.0,0.0,1.0
2025-09-17,BAC,51.400001525878906,50.32722854614258,38337900.0,0.0,1.0
2025-09-17,CAT,450.6600036621094,446.6395568847656,4512200.0,0.0,1.0
2025-09-17,COST,963.030029296875,957.4437255859376,1556800.0,0.0,1.0
2025-09-17,CVX,160.08999633789062,154.02084350585938,5736800.0,0.0,1.0
2025-09-17,DIS,116.0999984741211,114.4428482055664,7333900.0,0.0,1.0
2025-09-17,GOOGL,249.52999877929688,248.8827362060547,34108000.0,0.0,1.0
2025-09-17,GS,794.219970703125,778.9003295898438,1945300.0,0.0,1.0
2025-09-18,AAPL,237.8800048828125,237.0045166015625,44249600.0,0.0,1.0
2025-09-18,AMZN,231.22999572753903,231.22999572753903,37931700.0,0.0,1.0
2025-09-18,BA,215.66000366210935,215.66000366210935,6414000.0,0.0,1.0
2025-09-18,BAC,52.130001068115234,51.041996002197266,35246900.0,0.0,1.0
2025-09-18,CAT,466.9599914550781,462.7940979003906,4331900.0,0.0,1.0
2025-09-18,COST,952.3599853515624,946.8356323242188,1860900.0,0.0,1.0
2025-09-18,CVX,158.83999633789062,152.8182373046875,6244200.0,0.0,1.0
2025-09-18,DIS,114.86000061035156,113.22055053710938,9460500.0,0.0,1.0
2025-09-18,GOOGL,252.02999877929688,251.3762664794922,31239500.0,0.0,1.0
2025-09-18,GS,804.3099975585938,788.7957153320312,1501600.0,0.0,1.0
2025-09-19,AAPL,245.5,244.59646606445312,163741300.0,0.0,1.0
2025-09-19,AMZN,231.47999572753903,231.47999572753903,97943200.0,0.0,1.0
2025-09-19,BA,215.6499938964844,215.6499938964844,10513700.0,0.0,1.0
2025-09-19,BAC,52.25,51.15948486328125,98970700.0,0.0,1.0
2025-09-19,CAT,466.5400085449219,462.37786865234375,5069300.0,0.0,1.0
2025-09-19,COST,951.1599731445312,945.642578125,4606000.0,0.0,1.0
2025-09-19,CVX,156.2100067138672,150.28794860839844,16734000.0,0.0,1.0
2025-09-19,DIS,113.76000213623048,112.13624572753906,23398400.0,0.0,1.0
2025-09-19,GOOGL,254.72000122070312,254.05929565429688,55571400.0,0.0,1.0
2025-09-19,GS,805.0,789.472412109375,3789800.0,0.0,1.0
2025-09-22,AAPL,256.0799865722656,255.13751220703125,105517400.0,0.0,1.0
2025-09-22,AMZN,227.6300048828125,227.6300048828125,45914500.0,0.0,1.0
2025-09-22,BA,212.08999633789065,212.08999633789065,7467700.0,0.0,1.0
2025-09-22,BAC,51.91999816894531,50.83637619018555,27468000.0,0.0,1.0
2025-09-22,CAT,472.1000061035156,467.8882751464844,3180000.0,0.0,1.0
2025-09-22,COST,943.260009765625,937.7884521484376,2794300.0,0.0,1.0
2025-09-22,CVX,156.0500030517578,150.13401794433594,5244000.0,0.0,1.0
2025-09-22,DIS,112.55999755859376,110.953369140625,15479800.0,0.0,1.0
2025-09-22,GOOGL,252.52999877929688,251.87496948242188,32290500.0,0.0,1.0
2025-09-22,GS,805.5599975585938,790.0216674804688,1151000.0,0.0,1.0
2025-09-23,AAPL,254.42999267578125,253.4935760498047,60275200.0,0.0,1.0
2025-09-23,AMZN,220.7100067138672,220.7100067138672,70956200.0,0.0,1.0
2025-09-23,BA,216.33999633789065,216.33999633789065,12760900.0,0.0,1.0
2025-09-23,BAC,51.70000076293945,50.620967864990234,28278200.0,0.0,1.0
2025-09-23,CAT,471.260009765625,467.05572509765625,3856600.0,0.0,1.0
2025-09-23,COST,943.5999755859376,938.12646484375,3258500.0,0.0,1.0
2025-09-23,CVX,157.4199981689453,151.4520721435547,7181400.0,0.0,1.0
2025-09-23,DIS,112.25,110.64779663085938,13145000.0,0.0,1.0
2025-09-23,GOOGL,251.66000366210935,251.00721740722656,26628000.0,0.0,1.0
2025-09-23,GS,806.3200073242188,790.7669677734375,1758800.0,0.0,1.0
2025-09-24,AAPL,252.30999755859375,251.38140869140625,42303700.0,0.0,1.0
2025-09-24,AMZN,220.2100067138672,220.2100067138672,49509000.0,0.0,1.0
2025-09-24,BA,215.1000061035156,215.1000061035156,7354800.0,0.0,1.0
2025-09-24,BAC,51.70000076293945,50.620967864990234,27010400.0,0.0,1.0
2025-09-24,CAT,469.7900085449219,465.598876953125,2776700.0,0.0,1.0
2025-09-24,COST,945.27001953125,939.7867431640624,2149800.0,0.0,1.0
2025-09-24,CVX,159.17999267578125,153.1453399658203,6285200.0,0.0,1.0
2025-09-24,DIS,113.43000030517578,111.81095886230467,8755200.0,0.0,1.0
2025-09-24,GOOGL,247.13999938964844,246.4989471435547,28201000.0,0.0,1.0
2025-09-24,GS,792.4299926757812,777.1448974609375,1402500.0,0.0,1.0
2025-09-25,AAPL,256.8699951171875,255.9246063232422,55202100.0,0.0,1.0
2025-09-25,AMZN,218.1499938964844,218.1499938964844,52226300.0,0.0,1.0
2025-09-25,BA,213.52999877929688,213.52999877929688,6649300.0,0.0,1.0
2025-09-25,BAC,51.849998474121094,50.76782989501953,22957900.0,0.0,1.0
2025-09-25,CAT,463.7200012207031,459.5830078125,2979200.0,0.0,1.0
2025-09-25,COST,943.3099975585938,937.8381958007812,2991500.0,0.0,1.0
2025-09-25,CVX,160.72000122070312,154.62696838378906,6311000.0,0.0,1.0
2025-09-25,DIS,112.98999786376952,111.37723541259766,6365500.0,0.0,1.0
2025-09-25,GOOGL,245.7899932861328,245.1524200439453,31020400.0,0.0,1.0
2025-09-25,GS,794.760009765625,779.429931640625,1413100.0,0.0,1.0
2025-09-26,AAPL,255.4600067138672,254.51980590820312,46076300.0,0.0,1.0
2025-09-26,AMZN,219.77999877929688,219.77999877929688,41650100.0,0.0,1.0
2025-09-26,BA,221.2599945068359,221.2599945068359,17281700.0,0.0,1.0
2025-09-26,BAC,52.209999084472656,51.120323181152344,20025800.0,0.0,1.0
2025-09-26,CAT,465.760009765625,461.6048583984375,2329000.0,0.0,1.0
2025-09-26,COST,915.9500122070312,910.6368408203124,4812900.0,0.0,1.0
2025-09-26,CVX,160.16000366210938,154.0882110595703,7015200.0,0.0,1.0
2025-09-26,DIS,113.47000122070312,111.8503875732422,6145700.0,0.0,1.0
2025-09-26,GOOGL,246.5399932861328,245.90049743652344,18503200.0,0.0,1.0
2025-09-26,GS,802.510009765625,787.0304565429688,1376200.0,0.0,1.0
2025-09-29,AAPL,254.42999267578125,253.4935760498047,40127700.0,0.0,1.0
2025-09-29,AMZN,222.1699981689453,222.1699981689453,44259200.0,0.0,1.0
2025-09-29,BA,217.0800018310547,217.0800018310547,11290600.0,0.0,1.0
2025-09-29,BAC,52.41999816894531,51.3259391784668,23701000.0,0.0,1.0
2025-09-29,CAT,471.6099853515625,467.4026184082031,2892100.0,0.0,1.0
2025-09-29,COST,916.8699951171876,911.551513671875,4107000.0,0.0,1.0
2025-09-29,CVX,156.10000610351562,150.18209838867188,8315100.0,0.0,1.0
2025-09-29,DIS,114.77999877929688,113.14168548583984,9304100.0,0.0,1.0
2025-09-29,GOOGL,244.0500030517578,243.4169464111328,32505800.0,0.0,1.0
2025-09-29,GS,804.1199951171875,788.609375,1059000.0,0.0,1.0
2025-09-30,AAPL,254.6300048828125,253.69287109375,37704300.0,0.0,1.0
2025-09-30,AMZN,219.57000732421875,219.57000732421875,48396400.0,0.0,1.0
2025-09-30,BA,215.8300018310547,215.8300018310547,9289300.0,0.0,1.0
2025-09-30,BAC,51.59000015258789,50.51326370239258,29945000.0,0.0,1.0
2025-09-30,CAT,477.1499938964844,472.8932189941406,2315300.0,0.0,1.0
2025-09-30,COST,925.6300048828124,920.2606811523438,3096700.0,0.0,1.0
2025-09-30,CVX,155.2899932861328,149.40280151367188,7755700.0,0.0,1.0
2025-09-30,DIS,114.5,112.86568450927734,9303700.0,0.0,1.0
2025-09-30,GOOGL,243.1000061035156,242.4694366455078,34724300.0,0.0,1.0
2025-09-30,GS,796.3499755859375,780.9891967773438,2463900.0,0.0,1.0
2025-10-01,AAPL,255.4499969482422,254.5098571777344,48713900.0,0.0,1.0
2025-10-01,AMZN,220.6300048828125,220.6300048828125,43933800.0,0.0,1.0
2025-10-01,BA,215.1999969482422,215.1999969482422,7178000.0,0.0,1.0
2025-10-01,BAC,50.68000030517578,49.622257232666016,27709100.0,0.0,1.0
2025-10-01,CAT,480.8200073242187,476.5304870605469,2964700.0,0.0,1.0
2025-10-01,COST,917.3400268554688,912.018798828125,2642100.0,0.0,1.0
2025-10-01,CVX,154.5800018310547,148.71974182128906,6768400.0,0.0,1.0
2025-10-01,DIS,112.9499969482422,111.33780670166016,9736300.0,0.0,1.0
2025-10-01,GOOGL,244.8999938964844,244.2647399902344,31658200.0,0.0,1.0
2025-10-01,GS,785.510009765625,770.3583374023438,1788900.0,0.0,1.0
2025-10-02,AAPL,257.1300048828125,256.1836242675781,42630200.0,0.0,1.0
2025-10-02,AMZN,222.41000366210935,222.41000366210935,41258600.0,0.0,1.0
2025-10-02,BA,217.42999267578125,217.42999267578125,8281100.0,0.0,1.0
2025-10-02,BAC,50.47999954223633,49.42642974853515,22757200.0,0.0,1.0
2025-10-02,CAT,490.5700073242187,486.1935119628906,2648600.0,0.0,1.0
2025-10-02,COST,916.77001953125,911.4520874023438,2063800.0,0.0,1.0
2025-10-02,CVX,153.3699951171875,147.55560302734375,7562400.0,0.0,1.0
2025-10-02,DIS,112.13999938964844,110.53937530517578,8695100.0,0.0,1.0
2025-10-02,GOOGL,245.69000244140625,245.05270385742188,25483300.0,0.0,1.0
2025-10-02,GS,779.3800048828125,764.3465576171875,1553700.0,0.0,1.0
2025-10-03,AAPL,258.0199890136719,257.07037353515625,49155600.0,0.0,1.0
2025-10-03,AMZN,219.5099945068359,219.5099945068359,43639000.0,0.0,1.0
2025-10-03,BA,216.3000030517578,216.3000030517578,6634100.0,0.0,1.0
2025-10-03,BAC,50.63999938964844,49.58309173583984,24565700.0,0.0,1.0
2025-10-03,CAT,497.8500061035156,493.4085388183594,2996500.0,0.0,1.0
2025-10-03,COST,915.3800048828124,910.0701293945312,2319200.0,0.0,1.0
2025-10-03,CVX,153.5500030517578,147.72877502441406,7249300.0,0.0,1.0
2025-10-03,DIS,112.47000122070312,110.86466217041016,7148400.0,0.0,1.0
2025-10-03,GOOGL,245.3500061035156,244.71359252929688,30249600.0,0.0,1.0
2025-10-03,GS,789.97998046875,774.7421264648438,1470500.0,0.0,1.0
2025-10-06,AAPL,256.69000244140625,255.7452850341797,44664100.0,0.0,1.0
2025-10-06,AMZN,220.8999938964844,220.8999938964844,43690900.0,0.0,1.0
2025-10-06,BA,219.72999572753903,219.72999572753903,7665300.0,0.0,1.0
2025-10-06,BAC,50.38999938964844,49.33831024169922,25386300.0,0.0,1.0
2025-10-06,CAT,495.3800048828125,490.9605712890625,2629200.0,0.0,1.0
2025-10-06,COST,910.9400024414062,905.6559448242188,2504000.0,0.0,1.0
2025-10-06,CVX,154.02000427246094,148.18096923828125,4778900.0,0.0,1.0
2025-10-06,DIS,112.75,111.14066314697266,6141200.0,0.0,1.0
2025-10-06,GOOGL,250.42999267578125,249.7803955078125,28894700.0,0.0,1.0
2025-10-06,GS,796.780029296875,781.4110107421875,1632600.0,0.0,1.0
2025-10-07,AAPL,256.4800109863281,255.53607177734375,31955800.0,0.0,1.0
2025-10-07,AMZN,221.77999877929688,221.77999877929688,31194700.0,0.0,1.0
2025-10-07,BA,221.82000732421875,221.82000732421875,7610600.0,0.0,1.0
2025-10-07,BAC,50.290000915527344,49.24039459228515,24107300.0,0.0,1.0
2025-10-07,CAT,486.7099914550781,482.367919921875,2135400.0,0.0,1.0
2025-10-07,COST,914.7999877929688,909.4935302734376,2601800.0,0.0,1.0
2025-10-07,CVX,154.91000366210938,149.0372314453125,5479600.0,0.0,1.0
2025-10-07,DIS,112.52999877929688,110.9238052368164,5409800.0,0.0,1.0
2025-10-07,GOOGL,245.7599945068359,245.1225128173828,23181300.0,0.0,1.0
2025-10-07,GS,789.6500244140625,774.4185791015625,1547200.0,0.0,1.0
2025-10-08,AAPL,258.05999755859375,257.1102294921875,36496900.0,0.0,1.0
2025-10-08,AMZN,225.22000122070312,225.22000122070312,46686000.0,0.0,1.0
2025-10-08,BA,225.32000732421875,225.32000732421875,6189700.0,0.0,1.0
2025-10-08,BAC,49.84000015258789,48.79978561401367,24014200.0,0.0,1.0
2025-10-08,CAT,502.1199951171875,497.6404418945313,3959400.0,0.0,1.0
2025-10-08,COST,914.7999877929688,909.4935302734376,2376900.0,0.0,1.0
2025-10-08,CVX,153.74000549316406,147.91159057617188,5678000.0,0.0,1.0
2025-10-08,DIS,111.88999938964844,110.29293823242188,7074400.0,0.0,1.0
2025-10-08,GOOGL,244.6199951171875,243.9854736328125,21307100.0,0.0,1.0
2025-10-08,GS,776.510009765625,761.531982421875,1939300.0,0.0,1.0
2025-10-09,AAPL,254.0399932861328,253.1050262451172,38322000.0,0.0,1.0
2025-10-09,AMZN,227.7400054931641,227.7400054931641,46412100.0,0.0,1.0
2025-10-09,BA,216.0,216.0,12974800.0,0.0,1.0
2025-10-09,BAC,49.790000915527344,48.750831604003906,21816900.0,0.0,1.0
2025-10-09,CAT,500.3599853515625,495.8961486816406,3113900.0,0.0,1.0
2025-10-09,COST,942.8900146484376,937.4205322265624,3742900.0,0.0,1.0
2025-10-09,CVX,151.63999938964844,145.89120483398438,6178600.0,0.0,1.0
2025-10-09,DIS,110.98999786376952,109.4057846069336,6502400.0,0.0,1.0
2025-10-09,GOOGL,241.52999877929688,240.9034881591797,27892100.0,0.0,1.0
2025-10-09,GS,779.9600219726562,764.9154052734375,1575000.0,0.0,1.0
2025-10-10,AAPL,245.27000427246097,244.3673095703125,61999100.0,0.0,1.0
2025-10-10,AMZN,216.3699951171875,216.3699951171875,72367500.0,0.0,1.0
2025-10-10,BA,210.72999572753903,210.72999572753903,10647900.0,0.0,1.0
2025-10-10,BAC,48.650001525878906,47.63462448120117,31831900.0,0.0,1.0
2025-10-10,CAT,491.2999877929687,486.9169616699219,3889100.0,0.0,1.0
2025-10-10,COST,930.010009765625,924.6152954101562,3142500.0,0.0,1.0
2025-10-10,CVX,148.89999389648438,143.2550506591797,7796600.0,0.0,1.0
2025-10-10,DIS,109.19000244140624,107.63147735595705,9635200.0,0.0,1.0
2025-10-10,GOOGL,236.57000732421875,235.95635986328125,33180300.0,0.0,1.0
2025-10-10,GS,764.3599853515625,749.6162719726562,2457900.0,0.0,1.0
2025-10-13,AAPL,247.66000366210935,246.74851989746097,38142900.0,0.0,1.0
2025-10-13,AMZN,220.07000732421875,220.07000732421875,37809700.0,0.0,1.0
2025-10-13,BA,215.55999755859375,215.55999755859375,5657300.0,0.0,1.0
2025-10-13,BAC,48.86000061035156,47.84024429321289,34462800.0,0.0,1.0
2025-10-13,CAT,504.760009765625,500.25689697265625,2618400.0,0.0,1.0
2025-10-13,COST,935.5599975585938,930.133056640625,2169600.0,0.0,1.0
2025-10-13,CVX,151.94000244140625,146.17982482910156,5978800.0,0.0,1.0
2025-10-13,DIS,110.2699966430664,108.69605255126952,7435100.0,0.0,1.0
2025-10-13,GOOGL,244.1499938964844,243.51670837402344,24995000.0,0.0,1.0
2025-10-13,GS,786.780029296875,771.6038818359375,2766000.0,0.0,1.0
2025-10-14,AAPL,247.77000427246097,246.8581085205078,35478000.0,0.0,1.0
2025-10-14,AMZN,216.38999938964844,216.38999938964844,45665600.0,0.0,1.0
2025-10-14,BA,214.3000030517578,214.3000030517578,5975700.0,0.0,1.0
2025-10-14,BAC,50.09000015258789,49.0445671081543,42462600.0,0.0,1.0
2025-10-14,CAT,527.469970703125,522.7642822265625,5459800.0,0.0,1.0
2025-10-14,COST,946.510009765625,941.0195922851562,1925900.0,0.0,1.0
2025-10-14,CVX,152.38999938964844,146.61277770996094,6419400.0,0.0,1.0
2025-10-14,DIS,111.16999816894533,109.58321380615234,7898000.0,0.0,1.0
2025-10-14,GOOGL,245.4499969482422,244.81332397460935,22111600.0,0.0,1.0
2025-10-14,GS,770.760009765625,755.8928833007812,4710800.0,0.0,1.0
2025-10-15,AAPL,249.33999633789065,248.42233276367188,33893600.0,0.0,1.0
2025-10-15,AMZN,215.57000732421875,215.57000732421875,45909500.0,0.0,1.0
2025-10-15,BA,214.0,214.0,5055600.0,0.0,1.0
2025-10-15,BAC,52.279998779296875,51.18886184692383,69992200.0,0.0,1.0
2025-10-15,CAT,534.0499877929688,529.2855834960938,3447100.0,0.0,1.0
2025-10-15,COST,954.989990234375,949.4503173828124,2009800.0,0.0,1.0
2025-10-15,CVX,152.11000061035156,146.34336853027344,5824900.0,0.0,1.0
2025-10-15,DIS,111.70999908447266,110.1155014038086,7012600.0,0.0,1.0
2025-10-15,GOOGL,251.02999877929688,250.3788604736328,27007700.0,0.0,1.0
2025-10-15,GS,767.9299926757812,753.1174926757812,3217400.0,0.0,1.0
2025-10-16,AAPL,247.4499969482422,246.5392913818359,39777000.0,0.0,1.0
2025-10-16,AMZN,214.47000122070312,214.47000122070312,42414600.0,0.0,1.0
2025-10-16,BA,211.88999938964844,211.88999938964844,5555200.0,0.0,1.0
2025-10-16,BAC,50.439998626708984,49.387264251708984,49027700.0,0.0,1.0
2025-10-16,CAT,540.9600219726562,536.134033203125,3463100.0,0.0,1.0
2025-10-16,COST,925.6199951171876,920.250732421875,2721400.0,0.0,1.0
2025-10-16,CVX,151.7100067138672,145.9585418701172,5276800.0,0.0,1.0
2025-10-16,DIS,109.87999725341795,108.3116226196289,7531200.0,0.0,1.0
2025-10-16,GOOGL,251.4600067138672,250.8077392578125,27997200.0,0.0,1.0
2025-10-16,GS,758.0900268554688,743.46728515625,3160900.0,0.0,1.0
2025-10-17,AAPL,252.2899932861328,251.36146545410156,49147000.0,0.0,1.0
2025-10-17,AMZN,213.0399932861328,213.0399932861328,45986900.0,0.0,1.0
2025-10-17,BA,212.94000244140625,212.94000244140625,6482700.0,0.0,1.0
2025-10-17,BAC,51.279998779296875,50.20973587036133,48915400.0,0.0,1.0
2025-10-17,CAT,527.0800170898438,522.3778076171875,2814700.0,0.0,1.0
2025-10-17,COST,936.3300170898438,930.8985595703124,2502200.0,0.0,1.0
2025-10-17,CVX,153.0800018310547,147.276611328125,7735500.0,0.0,1.0
2025-10-17,DIS,110.66999816894533,109.0903549194336,10090500.0,0.0,1.0
2025-10-17,GOOGL,253.3000030517578,252.64295959472656,29671600.0,0.0,1.0
2025-10-17,GS,750.77001953125,736.2885131835938,2884700.0,0.0,1.0
2025-10-20,AAPL,262.239990234375,261.27484130859375,90483000.0,0.0,1.0
2025-10-20,AMZN,216.47999572753903,216.47999572753903,38882800.0,0.0,1.0
2025-10-20,BA,216.82000732421875,216.82000732421875,5865100.0,0.0,1.0
2025-10-20,BAC,52.040000915527344,50.95387268066406,25786000.0,0.0,1.0
2025-10-20,CAT,531.1799926757812,527.95361328125,2170800.0,1.51,1.0
2025-10-20,COST,936.1099853515624,930.6798706054688,1523700.0,0.0,1.0
2025-10-20,CVX,154.47999572753906,148.62351989746094,5676500.0,0.0,1.0
2025-10-20,DIS,111.95999908447266,110.3619384765625,8047500.0,0.0,1.0
2025-10-20,GOOGL,256.54998779296875,255.8845367431641,22350200.0,0.0,1.0
2025-10-20,GS,763.3200073242188,748.5963134765625,1925400.0,0.0,1.0
2025-10-21,AAPL,262.7699890136719,261.80291748046875,46695900.0,0.0,1.0
2025-10-21,AMZN,222.02999877929688,222.02999877929688,50494600.0,0.0,1.0
2025-10-21,BA,217.2599945068359,217.2599945068359,4209500.0,0.0,1.0
2025-10-21,BAC,51.52000045776367,50.44472122192383,27303400.0,0.0,1.0
2025-10-21,CAT,524.6500244140625,521.46337890625,2259100.0,0.0,1.0
2025-10-21,COST,937.5,932.0618286132812,1448200.0,0.0,1.0
2025-10-21,CVX,153.7899932861328,147.9596710205078,6304900.0,0.0,1.0
2025-10-21,DIS,114.3000030517578,112.66854095458984,8163200.0,0.0,1.0
2025-10-21,GOOGL,250.4600067138672,249.81033325195312,47312100.0,0.0,1.0
2025-10-21,GS,758.97998046875,744.3400268554688,1782200.0,0.0,1.0
2025-10-22,AAPL,258.45001220703125,257.49884033203125,45015300.0,0.0,1.0
2025-10-22,AMZN,217.9499969482422,217.9499969482422,44308500.0,0.0,1.0
2025-10-22,BA,216.58999633789065,216.58999633789065,6310300.0,0.0,1.0
2025-10-22,BAC,51.099998474121094,50.03348922729492,34955000.0,0.0,1.0
2025-10-22,CAT,513.9099731445312,510.78857421875,4149000.0,0.0,1.0
2025-10-22,COST,944.6799926757812,939.2001953125,2372400.0,0.0,1.0
2025-10-22,CVX,155.57000732421875,149.67222595214844,6036700.0,0.0,1.0
2025-10-22,DIS,113.08000183105467,111.46595764160156,7569200.0,0.0,1.0
2025-10-22,GOOGL,251.69000244140625,251.03713989257812,35029400.0,0.0,1.0
2025-10-22,GS,744.5999755859375,730.2373657226562,2141400.0,0.0,1.0
2025-10-23,AAPL,259.5799865722656,258.6246337890625,32754900.0,0.0,1.0
2025-10-23,AMZN,221.08999633789065,221.08999633789065,31540000.0,0.0,1.0
2025-10-23,BA,217.77000427246097,217.77000427246097,5356200.0,0.0,1.0
2025-10-23,BAC,51.7599983215332,50.679710388183594,26028800.0,0.0,1.0
2025-10-23,CAT,520.5,517.3385620117188,2619400.0,0.0,1.0
2025-10-23,COST,942.0499877929688,936.58544921875,1974800.0,0.0,1.0
2025-10-23,CVX,156.55999755859375,150.62466430664062,9810900.0,0.0,1.0
2025-10-23,DIS,113.02999877929688,111.41667175292967,6945400.0,0.0,1.0
2025-10-23,GOOGL,253.0800018310547,252.4235382080078,19901400.0,0.0,1.0
2025-10-23,GS,750.780029296875,736.2982788085938,1615400.0,0.0,1.0
2025-10-24,AAPL,262.82000732421875,261.85272216796875,38253700.0,0.0,1.0
2025-10-24,AMZN,224.2100067138672,224.2100067138672,38685100.0,0.0,1.0
2025-10-24,BA,221.3500061035156,221.3500061035156,5238100.0,0.0,1.0
2025-10-24,BAC,52.56999969482422,51.472808837890625,38923900.0,0.0,1.0
2025-10-24,CAT,522.72998046875,519.5550537109375,2392000.0,0.0,1.0
2025-10-24,COST,932.1400146484376,926.7329711914062,1639400.0,0.0,1.0
2025-10-24,CVX,155.55999755859375,149.66259765625,4979900.0,0.0,1.0
2025-10-24,DIS,111.68000030517578,110.0859375,6235200.0,0.0,1.0
2025-10-24,GOOGL,259.9200134277344,259.245849609375,28655100.0,0.0,1.0
2025-10-24,GS,783.8800048828125,768.7598266601562,2505600.0,0.0,1.0
2025-10-27,AAPL,268.80999755859375,267.8207092285156,44888200.0,0.0,1.0
2025-10-27,AMZN,226.97000122070312,226.97000122070312,38267000.0,0.0,1.0
2025-10-27,BA,223.0,223.0,6084300.0,0.0,1.0
2025-10-27,BAC,53.02000045776367,51.91341781616211,27345800.0,0.0,1.0
2025-10-27,CAT,527.0700073242188,523.86865234375,2493800.0,0.0,1.0
2025-10-27,COST,929.8499755859376,924.4562377929688,1967600.0,0.0,1.0
2025-10-27,CVX,155.27999877929688,149.39320373535156,4884400.0,0.0,1.0
2025-10-27,DIS,112.33999633789062,110.73651123046876,6029600.0,0.0,1.0
2025-10-27,GOOGL,269.2699890136719,268.5715026855469,35235200.0,0.0,1.0
2025-10-27,GS,789.989990234375,774.7518920898438,1645300.0,0.0,1.0
2025-10-28,AAPL,269.0,268.010009765625,41534800.0,0.0,1.0
2025-10-28,AMZN,229.25,229.25,47100000.0,0.0,1.0
2025-10-28,BA,223.3300018310547,223.3300018310547,7027200.0,0.0,1.0
2025-10-28,BAC,52.869998931884766,51.766544342041016,29575200.0,0.0,1.0
2025-10-28,CAT,524.469970703125,521.284423828125,2775400.0,0.0,1.0
2025-10-28,COST,924.1599731445312,918.7991333007812,2090800.0,0.0,1.0
2025-10-28,CVX,154.1300048828125,148.28680419921875,5066500.0,0.0,1.0
2025-10-28,DIS,111.6500015258789,110.05636596679688,6839400.0,0.0,1.0
2025-10-28,GOOGL,267.4700012207031,266.7762145996094,29738600.0,0.0,1.0
2025-10-28,GS,792.0900268554688,776.8114624023438,1242000.0,0.0,1.0
2025-10-29,AAPL,269.70001220703125,268.7073974609375,51086700.0,0.0,1.0
2025-10-29,AMZN,230.3000030517578,230.3000030517578,52036200.0,0.0,1.0
2025-10-29,BA,213.5800018310547,213.5800018310547,20940100.0,0.0,1.0
2025-10-29,BAC,52.58000183105469,51.48260116577149,29158800.0,0.0,1.0
2025-10-29,CAT,585.489990234375,581.933837890625,6948500.0,0.0,1.0
2025-10-29,COST,912.4199829101562,907.1272583007812,2449600.0,0.0,1.0
2025-10-29,CVX,155.10000610351562,149.22003173828125,7344400.0,0.0,1.0
2025-10-29,DIS,110.23999786376952,108.6664810180664,7097100.0,0.0,1.0
2025-10-29,GOOGL,274.57000732421875,273.8578186035156,43580300.0,0.0,1.0
2025-10-29,GS,783.0599975585938,767.95556640625,2251500.0,0.0,1.0
2025-10-30,AAPL,271.3999938964844,270.4011535644531,69886500.0,0.0,1.0
2025-10-30,AMZN,222.86000061035156,222.86000061035156,102252900.0,0.0,1.0
2025-10-30,BA,200.0800018310547,200.0800018310547,19417000.0,0.0,1.0
2025-10-30,BAC,53.029998779296875,51.92320251464844,37548600.0,0.0,1.0
2025-10-30,CAT,583.1500244140625,579.6080322265625,2574800.0,0.0,1.0
2025-10-30,COST,920.1799926757812,914.8423461914062,2677100.0,0.0,1.0
2025-10-30,CVX,153.52000427246094,147.69992065429688,8971200.0,0.0,1.0
2025-10-30,DIS,111.83999633789062,110.24365234375,8311300.0,0.0,1.0
2025-10-30,GOOGL,281.4800109863281,280.7499084472656,74876000.0,0.0,1.0
2025-10-30,GS,790.1599731445312,774.9186401367188,1829500.0,0.0,1.0
2025-10-31,AAPL,270.3699951171875,269.37493896484375,86167100.0,0.0,1.0
2025-10-31,AMZN,244.22000122070312,244.22000122070312,166340800.0,0.0,1.0
2025-10-31,BA,201.02000427246097,201.02000427246097,10696600.0,0.0,1.0
2025-10-31,BAC,53.45000076293945,52.334442138671875,39295700.0,0.0,1.0
2025-10-31,CAT,577.260009765625,573.7537841796875,2974800.0,0.0,1.0
2025-10-31,COST,911.4500122070312,907.4450073242188,2456300.0,1.3,1.0
2025-10-31,CVX,157.72000122070312,151.74070739746094,11136100.0,0.0,1.0
2025-10-31,DIS,112.62000274658205,111.01251983642578,8700600.0,0.0,1.0
2025-10-31,GOOGL,281.19000244140625,280.46063232421875,39267900.0,0.0,1.0
2025-10-31,GS,789.3699951171875,774.1439208984375,1328100.0,0.0,1.0
2025-11-03,AAPL,269.04998779296875,268.05975341796875,50194600.0,0.0,1.0
2025-11-03,AMZN,254.0,254.0,95997800.0,0.0,1.0
2025-11-03,BA,204.5500030517578,204.5500030517578,8103900.0,0.0,1.0
2025-11-03,BAC,53.560001373291016,52.44214630126953,31252300.0,0.0,1.0
2025-11-03,CAT,570.5900268554688,567.1243286132812,2439400.0,0.0,1.0
2025-11-03,COST,928.0399780273438,923.9620361328124,3206600.0,0.0,1.0
2025-11-03,CVX,154.0399932861328,148.2001953125,8512200.0,0.0,1.0
2025-11-03,DIS,112.12000274658205,110.51966094970705,8542300.0,0.0,1.0
2025-11-03,GOOGL,283.7200012207031,282.98406982421875,29786000.0,0.0,1.0
2025-11-03,GS,785.52001953125,770.3681030273438,1569100.0,0.0,1.0
2025-11-04,AAPL,270.0400085449219,269.0461730957031,49274800.0,0.0,1.0
2025-11-04,AMZN,249.32000732421875,249.32000732421875,51546300.0,0.0,1.0
2025-11-04,BA,198.0500030517578,198.0500030517578,8619600.0,0.0,1.0
2025-11-04,BAC,53.540000915527344,52.42256546020508,47226600.0,0.0,1.0
2025-11-04,CAT,547.5800170898438,544.2540893554688,3440700.0,0.0,1.0
2025-11-04,COST,940.739990234375,936.6062622070312,2554500.0,0.0,1.0
2025-11-04,CVX,153.38999938964844,147.57485961914062,6976800.0,0.0,1.0
2025-11-04,DIS,111.47000122070312,109.8789291381836,7950100.0,0.0,1.0
2025-11-04,GOOGL,277.5400085449219,276.82012939453125,30078400.0,0.0,1.0
2025-11-04,GS,790.8300170898438,775.5757446289062,2046000.0,0.0,1.0
2025-11-05,AAPL,270.1400146484375,269.14581298828125,43683100.0,0.0,1.0
2025-11-05,AMZN,250.1999969482422,250.1999969482422,40610700.0,0.0,1.0
2025-11-05,BA,197.6199951171875,197.6199951171875,9885700.0,0.0,1.0
2025-11-05,BAC,52.45000076293945,51.35531234741211,54353600.0,0.0,1.0
2025-11-05,CAT,569.1500244140625,565.6930541992188,2701300.0,0.0,1.0
2025-11-05,COST,935.030029296875,930.9213256835938,2974800.0,0.0,1.0
2025-11-05,CVX,152.66000366210938,146.87252807617188,5894700.0,0.0,1.0
2025-11-05,DIS,111.36000061035156,109.77050018310548,5746000.0,0.0,1.0
2025-11-05,GOOGL,284.30999755859375,283.572509765625,31010300.0,0.0,1.0
2025-11-05,GS,793.0900268554688,777.7921142578125,1832700.0,0.0,1.0
2025-11-06,AAPL,269.7699890136719,268.7771301269531,51204000.0,0.0,1.0
2025-11-06,AMZN,243.0399932861328,243.0399932861328,46004200.0,0.0,1.0
2025-11-06,BA,196.5,196.5,7740500.0,0.0,1.0
2025-11-06,BAC,53.290000915527344,52.17778015136719,55296000.0,0.0,1.0
2025-11-06,CAT,569.780029296875,566.3192749023438,2245800.0,0.0,1.0
2025-11-06,COST,923.5800170898438,919.5216674804688,3247700.0,0.0,1.0
2025-11-06,CVX,152.94000244140625,147.1419219970703,6466300.0,0.0,1.0
2025-11-06,DIS,110.48999786376952,108.91291809082033,10291800.0,0.0,1.0
2025-11-06,GOOGL,284.75,284.01141357421875,37173600.0,0.0,1.0
2025-11-06,GS,787.5800170898438,772.3883666992188,1572500.0,0.0,1.0
2025-11-07,AAPL,268.4700012207031,267.4819030761719,48227400.0,0.0,1.0
2025-11-07,AMZN,244.41000366210935,244.41000366210935,46374300.0,0.0,1.0
2025-11-07,BA,194.61000061035156,194.61000061035156,7869500.0,0.0,1.0
2025-11-07,BAC,53.20000076293945,52.08966064453125,40537700.0,0.0,1.0
2025-11-07,CAT,563.0999755859375,559.6798095703125,2320100.0,0.0,1.0
2025-11-07,COST,922.739990234375,918.685302734375,2584000.0,0.0,1.0
2025-11-07,CVX,155.02000427246094,149.14306640625,9835900.0,0.0,1.0
2025-11-07,DIS,110.73999786376952,109.15934753417967,8782100.0,0.0,1.0
2025-11-07,GOOGL,278.8299865722656,278.106689453125,34479600.0,0.0,1.0
2025-11-07,GS,786.3400268554688,771.1724243164062,2098400.0,0.0,1.0
2025-11-10,AAPL,269.42999267578125,268.6986083984375,41312400.0,0.26,1.0
2025-11-10,AMZN,248.3999938964844,248.3999938964844,36476500.0,0.0,1.0
2025-11-10,BA,194.80999755859375,194.80999755859375,7447400.0,0.0,1.0
2025-11-10,BAC,53.41999816894531,52.30506896972656,26094600.0,0.0,1.0
2025-11-10,CAT,570.8499755859375,567.3826904296875,1829900.0,0.0,1.0
2025-11-10,COST,915.5599975585938,911.536865234375,2612700.0,0.0,1.0
2025-11-10,CVX,155.64999389648438,149.74916076660156,8436800.0,0.0,1.0
2025-11-10,DIS,112.23999786376952,110.637939453125,9158700.0,0.0,1.0
2025-11-10,GOOGL,290.1000061035156,289.3475036621094,29557300.0,0.0,1.0
2025-11-10,GS,797.2000122070312,781.8228759765625,1698200.0,0.0,1.0
2025-11-11,AAPL,275.25,274.5028076171875,46208300.0,0.0,1.0
2025-11-11,AMZN,249.1000061035156,249.1000061035156,23564100.0,0.0,1.0
2025-11-11,BA,195.2100067138672,195.2100067138672,5783400.0,0.0,1.0
2025-11-11,BAC,53.630001068115234,52.510684967041016,22244300.0,0.0,1.0
2025-11-11,CAT,567.9299926757812,564.48046875,1517400.0,0.0,1.0
2025-11-11,COST,913.8599853515624,909.8443603515624,1663400.0,0.0,1.0
2025-11-11,CVX,156.24000549316406,150.3168182373047,6361400.0,0.0,1.0
2025-11-11,DIS,114.8499984741211,113.210693359375,9713300.0,0.0,1.0
2025-11-11,GOOGL,291.30999755859375,290.5543518066406,19842100.0,0.0,1.0
2025-11-11,GS,810.3099975585938,794.679931640625,1521500.0,0.0,1.0
2025-11-12,AAPL,273.4700012207031,272.7276306152344,48398000.0,0.0,1.0
2025-11-12,AMZN,244.1999969482422,244.1999969482422,31190100.0,0.0,1.0
2025-11-12,BA,195.5,195.5,8288300.0,0.0,1.0
2025-11-12,BAC,54.11000061035156,52.98067092895508,40536700.0,0.0,1.0
2025-11-12,CAT,573.02001953125,569.53955078125,2645100.0,0.0,1.0
2025-11-12,COST,914.0,909.9837036132812,1829700.0,0.0,1.0
2025-11-12,CVX,153.32000732421875,147.50750732421875,11670900.0,0.0,1.0
2025-11-12,DIS,116.6500015258789,114.98499298095705,15248700.0,0.0,1.0
2025-11-12,GOOGL,286.7099914550781,285.9662780761719,24829900.0,0.0,1.0
2025-11-12,GS,838.969970703125,822.787109375,2954100.0,0.0,1.0
2025-11-13,AAPL,272.95001220703125,272.2090759277344,49602800.0,0.0,1.0
2025-11-13,AMZN,237.5800018310547,237.5800018310547,41401700.0,0.0,1.0
2025-11-13,BA,194.5800018310547,194.5800018310547,6739300.0,0.0,1.0
2025-11-13,BAC,52.869998931884766,51.766544342041016,37716100.0,0.0,1.0
2025-11-13,CAT,553.5499877929688,550.1878051757812,3458700.0,0.0,1.0
2025-11-13,COST,925.0800170898438,921.0150756835938,2430600.0,0.0,1.0
2025-11-13,CVX,155.5800018310547,149.68182373046875,7998700.0,0.0,1.0
2025-11-13,DIS,107.61000061035156,106.07403564453124,44045400.0,0.0,1.0
2025-11-13,GOOGL,278.57000732421875,277.847412109375,29494000.0,0.0,1.0
2025-11-13,GS,805.5,789.9627685546875,2557400.0,0.0,1.0
2025-11-14,AAPL,272.4100036621094,271.6705017089844,47431300.0,0.0,1.0
2025-11-14,AMZN,234.69000244140625,234.69000244140625,38956700.0,0.0,1.0
2025-11-14,BA,194.52000427246097,194.52000427246097,6189800.0,0.0,1.0
2025-11-14,BAC,52.61000061035156,51.5119743347168,32363100.0,0.0,1.0
2025-11-14,CAT,554.030029296875,550.6649780273438,2764500.0,0.0,1.0
2025-11-14,COST,922.97998046875,918.9242553710938,1739100.0,0.0,1.0
2025-11-14,CVX,157.6199951171875,151.6444854736328,8484800.0,0.0,1.0
2025-11-14,DIS,105.8000030517578,104.28987121582033,16691400.0,0.0,1.0
2025-11-14,GOOGL,276.4100036621094,275.6930236816406,31647200.0,0.0,1.0
2025-11-14,GS,790.9099731445312,775.6541748046875,2552000.0,0.0,1.0
2025-11-17,AAPL,267.4599914550781,266.73394775390625,45018300.0,0.0,1.0
2025-11-17,AMZN,232.8699951171875,232.8699951171875,59919000.0,0.0,1.0
2025-11-17,BA,191.80999755859375,191.80999755859375,5877800.0,0.0,1.0
2025-11-17,BAC,51.47999954223633,50.40556335449219,35546800.0,0.0,1.0
2025-11-17,CAT,552.0499877929688,548.6968994140625,1941100.0,0.0,1.0
2025-11-17,COST,912.5900268554688,908.5799560546876,2481900.0,0.0,1.0
2025-11-17,CVX,154.82000732421875,148.95065307617188,8745000.0,0.0,1.0
2025-11-17,DIS,105.69000244140624,104.18143463134766,12296400.0,0.0,1.0
2025-11-17,GOOGL,285.0199890136719,284.2806396484375,52670200.0,0.0,1.0
2025-11-17,GS,775.5599975585938,760.6002807617188,1850600.0,0.0,1.0
2025-11-18,AAPL,267.44000244140625,266.71405029296875,45677300.0,0.0,1.0
2025-11-18,AMZN,222.5500030517578,222.5500030517578,60608400.0,0.0,1.0
2025-11-18,BA,189.6300048828125,189.6300048828125,8195800.0,0.0,1.0
2025-11-18,BAC,51.63999938964844,50.562217712402344,35189500.0,0.0,1.0
2025-11-18,CAT,546.8800048828125,543.558349609375,1918600.0,0.0,1.0
2025-11-18,COST,895.0800170898438,891.1468505859375,2984700.0,0.0,1.0
2025-11-18,CVX,153.6199951171875,149.44679260253906,10813400.0,1.71,1.0
2025-11-18,DIS,106.27999877929688,104.76300811767578,11796200.0,0.0,1.0
2025-11-18,GOOGL,284.2799987792969,283.5426025390625,49158700.0,0.0,1.0
2025-11-18,GS,776.2999877929688,761.3259887695312,1673500.0,0.0,1.0
2025-11-19,AAPL,268.55999755859375,267.8309631347656,40424500.0,0.0,1.0
2025-11-19,AMZN,222.69000244140625,222.69000244140625,58335600.0,0.0,1.0
2025-11-19,BA,185.6999969482422,185.6999969482422,12550400.0,0.0,1.0
2025-11-19,BAC,52.02000045776367,50.93429183959961,28112300.0,0.0,1.0
2025-11-19,CAT,553.1099853515625,549.75048828125,1880900.0,0.0,1.0
2025-11-19,COST,890.5999755859375,886.6865234375,3462300.0,0.0,1.0
2025-11-19,CVX,151.6999969482422,147.57894897460938,7539900.0,0.0,1.0
2025-11-19,DIS,104.66999816894533,103.17599487304688,12790000.0,0.0,1.0
2025-11-19,GOOGL,292.80999755859375,292.05047607421875,68198900.0,0.0,1.0
2025-11-19,GS,785.989990234375,770.8291015625,1521100.0,0.0,1.0
2025-11-20,AAPL,266.25,265.5272521972656,45823600.0,0.0,1.0
2025-11-20,AMZN,217.13999938964844,217.13999938964844,50309000.0,0.0,1.0
2025-11-20,BA,179.3800048828125,179.3800048828125,13706400.0,0.0,1.0
2025-11-20,BAC,51.0,49.93557357788086,36661600.0,0.0,1.0
2025-11-20,CAT,546.1300048828125,542.8129272460938,3195000.0,0.0,1.0
2025-11-20,COST,893.2899780273438,889.3646850585938,2648300.0,0.0,1.0
2025-11-20,CVX,150.30999755859375,146.2266845703125,7623400.0,0.0,1.0
2025-11-20,DIS,102.6999969482422,101.2341079711914,12609900.0,0.0,1.0
2025-11-20,GOOGL,289.45001220703125,288.6991882324219,62025200.0,0.0,1.0
2025-11-20,GS,773.7000122070312,758.7761840820312,2599000.0,0.0,1.0
2025-11-21,AAPL,271.489990234375,270.75299072265625,59030800.0,0.0,1.0
2025-11-21,AMZN,220.69000244140625,220.69000244140625,68490500.0,0.0,1.0
2025-11-21,BA,179.6999969482422,179.6999969482422,10134000.0,0.0,1.0
2025-11-21,BAC,51.560001373291016,50.48388671875,43867200.0,0.0,1.0
2025-11-21,CAT,550.4299926757812,547.0867919921875,2921600.0,0.0,1.0
2025-11-21,COST,899.010009765625,895.0596313476562,2870100.0,0.0,1.0
2025-11-21,CVX,149.97999572753906,145.90567016601562,9248400.0,0.0,1.0
2025-11-21,DIS,104.27999877929688,102.79155731201172,10785400.0,0.0,1.0
2025-11-21,GOOGL,299.6600036621094,298.8826904296875,74137700.0,0.0,1.0
2025-11-21,GS,774.030029296875,759.0997924804688,2284700.0,0.0,1.0
2025-11-24,AAPL,275.9200134277344,275.1710205078125,65585800.0,0.0,1.0
2025-11-24,AMZN,226.27999877929688,226.27999877929688,54318400.0,0.0,1.0
2025-11-24,BA,179.1199951171875,179.1199951171875,9386000.0,0.0,1.0
2025-11-24,BAC,51.93000030517578,50.84616470336914,52852100.0,0.0,1.0
2025-11-24,CAT,559.5999755859375,556.2011108398438,4653500.0,0.0,1.0
2025-11-24,COST,886.1199951171875,882.2261962890625,3661200.0,0.0,1.0
2025-11-24,CVX,149.75,145.68191528320312,14181100.0,0.0,1.0
2025-11-24,DIS,101.94000244140624,100.4849624633789,15024800.0,0.0,1.0
2025-11-24,GOOGL,318.5799865722656,317.75360107421875,85165100.0,0.0,1.0
2025-11-24,GS,790.7100219726562,775.4580688476562,2319500.0,0.0,1.0
2025-11-25,AAPL,276.9700012207031,276.2181701660156,46914200.0,0.0,1.0
2025-11-25,AMZN,229.6699981689453,229.6699981689453,39379300.0,0.0,1.0
2025-11-25,BA,182.44000244140625,182.44000244140625,9676200.0,0.0,1.0
2025-11-25,BAC,52.47999954223633,51.38468933105469,41310100.0,0.0,1.0
2025-11-25,CAT,566.6099853515625,563.16845703125,3105100.0,0.0,1.0
2025-11-25,COST,894.3300170898438,890.400146484375,2534700.0,0.0,1.0
2025-11-25,CVX,148.52999877929688,144.49505615234375,11447900.0,0.0,1.0
2025-11-25,DIS,103.30999755859376,101.83539581298828,10574500.0,0.0,1.0
2025-11-25,GOOGL,323.44000244140625,322.60101318359375,88632100.0,0.0,1.0
2025-11-25,GS,802.3200073242188,786.8441162109375,2252900.0,0.0,1.0
2025-11-26,AAPL,277.54998779296875,276.79656982421875,33431400.0,0.0,1.0
2025-11-26,AMZN,229.16000366210935,229.16000366210935,38497900.0,0.0,1.0
2025-11-26,BA,186.9199981689453,186.9199981689453,7644500.0,0.0,1.0
2025-11-26,BAC,52.9900016784668,51.8840446472168,32045600.0,0.0,1.0
2025-11-26,CAT,573.72998046875,570.2452392578125,1995100.0,0.0,1.0
2025-11-26,COST,908.260009765625,904.2689819335938,1936200.0,0.0,1.0
2025-11-26,CVX,149.50999450683594,145.4484405517578,7578900.0,0.0,1.0
2025-11-26,DIS,103.43000030517578,101.95369720458984,10130200.0,0.0,1.0
2025-11-26,GOOGL,319.95001220703125,319.1201171875,51373400.0,0.0,1.0
2025-11-26,GS,816.010009765625,800.2700805664062,1862500.0,0.0,1.0
2025-11-28,AAPL,278.8500061035156,278.0930480957031,20135600.0,0.0,1.0
2025-11-28,AMZN,233.22000122070312,233.22000122070312,20292300.0,0.0,1.0
2025-11-28,BA,189.0,189.0,3757000.0,0.0,1.0
2025-11-28,BAC,53.650001525878906,52.530269622802734,18920800.0,0.0,1.0
2025-11-28,CAT,575.760009765625,572.2630004882812,1019500.0,0.0,1.0
2025-11-28,COST,913.5900268554688,909.5755615234376,1092600.0,0.0,1.0
2025-11-28,CVX,151.1300048828125,147.02444458007812,3848600.0,0.0,1.0
2025-11-28,DIS,104.47000122070312,102.97884368896484,6525500.0,0.0,1.0
2025-11-28,GOOGL,320.17999267578125,319.3494873046875,26018600.0,0.0,1.0
2025-11-28,GS,826.0399780273438,810.1065673828125,868300.0,0.0,1.0
2025-12-01,AAPL,283.1000061035156,282.3315124511719,46587700.0,0.0,1.0
2025-12-01,AMZN,233.8800048828125,233.8800048828125,42904000.0,0.0,1.0
2025-12-01,BA,186.4600067138672,186.4600067138672,6763700.0,0.0,1.0
2025-12-01,BAC,53.2400016784668,52.12882995605469,30536500.0,0.0,1.0
2025-12-01,CAT,568.0599975585938,564.6096801757812,1764500.0,0.0,1.0
2025-12-01,COST,911.9600219726562,907.9526977539062,2149400.0,0.0,1.0
2025-12-01,CVX,152.5399932861328,148.39610290527344,8209000.0,0.0,1.0
2025-12-01,DIS,106.7699966430664,105.24601745605467,12628900.0,0.0,1.0
2025-12-01,GOOGL,314.8900146484375,314.0732116699219,41183000.0,0.0,1.0
2025-12-01,GS,810.8599853515625,795.2193603515625,2133200.0,0.0,1.0
2025-12-02,AAPL,286.19000244140625,285.4131164550781,53669500.0,0.0,1.0
2025-12-02,AMZN,234.4199981689453,234.4199981689453,45785400.0,0.0,1.0
2025-12-02,BA,205.3800048828125,205.3800048828125,22624000.0,0.0,1.0
2025-12-02,BAC,53.189998626708984,52.07986831665039,46073500.0,0.0,1.0
2025-12-02,CAT,582.469970703125,578.93212890625,2749500.0,0.0,1.0
2025-12-02,COST,922.030029296875,917.978515625,2160600.0,0.0,1.0
2025-12-02,CVX,150.25,146.1683349609375,9196300.0,0.0,1.0
2025-12-02,DIS,104.83000183105467,103.33370971679688,8548200.0,0.0,1.0
2025-12-02,GOOGL,315.80999755859375,314.9908142089844,35854700.0,0.0,1.0
2025-12-02,GS,815.2100219726562,803.448974609375,2254200.0,4.0,1.0
2025-12-03,AAPL,284.1499938964844,283.378662109375,43538700.0,0.0,1.0
2025-12-03,AMZN,232.3800048828125,232.3800048828125,35495100.0,0.0,1.0
2025-12-03,BA,202.5399932861328,202.5399932861328,14139900.0,0.0,1.0
2025-12-03,BAC,54.09000015258789,52.961082458496094,37134400.0,0.0,1.0
2025-12-03,CAT,591.489990234375,587.8973388671875,2545700.0,0.0,1.0
2025-12-03,COST,922.260009765625,918.2074584960938,1886800.0,0.0,1.0
2025-12-03,CVX,151.58999633789062,147.47193908691406,8060200.0,0.0,1.0
2025-12-03,DIS,105.73999786376952,104.230712890625,10177800.0,0.0,1.0
2025-12-03,GOOGL,319.6300048828125,318.8009033203125,41838300.0,0.0,1.0
2025-12-03,GS,836.5700073242188,824.5007934570312,2347900.0,0.0,1.0
2025-12-04,AAPL,280.70001220703125,279.9380187988281,43989100.0,0.0,1.0
2025-12-04,AMZN,229.11000061035156,229.11000061035156,45683200.0,0.0,1.0
2025-12-04,BA,201.8699951171875,201.8699951171875,9513300.0,0.0,1.0
2025-12-04,BAC,54.15999984741211,53.02962493896485,38529600.0,0.0,1.0
2025-12-04,CAT,599.1500244140625,595.5108642578125,2313600.0,0.0,1.0
2025-12-04,COST,895.8599853515625,891.9234008789062,3787800.0,0.0,1.0
2025-12-04,CVX,152.25999450683594,148.1237335205078,7254700.0,0.0,1.0
2025-12-04,DIS,105.47000122070312,103.9645767211914,11471400.0,0.0,1.0
2025-12-04,GOOGL,317.6199951171875,316.796142578125,31240900.0,0.0,1.0
2025-12-04,GS,837.8300170898438,825.7426147460938,1670800.0,0.0,1.0
2025-12-05,AAPL,278.7799987792969,278.02325439453125,47265800.0,0.0,1.0
2025-12-05,AMZN,229.52999877929688,229.52999877929688,33117400.0,0.0,1.0
2025-12-05,BA,201.88999938964844,201.88999938964844,6857200.0,0.0,1.0
2025-12-05,BAC,53.95000076293945,53.0985221862793,33986500.0,0.28,1.0
2025-12-05,CAT,603.1699829101562,599.5064086914062,2177300.0,0.0,1.0
2025-12-05,COST,894.6799926757812,890.7485961914062,2359800.0,0.0,1.0
2025-12-05,CVX,150.0,145.9251251220703,12659800.0,0.0,1.0
2025-12-05,DIS,105.3000030517578,103.79700469970705,10680100.0,0.0,1.0
2025-12-05,GOOGL,321.2699890136719,320.4366149902344,28851700.0,0.0,1.0
2025-12-05,GS,854.5599975585938,842.231201171875,2277500.0,0.0,1.0
2025-12-08,AAPL,277.8900146484375,277.1356506347656,38211800.0,0.0,1.0
2025-12-08,AMZN,226.88999938964844,226.88999938964844,35019200.0,0.0,1.0
2025-12-08,BA,206.27000427246097,206.27000427246097,8823900.0,0.0,1.0
2025-12-08,BAC,53.900001525878906,53.04930877685547,34386600.0,0.0,1.0
2025-12-08,CAT,596.5,592.876953125,1822500.0,0.0,1.0
2025-12-08,COST,887.52001953125,883.6201171875,2407900.0,0.0,1.0
2025-12-08,CVX,148.7100067138672,144.67018127441406,10237200.0,0.0,1.0
2025-12-08,DIS,107.62999725341795,106.09374237060548,13727700.0,0.0,1.0
2025-12-08,GOOGL,313.7200012207031,313.1109313964844,33909400.0,0.21,1.0
2025-12-08,GS,866.6900024414062,854.1862182617188,2238100.0,0.0,1.0
2025-12-09,AAPL,277.17999267578125,276.4275817871094,32193300.0,0.0,1.0
2025-12-09,AMZN,227.9199981689453,227.9199981689453,25841700.0,0.0,1.0
2025-12-09,BA,200.3699951171875,200.3699951171875,9101900.0,0.0,1.0
2025-12-09,BAC,53.540000915527344,52.69499206542969,47189300.0,0.0,1.0
2025-12-09,CAT,594.3599853515625,590.7499389648438,1755300.0,0.0,1.0
2025-12-09,COST,888.4400024414062,884.5360107421875,1899500.0,0.0,1.0
2025-12-09,CVX,148.49000549316406,144.45614624023438,8916700.0,0.0,1.0
2025-12-09,DIS,107.0199966430664,105.49244689941406,8549400.0,0.0,1.0
2025-12-09,GOOGL,317.0799865722656,316.4643859863281,30194000.0,0.0,1.0
2025-12-09,GS,876.5800170898438,863.9335327148438,2274800.0,0.0,1.0
2025-12-10,AAPL,278.7799987792969,278.02325439453125,33038300.0,0.0,1.0
2025-12-10,AMZN,231.77999877929688,231.77999877929688,38790700.0,0.0,1.0
2025-12-10,BA,198.72000122070312,198.72000122070312,15159600.0,0.0,1.0
2025-12-10,BAC,54.08000183105469,53.226470947265625,54424400.0,0.0,1.0
2025-12-10,CAT,615.3499755859375,611.6124267578125,2797900.0,0.0,1.0
2025-12-10,COST,874.4099731445312,870.567626953125,3318300.0,0.0,1.0
2025-12-10,CVX,151.41000366210938,147.2968292236328,10976300.0,0.0,1.0
2025-12-10,DIS,108.83000183105467,107.27661895751952,11237900.0,0.0,1.0
2025-12-10,GOOGL,320.2099914550781,319.58831787109375,33428900.0,0.0,1.0
2025-12-10,GS,889.239990234375,876.410888671875,2394300.0,0.0,1.0
2025-12-11,AAPL,278.0299987792969,277.2752685546875,33248000.0,0.0,1.0
2025-12-11,AMZN,230.27999877929688,230.27999877929688,28249600.0,0.0,1.0
2025-12-11,BA,200.7100067138672,200.7100067138672,7917800.0,0.0,1.0
2025-12-11,BAC,54.560001373291016,53.69889068603515,35686900.0,0.0,1.0
2025-12-11,CAT,625.6099853515625,621.8101196289062,2779500.0,0.0,1.0
2025-12-11,COST,884.47998046875,880.5934448242188,3041600.0,0.0,1.0
2025-12-11,CVX,150.72000122070312,146.6255645751953,8414200.0,0.0,1.0
2025-12-11,DIS,111.45999908447266,109.86907196044922,13281400.0,0.0,1.0
2025-12-11,GOOGL,312.42999267578125,311.8233947753906,42353700.0,0.0,1.0
2025-12-11,GS,911.030029296875,897.8865356445312,2683000.0,0.0,1.0
2025-12-12,AAPL,278.2799987792969,277.5246276855469,39532900.0,0.0,1.0
2025-12-12,AMZN,226.19000244140625,226.19000244140625,35639100.0,0.0,1.0
2025-12-12,BA,204.3800048828125,204.3800048828125,7069700.0,0.0,1.0
2025-12-12,BAC,55.13999938964844,54.26973342895508,40539400.0,0.0,1.0
2025-12-12,CAT,597.8900146484375,594.2584838867188,4581100.0,0.0,1.0
2025-12-12,COST,884.469970703125,880.5834350585938,4808900.0,0.0,1.0
2025-12-12,CVX,149.99000549316406,145.91539001464844,5848100.0,0.0,1.0
2025-12-12,DIS,111.5999984741211,110.007080078125,13059100.0,0.0,1.0
2025-12-12,GOOGL,309.2900085449219,308.68951416015625,35940200.0,0.0,1.0
2025-12-12,GS,887.9600219726562,875.1493530273438,2715200.0,0.0,1.0
2025-12-15,AAPL,274.1099853515625,273.3658752441406,50409100.0,0.0,1.0
2025-12-15,AMZN,222.5399932861328,222.5399932861328,47286100.0,0.0,1.0
2025-12-15,BA,205.5,205.5,6721600.0,0.0,1.0
2025-12-15,BAC,55.33000183105469,54.45674133300781,32881300.0,0.0,1.0
2025-12-15,CAT,589.760009765625,586.1779174804688,3968600.0,0.0,1.0
2025-12-15,COST,860.5599975585938,856.778564453125,4771400.0,0.0,1.0
2025-12-15,CVX,149.8000030517578,145.73056030273438,7503000.0,0.0,1.0
2025-12-15,DIS,110.48999786376952,109.64981079101562,14318000.0,0.75,1.0
2025-12-15,GOOGL,308.2200012207031,307.62158203125,29151900.0,0.0,1.0
2025-12-15,GS,889.5900268554688,876.7559204101562,1976600.0,0.0,1.0
2025-12-16,AAPL,274.6099853515625,273.8645324707031,37648600.0,0.0,1.0
2025-12-16,AMZN,222.55999755859375,222.55999755859375,39298900.0,0.0,1.0
2025-12-16,BA,206.7100067138672,206.7100067138672,6120200.0,0.0,1.0
2025-12-16,BAC,54.810001373291016,53.9449462890625,32931900.0,0.0,1.0
2025-12-16,CAT,588.9299926757812,585.3529663085938,2319400.0,0.0,1.0
2025-12-16,COST,860.3900146484375,856.6093139648438,3843300.0,0.0,1.0
2025-12-16,CVX,146.75,142.76339721679688,11290500.0,0.0,1.0
2025-12-16,DIS,111.62000274658205,110.77122497558594,15580200.0,0.0,1.0
2025-12-16,GOOGL,306.57000732421875,305.97479248046875,30585000.0,0.0,1.0
2025-12-16,GS,879.1500244140625,866.4664916992188,2161600.0,0.0,1.0
2025-12-17,AAPL,271.8399963378906,271.10205078125,50138700.0,0.0,1.0
2025-12-17,AMZN,221.27000427246097,221.27000427246097,44034400.0,0.0,1.0
2025-12-17,BA,206.3300018310547,206.3300018310547,7301100.0,0.0,1.0
2025-12-17,BAC,54.54999923706055,53.68904876708984,35304100.0,0.0,1.0
2025-12-17,CAT,561.8900146484375,558.4772338867188,3753300.0,0.0,1.0
2025-12-17,COST,862.6500244140625,858.859375,2363700.0,0.0,1.0
2025-12-17,CVX,149.52000427246094,145.4581756591797,8805300.0,0.0,1.0
2025-12-17,DIS,110.62999725341795,109.78874969482422,12142500.0,0.0,1.0
2025-12-17,GOOGL,296.7200012207031,296.1439208984375,43930400.0,0.0,1.0
2025-12-17,GS,872.3300170898438,859.7449340820312,2213300.0,0.0,1.0
2025-12-18,AAPL,272.19000244140625,271.4511413574219,51630700.0,0.0,1.0
2025-12-18,AMZN,226.7599945068359,226.7599945068359,50272400.0,0.0,1.0
2025-12-18,BA,208.27000427246097,208.27000427246097,5652100.0,0.0,1.0
2025-12-18,BAC,54.2599983215332,53.40362548828125,87452700.0,0.0,1.0
2025-12-18,CAT,565.8300170898438,562.3932495117188,2193000.0,0.0,1.0
2025-12-18,COST,857.5900268554688,853.8215942382812,2467500.0,0.0,1.0
2025-12-18,CVX,147.69000244140625,143.67788696289062,6998800.0,0.0,1.0
2025-12-18,DIS,111.87000274658205,111.01932525634766,12913900.0,0.0,1.0
2025-12-18,GOOGL,302.4599914550781,301.8727722167969,33518000.0,0.0,1.0
2025-12-18,GS,876.2999877929688,863.6575317382812,2066300.0,0.0,1.0
2025-12-19,AAPL,273.6700134277344,272.9271240234375,144632000.0,0.0,1.0
2025-12-19,AMZN,227.3500061035156,227.3500061035156,85544400.0,0.0,1.0
2025-12-19,BA,214.0800018310547,214.0800018310547,14793700.0,0.0,1.0
2025-12-19,BAC,55.27000045776367,54.39768600463867,73001900.0,0.0,1.0
2025-12-19,CAT,576.219970703125,572.7201538085938,5355600.0,0.0,1.0
2025-12-19,COST,855.6199951171875,851.8602294921875,10097600.0,0.0,1.0
2025-12-19,CVX,147.75,143.73623657226562,21701400.0,0.0,1.0
2025-12-19,DIS,111.23999786376952,110.39411163330078,21138400.0,0.0,1.0
2025-12-19,GOOGL,307.1600036621094,306.56365966796875,59943200.0,0.0,1.0
2025-12-19,GS,893.47998046875,880.5896606445312,4808300.0,0.0,1.0
2025-12-22,AAPL,270.9700012207031,270.23443603515625,36571800.0,0.0,1.0
2025-12-22,AMZN,228.42999267578125,228.42999267578125,32261300.0,0.0,1.0
2025-12-22,BA,216.83999633789065,216.83999633789065,5458900.0,0.0,1.0
2025-12-22,BAC,55.880001068115234,54.9980583190918,33408800.0,0.0,1.0
2025-12-22,CAT,582.4099731445312,578.8724975585938,2387700.0,0.0,1.0
2025-12-22,COST,850.0,846.2649536132812,2373300.0,0.0,1.0
2025-12-22,CVX,149.8000030517578,145.73056030273438,8143600.0,0.0,1.0
2025-12-22,DIS,112.37999725341795,111.5254364013672,8803300.0,0.0,1.0
2025-12-22,GOOGL,309.7799987792969,309.1785583496094,26429900.0,0.0,1.0
2025-12-22,GS,899.0,886.030029296875,1442300.0,0.0,1.0
2025-12-23,AAPL,272.3599853515625,271.62066650390625,29642000.0,0.0,1.0
2025-12-23,AMZN,232.13999938964844,232.13999938964844,29230200.0,0.0,1.0
2025-12-23,BA,216.8500061035156,216.8500061035156,4496300.0,0.0,1.0
2025-12-23,BAC,55.970001220703125,55.086639404296875,22274600.0,0.0,1.0
2025-12-23,CAT,582.4199829101562,578.8824462890625,1731000.0,0.0,1.0
2025-12-23,COST,854.7899780273438,851.0338745117188,1903300.0,0.0,1.0
2025-12-23,CVX,150.50999450683594,146.4212646484375,4663700.0,0.0,1.0
2025-12-23,DIS,113.22000122070312,112.35905456542967,7634500.0,0.0,1.0
2025-12-23,GOOGL,314.3500061035156,313.73968505859375,25478700.0,0.0,1.0
2025-12-23,GS,901.7100219726562,888.7010498046875,1210200.0,0.0,1.0
2025-12-24,AAPL,273.80999755859375,273.06671142578125,17910600.0,0.0,1.0
2025-12-24,AMZN,232.3800048828125,232.3800048828125,11420500.0,0.0,1.0
2025-12-24,BA,218.16000366210935,218.16000366210935,2943500.0,0.0,1.0
2025-12-24,BAC,56.25,55.36221694946289,13634400.0,0.0,1.0
2025-12-24,CAT,583.760009765625,580.21435546875,947000.0,0.0,1.0
2025-12-24,COST,871.8599853515625,868.0289306640625,1822200.0,0.0,1.0
2025-12-24,CVX,150.5,146.41156005859375,2227600.0,0.0,1.0
2025-12-24,DIS,114.4800033569336,113.6094741821289,4606700.0,0.0,1.0
2025-12-24,GOOGL,314.0899963378906,313.4801940917969,10097400.0,0.0,1.0
2025-12-24,GS,910.780029296875,897.64013671875,771800.0,0.0,1.0
2025-12-26,AAPL,273.3999938964844,272.6578063964844,21521800.0,0.0,1.0
2025-12-26,AMZN,232.52000427246097,232.52000427246097,15994700.0,0.0,1.0
2025-12-26,BA,216.44000244140625,216.44000244140625,2801500.0,0.0,1.0
2025-12-26,BAC,56.16999816894531,55.28348159790039,15259400.0,0.0,1.0
2025-12-26,CAT,583.0,579.458984375,954400.0,0.0,1.0
2025-12-26,COST,873.3499755859375,869.5123291015625,1324100.0,0.0,1.0
2025-12-26,CVX,150.02000427246094,145.944580078125,3706900.0,0.0,1.0
2025-12-26,DIS,113.55999755859376,112.69646453857422,5428900.0,0.0,1.0
2025-12-26,GOOGL,313.510009765625,312.9013366699219,10899000.0,0.0,1.0
2025-12-26,GS,907.0399780273438,893.9540405273438,995300.0,0.0,1.0
2025-12-29,AAPL,273.760009765625,273.0168762207031,23715200.0,0.0,1.0
2025-12-29,AMZN,232.07000732421875,232.07000732421875,19797900.0,0.0,1.0
2025-12-29,BA,217.25,217.25,5292000.0,0.0,1.0
2025-12-29,BAC,55.349998474121094,54.47642135620117,21040100.0,0.0,1.0
2025-12-29,CAT,578.6099853515625,575.0955810546875,2585700.0,0.0,1.0
2025-12-29,COST,867.8400268554688,864.0265502929688,1792500.0,0.0,1.0
2025-12-29,CVX,150.99000549316406,146.8882293701172,5589100.0,0.0,1.0
2025-12-29,DIS,114.19000244140624,113.3216781616211,7966000.0,0.0,1.0
2025-12-29,GOOGL,313.55999755859375,312.95123291015625,19621800.0,0.0,1.0
2025-12-29,GS,892.1799926757812,879.3085327148438,1578000.0,0.0,1.0
2025-12-30,AAPL,273.0799865722656,272.33868408203125,22139600.0,0.0,1.0
2025-12-30,AMZN,232.52999877929688,232.52999877929688,21910500.0,0.0,1.0
2025-12-30,BA,218.5,218.5,5653500.0,0.0,1.0
2025-12-30,BAC,55.279998779296875,54.407527923583984,17427600.0,0.0,1.0
2025-12-30,CAT,577.3900146484375,573.8829956054688,1216700.0,0.0,1.0
2025-12-30,COST,865.6500244140625,861.84619140625,1680800.0,0.0,1.0
2025-12-30,CVX,152.30999755859375,148.17236328125,5150500.0,0.0,1.0
2025-12-30,DIS,114.79000091552734,113.9171142578125,6883900.0,0.0,1.0
2025-12-30,GOOGL,313.8500061035156,313.24066162109375,17380900.0,0.0,1.0
2025-12-30,GS,884.4199829101562,871.660400390625,1833300.0,0.0,1.0
2025-12-31,AAPL,271.8599853515625,271.12200927734375,27293600.0,0.0,1.0
2025-12-31,AMZN,230.82000732421875,230.82000732421875,24383700.0,0.0,1.0
2025-12-31,BA,217.1199951171875,217.1199951171875,5563000.0,0.0,1.0
2025-12-31,BAC,55.0,54.1319465637207,16293000.0,0.0,1.0
2025-12-31,CAT,572.8699951171875,569.3905029296875,1163900.0,0.0,1.0
2025-12-31,COST,862.3400268554688,858.55078125,1490000.0,0.0,1.0
2025-12-31,CVX,152.41000366210938,148.2696533203125,4953100.0,0.0,1.0
2025-12-31,DIS,113.7699966430664,112.90486907958984,6608000.0,0.0,1.0
2025-12-31,GOOGL,313.0,312.3923034667969,16377700.0,0.0,1.0
2025-12-31,GS,879.0,866.318603515625,1221500.0,0.0,1.0
